kepid,label,has_confirmed_planet,confirmed_planet_count,detectable_planet_count,confirmed_planet_names,split,signal_count,periods_days,epochs_bkjd,durations_hours,quarters
757450,CONFIRMED,1,1,1,Kepler-75 b,train,1,8.884922995,169.991686,2.07004,4;5;6
1026957,CONFIRMED,1,1,1,Kepler-1731 b,train,1,21.76129812,166.540438,1.243,4;5;6
1161345,CONFIRMED,1,1,1,Kepler-1973 b,train,1,4.28746668,262.06245,1.5693,4;5;6
1432789,CONFIRMED,1,1,1,Kepler-745 b,train,1,9.93146307,136.49128,5.678,4;5;6
1718189,CONFIRMED,1,2,2,Kepler-262 b;Kepler-262 c,train,2,13.0607936;21.85362905,137.63148;144.32031,3.215;3.439,4;5;6
1718958,CONFIRMED,1,1,1,Kepler-1934 b,train,1,1.41975831,132.92,1.429,4;5;6
1725016,CONFIRMED,1,1,1,Kepler-748 b,train,1,7.40742502,355.49652,3.675,4;5;6
1872821,CONFIRMED,1,1,1,Kepler-1828 b,train,1,10.27380957,134.65748,3.252,4;5;6
1873513,CONFIRMED,1,1,1,Kepler-1624 b,train,1,3.290304098,131.90944,1.7215,4;5;6
1995519,CONFIRMED,1,1,1,Kepler-1299 b,train,1,19.9401211,142.34849,4.283,4;5;6
1996180,CONFIRMED,1,1,1,Kepler-1271 b,train,1,3.02558494,134.36744,3.0008,4;5;6
2142522,CONFIRMED,1,1,1,Kepler-1224 b,train,1,13.32354078,134.03671,3.873,4;5;6
2161536,CONFIRMED,1,1,1,Kepler-1798 b,train,1,16.85592593,138.26808,2.309,4;5;6
2165002,CONFIRMED,1,2,1,Kepler-263 b;Kepler-263 c,train,1,16.56806842,146.15285,4.2647,4;5;6
2302548,CONFIRMED,1,2,2,Kepler-261 b;Kepler-261 c,train,2,10.38122447;24.5709023,268.02421;135.87209,2.715;3.587,4;5;6
2304320,CONFIRMED,1,1,1,Kepler-1064 b,train,1,16.54081386,133.95274,2.5996,4;5;6
2307415,CONFIRMED,1,2,2,Kepler-356 b;Kepler-356 c,train,2,4.6126736;13.12162167,132.7757;133.39526,3.0643;3.6138,4;5;6
2438264,CONFIRMED,1,2,2,Kepler-156 b;Kepler-156 c,train,2,4.973455252;15.90688891,170.885791;177.9305,1.6519;3.9879,4;5;6
2438513,CONFIRMED,1,1,1,Kepler-1777 b,train,1,12.18420006,139.05644,2.5014,4;5;6
2439243,CONFIRMED,1,1,1,Kepler-1172 b,train,1,26.0203329,154.5286,4.965,4;5;6
2441495,CONFIRMED,1,1,1,Kepler-479 b,train,1,12.49340725,138.462232,2.2614,4;5;6
2444412,CONFIRMED,1,1,1,Kepler-1710 b,train,1,14.91095177,141.336726,3.325,4;5;6
2556650,CONFIRMED,1,1,1,Kepler-1124 b,train,1,2.852348262,132.044534,0.7051,4;5;6
2557816,CONFIRMED,1,1,1,Kepler-575 b,train,1,9.3789167,176.45197,3.3427,4;5;6
2571238,CONFIRMED,1,1,1,Kepler-19 b,train,1,9.286964466,135.9945,3.3649,4;5;6
2574338,CONFIRMED,1,1,1,Kepler-1733 b,train,1,9.22961384,138.43961,2.235,4;5;6
2581316,CONFIRMED,1,2,1,Kepler-1514 c;Kepler-1514 b,train,1,10.51421162,134.56738,3.877,4;5;6
2584163,CONFIRMED,1,1,1,Kepler-754 b,train,1,14.5598556,135.95038,5.624,4;5;6
2693736,CONFIRMED,1,1,1,Kepler-1034 b,train,1,12.12401737,134.955,3.3091,4;5;6
2713049,CONFIRMED,1,1,1,Kepler-683 b,train,1,2.539183147,169.67494,2.4282,4;5;6
2716853,CONFIRMED,1,1,1,Kepler-752 b,train,1,18.82744023,196.19088,4.664,4;5;6
2717158,CONFIRMED,1,1,1,Kepler-1922 b,train,1,13.2226149,144.295,4.337,4;5;6
2718778,CONFIRMED,1,1,1,Kepler-1844 b,train,1,3.92453009,132.40179,3.691,4;5;6
2721030,CONFIRMED,1,1,1,Kepler-766 b,train,1,6.10027621,135.58656,4.7476,4;5;6
2831055,CONFIRMED,1,1,1,Kepler-1601 b,train,1,2.20923119,131.90288,2.392,4;5;6
2832589,CONFIRMED,1,1,1,Kepler-1978 b,train,1,10.84969477,136.74432,3.474,4;5;6
2837111,CONFIRMED,1,1,1,Kepler-771 b,train,1,8.7348852,135.0818,4.49,4;5;6
2849805,CONFIRMED,1,1,1,Kepler-773 b,train,1,3.749105745,135.10837,1.9826,4;5;6
2854698,CONFIRMED,1,2,1,Kepler-260 b;Kepler-260 c,train,1,8.18739443,260.86931,3.0472,4;5;6
2989404,CONFIRMED,1,2,2,Kepler-323 b;Kepler-323 c,train,2,1.6783263;3.553831111,136.05259;134.64066,2.5123;3.1029,4;5;6
2990873,CONFIRMED,1,1,1,Kepler-1194 b,train,1,16.22378479,136.02454,2.5462,4;5;6
3102384,CONFIRMED,1,1,1,Kepler-454 b,train,1,10.573751447,175.067739,1.7259,4;5;6
3114167,CONFIRMED,1,1,1,Kepler-684 b,train,1,6.770300385,170.57662,2.0844,4;5;6
3114811,CONFIRMED,1,1,1,Kepler-774 b,train,1,11.08956602,141.76142,6.2877,4;5;6
3116412,CONFIRMED,1,1,1,Kepler-772 b,train,1,12.99204853,136.32016,6.0175,4;5;6
3122913,CONFIRMED,1,1,1,Kepler-1845 b,train,1,11.60653061,134.41637,2.194,4;5;6
3217264,CONFIRMED,1,3,1,Kepler-149 b;Kepler-149 c;Kepler-149 d,train,1,29.19899219,185.440631,5.1227,4;5;6
3218908,CONFIRMED,1,3,3,Kepler-770 c;Kepler-770 d;Kepler-770 b,train,3,1.475323222;4.15246118;18.92537246,131.83272;134.57991;149.49558,2.3155;2.5755;3.9835,4;5;6
3219995,CONFIRMED,1,1,1,Kepler-1187 b,train,1,18.87058705,143.95639,3.4701,4;5;6
3229150,CONFIRMED,1,1,1,Kepler-1979 b,train,1,18.5084526,131.54555,6.596,4;5;6
3231341,CONFIRMED,1,4,4,Kepler-24 d;Kepler-24 b;Kepler-24 c;Kepler-24 e,train,4,4.24439049;8.14515981;12.33343853;18.9985279,137.06643;140.56811;137.58782;144.74157,3.282;5.073;6.221;4.529,4;5;6
3234598,CONFIRMED,1,2,1,Kepler-383 b;Kepler-383 c,train,1,12.90467523,144.32009,3.28,4;5;6
3234843,CONFIRMED,1,2,2,Kepler-405 b;Kepler-405 c,train,2,10.61368712;29.72722,140.85316;134.6581,3.498;3.45,4;5;6
3240158,CONFIRMED,1,2,2,Kepler-769 b;Kepler-769 c,train,2,7.42608123;15.9868932,139.90039;137.5964,3.6379;4.158,4;5;6
3244792,CONFIRMED,1,1,1,Kepler-1592 b,train,1,3.0570982,134.50122,3.571,4;5;6
3245969,CONFIRMED,1,1,1,Kepler-768 b,train,1,11.39102358,137.70864,2.303,4;5;6
3247268,CONFIRMED,1,2,1,Kepler-418 c;Kepler-418 b,train,1,12.21828097,140.321095,2.6969,4;5;6
3323887,CONFIRMED,1,1,1,Kepler-9 b,train,1,19.270825843,182.5436,4.1281,4;5;6
3326377,CONFIRMED,1,2,1,Kepler-967 b;Kepler-967 c,train,1,13.22714056,142.20251,3.2861,4;5;6
3328080,CONFIRMED,1,1,1,Kepler-1898 b,train,1,4.76559056,133.50531,2.2,4;5;6
3338885,CONFIRMED,1,2,2,Kepler-975 b;Kepler-975 c,train,2,1.970340203;5.05821338,131.948389;135.702454,1.7901;1.132,4;5;6
3342794,CONFIRMED,1,2,2,Kepler-376 b;Kepler-376 c,train,2,4.92031063;14.17222858,135.40577;142.60134,4.046;2.6297,4;5;6
3342970,CONFIRMED,1,2,2,Kepler-234 b;Kepler-234 c,train,2,2.711504086;7.21203748,170.03417;172.81782,3.0099;4.0491,4;5;6
3346154,CONFIRMED,1,1,1,Kepler-1871 b,train,1,1.952711161,133.160986,0.872,4;5;6
3348082,CONFIRMED,1,2,1,Kepler-274 b;Kepler-274 c,train,1,11.63486009,140.50071,5.466,4;5;6
3353050,CONFIRMED,1,1,1,Kepler-541 b,train,1,5.0800579,174.42853,5.207,4;5;6
3354846,CONFIRMED,1,1,1,Kepler-1241 b,train,1,18.5525162,135.51322,4.385,4;5;6
3426367,CONFIRMED,1,1,1,Kepler-1308 b,train,1,2.10433534,133.31612,1.1168,4;5;6
3433668,CONFIRMED,1,1,1,Kepler-1493 b,train,1,15.0219784,143.6989,5.068,4;5;6
3438507,CONFIRMED,1,1,1,Kepler-788 b,train,1,8.39842977,136.31152,6.344,4;5;6
3440118,CONFIRMED,1,1,1,Kepler-1928 b,train,1,19.57783279,131.71421,1.9857,4;5;6
3442055,CONFIRMED,1,1,1,Kepler-795 b,train,1,29.6193891,133.68205,4.9595,4;5;6
3444588,CONFIRMED,1,1,1,Kepler-787 b,train,1,0.928310036,133.80358,1.1899,4;5;6
3446746,CONFIRMED,1,1,1,Kepler-542 b,train,1,13.14496741,174.8467,3.6399,4;5;6
3447722,CONFIRMED,1,3,2,Kepler-275 b;Kepler-275 c;Kepler-275 d,train,2,10.30067919;16.08832318,142.74251;139.49184,4.885;5.731,4;5;6
3458028,CONFIRMED,1,1,1,Kepler-1171 b,train,1,1.442592305,134.07188,2.9698,4;5;6
3531558,CONFIRMED,1,1,1,Kepler-467 b,train,1,24.99324319,138.68167,5.9409,4;5;6
3541946,CONFIRMED,1,3,2,Kepler-198 d;Kepler-198 b;Kepler-198 c,train,2,1.311842968;17.79001678,133.11058;182.43745,1.7876;4.4116,4;5;6
3544595,CONFIRMED,1,1,1,Kepler-93 b,train,1,4.72674037,134.926396,2.9267,4;5;6
3545135,CONFIRMED,1,1,1,Kepler-1689 b,train,1,8.48299282,132.96583,2.505,4;5;6
3554031,CONFIRMED,1,2,2,Kepler-415 b;Kepler-415 c,train,2,4.17634276;8.70798309,352.99674;363.05638,2.335;2.4904,4;5;6
3559935,CONFIRMED,1,1,1,Kepler-576 b,train,1,29.9111886,194.71129,6.6436,4;5;6
3632089,CONFIRMED,1,2,1,Kepler-1464 c;Kepler-1464 b,train,1,5.32784157,133.55005,4.696,4;5;6
3632418,CONFIRMED,1,1,1,Kepler-21 b,train,1,2.785821236,260.83731,3.5599,4;5;6
3641726,CONFIRMED,1,1,1,Kepler-1727 b,train,1,9.02930689,177.20422,3.1449,4;5;6
3642289,CONFIRMED,1,2,2,Kepler-135 b;Kepler-135 c,train,2,6.002548291;11.44865823,171.71419;141.38705,4.1628;4.953,4;5;6
3645438,CONFIRMED,1,2,1,Kepler-1600 c;Kepler-1600 b,train,1,7.298142,137.85674,3.024,4;5;6
3657758,CONFIRMED,1,2,2,Kepler-1065 c;Kepler-1065 b,train,2,2.3702932;3.609313059,133.6801;133.79024,1.666;1.7752,4;5;6
3661886,CONFIRMED,1,2,2,Kepler-377 b;Kepler-377 c,train,2,12.50945798;27.0142622,136.99217;132.52245,3.479;5.385,4;5;6
3662838,CONFIRMED,1,1,1,Kepler-516 b,train,1,24.85466504,173.99971,9.182,4;5;6
3732821,CONFIRMED,1,1,1,Kepler-790 b,train,1,13.73474071,142.32752,2.769,4;5;6
3733628,CONFIRMED,1,1,1,Kepler-543 b,train,1,13.89963233,182.864454,3.5791,4;5;6
3734418,CONFIRMED,1,1,1,Kepler-1164 b,train,1,3.97599629,133.62238,2.2029,4;5;6
3745690,CONFIRMED,1,3,3,Kepler-157 b;Kepler-157 d;Kepler-157 c,train,3,1.732346403;7.0257409;13.54057461,134.53123;133.62713;171.67762,2.2139;2.245;4.4673,4;5;6
3749978,CONFIRMED,1,1,1,Kepler-1183 b,train,1,28.5057217,132.92075,6.324,4;5;6
3762468,CONFIRMED,1,1,1,Kepler-493 b,train,1,3.003879547,134.709874,3.2848,4;5;6
3833007,CONFIRMED,1,1,1,Kepler-555 b,train,1,16.21774917,180.0425,4.9274,4;5;6
3839488,CONFIRMED,1,1,1,Kepler-794 b,train,1,11.13127159,134.36341,4.2372,4;5;6
3847138,CONFIRMED,1,1,1,Kepler-556 b,train,1,11.72291212,177.3196,4.2064,4;5;6
3847907,CONFIRMED,1,1,1,Kepler-497 b,train,1,3.573202801,134.934397,2.88,4;5;6
3848275,CONFIRMED,1,1,1,Kepler-1403 b,train,1,5.19492747,131.62458,3.167,4;5;6
3852655,CONFIRMED,1,1,1,Kepler-1406 b,train,1,11.62904159,132.82099,2.97,4;5;6
3859628,CONFIRMED,1,1,1,Kepler-1740 b,train,1,8.17242644,361.20157,3.902,4;5;6
3861595,CONFIRMED,1,1,1,Kepler-1658 b,train,1,3.849371737,157.526686,2.632,4;5;6
3937519,CONFIRMED,1,2,2,Kepler-495 b;Kepler-495 c,train,2,3.413036353;5.89661966,132.443054;134.03046,2.61366;3.154,4;5;6
3939150,CONFIRMED,1,2,1,Kepler-277 b;Kepler-277 c,train,1,17.32419108,142.09977,8.045,4;5;6
3940418,CONFIRMED,1,1,1,Kepler-1728 b,train,1,4.783002698,170.508434,2.335,4;5;6
3942670,CONFIRMED,1,2,1,Kepler-147 b;Kepler-147 c,train,1,12.6119685,138.1189,6.372,4;5;6
3955817,CONFIRMED,1,1,1,Kepler-1553 b,train,1,4.24263096,135.0304,2.582,4;5;6
3962243,CONFIRMED,1,3,1,Kepler-276 b;Kepler-276 c;Kepler-276 d,train,1,14.12847677,142.8971,3.685,4;5;6
3962357,CONFIRMED,1,1,1,Kepler-791 b,train,1,14.55387488,134.11669,6.973,4;5;6
3964109,CONFIRMED,1,1,1,Kepler-544 b,train,1,21.41624083,176.24991,7.081,4;5;6
3967326,CONFIRMED,1,1,1,Kepler-1792 b,train,1,4.19577385,135.17605,2.1557,4;5;6
3967760,CONFIRMED,1,2,2,Kepler-317 b;Kepler-317 c,train,2,5.52418625;8.77514782,135.62306;133.70319,2.826;3.176,4;5;6
4035640,CONFIRMED,1,1,1,Kepler-995 b,train,1,28.26727385,140.92561,4.5839,4;5;6
4049131,CONFIRMED,1,1,1,Kepler-687 b,train,1,20.50588921,181.43428,4.0595,4;5;6
4061149,CONFIRMED,1,1,1,Kepler-1741 b,train,1,2.757584622,133.05017,0.9267,4;5;6
4067925,CONFIRMED,1,1,1,Kepler-1897 b,train,1,24.2204192,146.42459,3.271,4;5;6
4076098,CONFIRMED,1,1,1,Kepler-817 b,train,1,3.990105908,355.840837,2.4108,4;5;6
4077526,CONFIRMED,1,4,3,Kepler-58 e;Kepler-58 b;Kepler-58 c;Kepler-58 d,train,3,4.45814897;10.21864532;15.573637,134.39743;136.8622;132.44282,2.867;3.802;5.326,4;5;6
4078311,CONFIRMED,1,1,1,Kepler-1944 b,train,1,9.84262076,134.02155,1.6018,4;5;6
4135665,CONFIRMED,1,1,1,Kepler-823 b,train,1,4.16811839,134.89621,2.8084,4;5;6
4136466,CONFIRMED,1,1,1,Kepler-826 b,train,1,4.48758768,133.36092,2.874,4;5;6
4138951,CONFIRMED,1,1,1,Kepler-1373 b,train,1,1.291233083,131.99105,1.855,4;5;6
4139816,CONFIRMED,1,4,3,Kepler-235 b;Kepler-235 c;Kepler-235 d;Kepler-235 e,train,3,3.340218842;7.82502168;20.06036336,171.979062;136.54995;147.46554,1.9104;2.186;3.3203,4;5;6
4140813,CONFIRMED,1,1,1,Kepler-1795 b,train,1,13.36019864,131.81481,2.788,4;5;6
4141376,CONFIRMED,1,1,1,Kepler-1655 b,train,1,11.87290814,180.895933,2.5342,4;5;6
4149450,CONFIRMED,1,1,1,Kepler-1772 b,train,1,3.215109385,133.77747,4.365,4;5;6
4157325,CONFIRMED,1,3,3,Kepler-416 d;Kepler-416 b;Kepler-416 c,train,3,3.07644709;6.31943553;12.20951755,353.7643;132.22892;360.3204,2.6326;3.3422;4.1808,4;5;6
4164922,CONFIRMED,1,1,1,Kepler-1698 b,train,1,1.210693626,132.39306,1.434,4;5;6
4164994,CONFIRMED,1,1,1,Kepler-816 b,train,1,10.50682978,360.082152,3.7769,4;5;6
4173026,CONFIRMED,1,2,1,Kepler-1801 b;Kepler-1801 c,train,1,10.44087398,137.97113,3.743,4;5;6
4175630,CONFIRMED,1,1,1,Kepler-1405 b,train,1,28.227413,141.49504,5.782,4;5;6
4180280,CONFIRMED,1,1,1,Kepler-472 b,train,1,4.176254191,133.090415,3.6716,4;5;6
4242692,CONFIRMED,1,1,1,Kepler-1531 b,train,1,1.138548215,132.46205,2.1482,4;5;6
4243911,CONFIRMED,1,1,1,Kepler-821 b,train,1,1.922799706,134.50174,1.8604,4;5;6
4248120,CONFIRMED,1,1,1,Kepler-1808 b,train,1,23.34036251,136.20727,2.054,4;5;6
4270253,CONFIRMED,1,2,2,Kepler-183 b;Kepler-183 c,train,2,5.68798675;11.6370303,133.95607;178.84448,2.2682;3.3372,4;5;6
4271474,CONFIRMED,1,1,1,Kepler-1469 b,train,1,21.8634638,145.2419,3.542,4;5;6
4275191,CONFIRMED,1,1,1,Kepler-688 b,train,1,3.895936525,170.527552,2.3111,4;5;6
4275721,CONFIRMED,1,2,2,Kepler-825 b;Kepler-825 c,train,2,3.77359871;8.18182189,134.07013;134.81423,2.7282;2.4566,4;5;6
4278221,CONFIRMED,1,1,1,Kepler-908 b,train,1,1.340596782,132.24549,1.6484,4;5;6
4282872,CONFIRMED,1,1,1,Kepler-818 b,train,1,10.035381809,137.471481,3.4062,4;5;6
4346178,CONFIRMED,1,1,1,Kepler-1304 b,train,1,16.1289679,143.75518,6.271,4;5;6
4365645,CONFIRMED,1,1,1,Kepler-1671 b,train,1,4.16787814,135.28334,2.2136,4;5;6
4381429,CONFIRMED,1,1,1,Kepler-1608 b,train,1,16.473474,142.68604,4.201,4;5;6
4454752,CONFIRMED,1,1,1,Kepler-578 b,train,1,1.616883373,169.80396,1.6325,4;5;6
4455231,CONFIRMED,1,3,2,Kepler-288 b;Kepler-288 c;Kepler-288 d,train,2,6.09747233;19.30581662,354.05919;373.18998,3.431;4.2902,4;5;6
4466677,CONFIRMED,1,1,1,Kepler-822 b,train,1,3.222975318,178.0701,2.9247,4;5;6
4476123,CONFIRMED,1,1,1,Kepler-689 b,train,1,22.36646466,175.45862,5.228,4;5;6
4478168,CONFIRMED,1,1,1,Kepler-624 b,train,1,14.58649856,172.22185,4.0249,4;5;6
4483138,CONFIRMED,1,1,1,Kepler-1384 b,train,1,15.3626052,145.5732,3.736,4;5;6
4484336,CONFIRMED,1,1,1,Kepler-1857 b,train,1,8.94337724,137.30234,2.469,4;5;6
4545187,CONFIRMED,1,2,1,Kepler-121 b;Kepler-121 c,train,1,3.177414601,134.478892,1.5262,4;5;6
4548011,CONFIRMED,1,1,1,Kepler-1581 b,train,1,6.28384079,133.20513,4.291,4;5;6
4548098,CONFIRMED,1,1,1,Kepler-1982 b,train,1,3.82315697,133.06936,2.388,4;5;6
4563268,CONFIRMED,1,2,2,Kepler-625 c;Kepler-625 b,train,2,4.16536757;7.75192755,132.04068;176.17197,3.2935;3.5413,4;5;6
4570949,CONFIRMED,1,1,1,Kepler-76 b,train,1,1.544928892,133.5487914,1.43586,4;5;6
4633570,CONFIRMED,1,2,2,Kepler-158 b;Kepler-158 c,train,2,16.70920628;28.55158187,174.75417;185.47672,2.7052;4.1502,4;5;6
4636578,CONFIRMED,1,3,3,Kepler-350 b;Kepler-350 c;Kepler-350 d,train,3,11.1895709;17.84850835;26.1363443,140.63504;148.39117;131.61796,5.3;5.8919;6.613,4;5;6
4644604,CONFIRMED,1,1,1,Kepler-626 b,train,1,14.48584765,175.00624,3.1365,4;5;6
4644952,CONFIRMED,1,3,2,Kepler-319 b;Kepler-319 c;Kepler-319 d,train,2,4.36273233;6.94135824,135.23342;137.5437,2.2375;1.8899,4;5;6
4645174,CONFIRMED,1,1,1,Kepler-1500 b,train,1,15.0330623,131.89493,6.326,4;5;6
4650674,CONFIRMED,1,1,1,Kepler-824 b,train,1,4.51436096,134.0293,3.0083,4;5;6
4650733,CONFIRMED,1,1,1,Kepler-1762 b,train,1,29.5390897,143.91607,4.139,4;5;6
4673628,CONFIRMED,1,1,1,Kepler-1935 b,train,1,3.951383138,132.06462,1.0582,4;5;6
4735826,CONFIRMED,1,1,1,Kepler-1972 b,train,1,7.545922037,134.4902954,4.0329,4;5;6
4736569,CONFIRMED,1,1,1,Kepler-1042 b,train,1,10.13200555,132.91155,3.1683,4;5;6
4736644,CONFIRMED,1,1,1,Kepler-1470 b,train,1,16.2951259,144.80425,3.678,4;5;6
4742414,CONFIRMED,1,1,1,Kepler-628 b,train,1,15.458056682,173.782454,8.79536,4;5;6
4757437,CONFIRMED,1,2,2,Kepler-168 b;Kepler-168 c,train,2,4.42535097;13.19322809,134.56312;175.6096,3.504;5.0036,4;5;6
4770617,CONFIRMED,1,2,2,Kepler-1154 b;Kepler-1154 c,train,2,5.18560081;8.45805119,132.32455;137.06123,4.054;2.998,4;5;6
4814502,CONFIRMED,1,1,1,Kepler-1933 b,train,1,4.94330596,135.57568,2.9334,4;5;6
4827723,CONFIRMED,1,1,1,Kepler-629 b,train,1,7.23858162,171.21912,3.1199,4;5;6
4831728,CONFIRMED,1,1,1,Kepler-1330 b,train,1,10.10773789,135.1032,3.828,4;5;6
4832837,CONFIRMED,1,1,1,Kepler-621 b,train,1,2.628117322,169.718913,1.8289,4;5;6
4833421,CONFIRMED,1,5,3,Kepler-122 b;Kepler-122 c;Kepler-122 d;Kepler-122 e;Kepler-122 f,train,3,5.766165573;12.466004437;21.58752788,134.01725;134.003258;142.96728,3.8314;5.0066;4.4968,4;5;6
4847534,CONFIRMED,1,1,1,Kepler-579 b,train,1,9.66857386,174.53483,2.4656,4;5;6
4850961,CONFIRMED,1,1,1,Kepler-1551 b,train,1,24.4972683,133.92177,5.43,4;5;6
4852528,CONFIRMED,1,5,5,Kepler-80 f;Kepler-80 d;Kepler-80 e;Kepler-80 b;Kepler-80 c,train,5,0.986785834;3.072146607;4.645382149;7.053527145;9.521644639,133.171292;134.030017;134.58939;176.474146;177.484839,1.1879;1.8732;2.0271;2.3982;2.3569,4;5;6
4857058,CONFIRMED,1,1,1,Kepler-1983 b,train,1,7.32851947,132.12857,1.211,4;5;6
4857213,CONFIRMED,1,1,1,Kepler-1680 b,train,1,8.77425786,132.33386,2.2245,4;5;6
4913852,CONFIRMED,1,1,1,Kepler-691 b,train,1,8.11437482,176.33968,2.2736,4;5;6
4914423,CONFIRMED,1,2,1,Kepler-103 b;Kepler-103 c,train,1,15.96532718,142.178033,4.5837,4;5;6
4914566,CONFIRMED,1,1,1,Kepler-1300 b,train,1,22.2420032,144.72364,7.532,4;5;6
4915638,CONFIRMED,1,1,1,Kepler-1291 b,train,1,8.63050092,139.57438,3.144,4;5;6
4917596,CONFIRMED,1,1,1,Kepler-1032 b,train,1,3.290114076,133.15709,1.5151,4;5;6
4932442,CONFIRMED,1,1,1,Kepler-923 b,train,1,6.93365167,137.07375,4.608,4;5;6
4947556,CONFIRMED,1,1,1,Kepler-1930 b,train,1,13.0267964,139.14777,0.785,4;5;6
4989057,CONFIRMED,1,1,1,Kepler-1017 b,train,1,7.23400381,137.67742,2.165,4;5;6
4991208,CONFIRMED,1,1,1,Kepler-1393 b,train,1,2.44358543,132.80194,1.852,4;5;6
5003670,CONFIRMED,1,1,1,Kepler-1962 b,train,1,7.99144696,136.25855,3.639,4;5;6
5007345,CONFIRMED,1,1,1,Kepler-1225 b,train,1,7.01074295,138.4027,2.1787,4;5;6
5022828,CONFIRMED,1,1,1,Kepler-1115 b,train,1,23.5541012,144.21486,7.3,4;5;6
5031857,CONFIRMED,1,1,1,Kepler-1755 b,train,1,24.81097206,156.506971,3.2245,4;5;6
5036705,CONFIRMED,1,1,1,Kepler-1238 b,train,1,4.14789051,135.53291,3.829,4;5;6
5042210,CONFIRMED,1,1,1,Kepler-1838 b,train,1,12.14684625,131.55623,6.197,4;5;6
5080636,CONFIRMED,1,1,1,Kepler-974 b,train,1,4.194496867,134.13511,1.7807,4;5;6
5084942,CONFIRMED,1,1,1,Kepler-475 b,train,1,3.105507835,133.210427,1.7458,4;5;6
5088400,CONFIRMED,1,1,1,Kepler-1556 b,train,1,8.82715783,139.73416,2.019,4;5;6
5088536,CONFIRMED,1,3,2,Kepler-130 b;Kepler-130 c;Kepler-130 d,train,2,8.45744892;27.50871575,139.06689;182.103494,3.2893;5.9291,4;5;6
5088591,CONFIRMED,1,1,1,Kepler-955 b,train,1,14.5324483,140.72407,3.13,4;5;6
5094751,CONFIRMED,1,2,2,Kepler-109 b;Kepler-109 c,train,2,6.481633073;21.22261195,122.977657;137.57403,3.784;6.5093,4;5;6
5095082,CONFIRMED,1,1,1,Kepler-1951 b,train,1,20.6579443,145.6348,8.798,4;5;6
5106313,CONFIRMED,1,1,1,Kepler-1694 b,train,1,3.89524296,131.85929,1.689,4;5;6
5120087,CONFIRMED,1,1,1,Kepler-631 b,train,1,17.97979816,182.24179,5.5828,4;5;6
5164255,CONFIRMED,1,1,1,Kepler-693 b,train,1,15.37562369,173.61402,3.3169,4;5;6
5174858,CONFIRMED,1,1,1,Kepler-1852 b,train,1,7.9709719,134.0507,1.2893,4;5;6
5175024,CONFIRMED,1,1,1,Kepler-1279 b,train,1,23.4772553,145.3641,6.735,4;5;6
5175986,CONFIRMED,1,1,1,Kepler-1320 b,train,1,0.868386354,132.06741,1.066,4;5;6
5185897,CONFIRMED,1,3,3,Kepler-398 b;Kepler-398 d;Kepler-398 c,train,3,4.081411554;6.83440674;11.41941928,133.85992;136.86023;142.11859,2.3239;2.2726;3.3075,4;5;6
5195172,CONFIRMED,1,1,1,Kepler-1763 b,train,1,1.480283464,134.37254,2.486,4;5;6
5209845,CONFIRMED,1,1,1,Kepler-1378 b,train,1,11.95401876,140.26226,2.656,4;5;6
5213404,CONFIRMED,1,1,1,Kepler-1508 b,train,1,20.7057153,139.9803,9.678,4;5;6
5219234,CONFIRMED,1,4,4,Kepler-305 e;Kepler-305 b;Kepler-305 c;Kepler-305 d,train,4,3.20539622;5.48711441;8.29084167;16.73869035,354.63069;356.0773;359.63666;359.41655,2.143;2.93;3.613;2.398,4;5;6
5252423,CONFIRMED,1,2,2,Kepler-237 b;Kepler-237 c,train,2,4.71510843;8.10363271,134.96178;176.9486,2.506;3.161,4;5;6
5272233,CONFIRMED,1,2,2,Kepler-400 b;Kepler-400 c,train,2,9.02436414;17.3408735,133.54199;138.96694,3.011;3.398,4;5;6
5272878,CONFIRMED,1,1,1,Kepler-694 b,train,1,6.365839713,171.13575,2.9721,4;5;6
5281113,CONFIRMED,1,1,1,Kepler-1602 b,train,1,11.17931581,131.64123,3.103,4;5;6
5289854,CONFIRMED,1,2,2,Kepler-308 b;Kepler-308 c,train,2,9.69501146;15.3825394,182.45413;139.07648,2.75;3.815,4;5;6
5299459,CONFIRMED,1,2,2,Kepler-307 b;Kepler-307 c,train,2,10.41572666;13.08424286,143.04774;132.63129,2.7719;3.0401,4;5;6
5301750,CONFIRMED,1,5,4,Kepler-84 d;Kepler-84 b;Kepler-84 c;Kepler-84 e;Kepler-84 f,train,4,4.22453631;8.72585478;12.88291395;27.4345973,135.42908;138.76838;135.18736;145.12322,3.128;4.473;5.676;5.038,4;5;6
5340644,CONFIRMED,1,1,1,Kepler-580 b,train,1,8.22241355,172.95657,2.71,4;5;6
5342473,CONFIRMED,1,1,1,Kepler-1818 b,train,1,4.64495172,136.02095,3.366,4;5;6
5350244,CONFIRMED,1,1,1,Kepler-1276 b,train,1,12.5722897,143.0663,4.765,4;5;6
5351250,CONFIRMED,1,4,3,Kepler-150 b;Kepler-150 c;Kepler-150 d;Kepler-150 e,train,3,3.42806306;7.381980206;12.56096618,132.36268;173.072659;166.79483,2.417;3.1152;3.7647,4;5;6
5357545,CONFIRMED,1,1,1,Kepler-1809 b,train,1,3.757294695,133.95965,0.9269,4;5;6
5357901,CONFIRMED,1,1,1,Kepler-425 b,train,1,3.797018259,133.508776,2.2608,4;5;6
5358624,CONFIRMED,1,1,1,Kepler-428 b,train,1,3.525632539,170.0479951,2.59959,4;5;6
5364071,CONFIRMED,1,4,4,Kepler-49 d;Kepler-49 b;Kepler-49 c;Kepler-49 e,train,4,2.576571021;7.203855862;10.91274065;18.59611518,172.126911;170.285731;169.85247;141.26331,1.5997;2.5418;2.1801;2.3052,4;5;6
5369827,CONFIRMED,1,1,1,Kepler-1870 b,train,1,3.606940379,134.77442,1.0418,4;5;6
5371776,CONFIRMED,1,4,4,Kepler-304 e;Kepler-304 b;Kepler-304 c;Kepler-304 d,train,4,1.499144441;3.295701024;5.315954488;9.65349016,133.07022;133.966333;132.43002;134.85555,1.4259;1.8268;1.1165;2.9029,4;5;6
5371777,CONFIRMED,1,1,1,Kepler-1589 b,train,1,0.991659646,131.53686,2.215,4;5;6
5374854,CONFIRMED,1,2,2,Kepler-633 b;Kepler-633 c,train,2,8.50339249;23.7832097,170.86894;179.75013,2.9569;7.939,4;5;6
5384079,CONFIRMED,1,2,2,Kepler-348 b;Kepler-348 c,train,2,7.05675145;17.2653659,132.53512;135.3549,2.0261;5.02,4;5;6
5436013,CONFIRMED,1,1,1,Kepler-1841 b,train,1,25.8859397,157.04329,4.548,4;5;6
5436502,CONFIRMED,1,5,4,Kepler-238 b;Kepler-238 c;Kepler-238 d;Kepler-238 e;Kepler-238 f,train,4,2.090811305;6.15560285;13.23352214;23.65369415,134.17462;134.81656;140.32196;171.376107,3.388;4.9843;6.7372;8.2183,4;5;6
5438099,CONFIRMED,1,4,3,Kepler-306 b;Kepler-306 c;Kepler-306 d;Kepler-306 e,train,3,4.64622383;7.24022418;17.32670445,354.58863;355.01243;360.5083,2.5137;2.9153;4.269,4;5;6
5440317,CONFIRMED,1,1,1,Kepler-1438 b,train,1,2.31941571,131.93925,1.591,4;5;6
5444548,CONFIRMED,1,1,1,Kepler-545 b,train,1,13.24931848,179.52171,4.4859,4;5;6
5445681,CONFIRMED,1,1,1,Kepler-1417 b,train,1,20.3504704,142.7588,7.225,4;5;6
5450893,CONFIRMED,1,1,1,Kepler-1890 b,train,1,4.82051088,135.78541,3.588,4;5;6
5456651,CONFIRMED,1,2,1,Kepler-239 b;Kepler-239 c,train,1,11.76307164,180.93613,2.9076,4;5;6
5474613,CONFIRMED,1,2,2,Kepler-1659 b;Kepler-1659 c,train,2,13.6164547;20.4074846,140.93263;140.1821,5.175;8.839,4;5;6
5480640,CONFIRMED,1,3,2,Kepler-399 b;Kepler-399 c;Kepler-399 d,train,2,14.4252635;26.6757818,136.75608;149.99527,3.754;2.696,4;5;6
5511081,CONFIRMED,1,4,3,Kepler-338 e;Kepler-338 b;Kepler-338 c;Kepler-338 d,train,3,9.34145925;13.72710334;24.3110031,132.38581;138.74473;137.0394,6.18;7.3419;8.7682,4;5;6
5513012,CONFIRMED,1,1,1,Kepler-1310 b,train,1,0.679336747,132.856178,1.2188,4;5;6
5514383,CONFIRMED,1,1,1,Kepler-506 b,train,1,6.88341278,172.66227,2.0674,4;5;6
5520547,CONFIRMED,1,1,1,Kepler-1401 b,train,1,11.20058855,137.51003,4.562,4;5;6
5526527,CONFIRMED,1,1,1,Kepler-970 b,train,1,16.7364755,143.13606,2.151,4;5;6
5530112,CONFIRMED,1,1,1,Kepler-1937 b,train,1,9.6887216,131.8295,2,4;5;6
5531953,CONFIRMED,1,1,1,Kepler-1984 b,train,1,1.992812339,131.70565,2.066,4;5;6
5534941,CONFIRMED,1,1,1,Kepler-1827 b,train,1,3.70063251,133.16065,5.408,4;5;6
5546691,CONFIRMED,1,1,1,Kepler-1283 b,train,1,12.9462567,139.4165,9.568,4;5;6
5546761,CONFIRMED,1,1,1,Kepler-1125 b,train,1,17.6700291,131.60103,6.693,4;5;6
5561278,CONFIRMED,1,1,1,Kepler-911 b,train,1,20.31047472,146.82534,5.3357,4;5;6
5562090,CONFIRMED,1,1,1,Kepler-1309 b,train,1,28.8431751,143.82307,3.171,4;5;6
5599774,CONFIRMED,1,1,1,Kepler-1195 b,train,1,8.49640437,138.73595,2.2128,4;5;6
5601258,CONFIRMED,1,1,1,Kepler-1805 b,train,1,8.84784273,140.15085,2.0572,4;5;6
5602588,CONFIRMED,1,1,1,Kepler-1211 b,train,1,11.01819178,139.87858,4.635,4;5;6
5613330,CONFIRMED,1,1,1,Kepler-635 b,train,1,23.44970494,182.92295,8.6567,4;5;6
5617854,CONFIRMED,1,1,1,Kepler-901 b,train,1,3.517494725,135.546724,1.5639,4;5;6
5621125,CONFIRMED,1,1,1,Kepler-959 b,train,1,14.80075082,132.82179,5.762,4;5;6
5621586,CONFIRMED,1,1,1,Kepler-1836 b,train,1,5.25419589,133.72952,2.9878,4;5;6
5629353,CONFIRMED,1,1,1,Kepler-1640 b,train,1,7.5844241,137.847,3.918,4;5;6
5631630,CONFIRMED,1,1,1,Kepler-1051 b,train,1,25.96190067,138.96908,6.2732,4;5;6
5640085,CONFIRMED,1,2,1,Kepler-159 b;Kepler-159 c,train,1,10.13958818,178.45074,2.6446,4;5;6
5644412,CONFIRMED,1,1,1,Kepler-1565 b,train,1,1.538185321,132.49067,1.683,4;5;6
5652893,CONFIRMED,1,1,1,Kepler-1347 b,train,1,14.00948631,132.96947,3.399,4;5;6
5683743,CONFIRMED,1,1,1,Kepler-546 b,train,1,4.147021189,170.325835,2.8997,4;5;6
5686174,CONFIRMED,1,1,1,Kepler-622 b,train,1,14.28228147,180.84677,2.6588,4;5;6
5688683,CONFIRMED,1,1,1,Kepler-1939 b,train,1,2.790643481,133.1555,0.6871,4;5;6
5688910,CONFIRMED,1,1,1,Kepler-1369 b,train,1,25.8730914,143.28644,5.085,4;5;6
5689351,CONFIRMED,1,5,4,Kepler-169 b;Kepler-169 c;Kepler-169 d;Kepler-169 e;Kepler-169 f,train,4,3.25058201;6.1954595;8.34819209;13.76710058,133.69472;134.71507;136.84111;174.81089,2.2537;2.952;2.835;2.9105,4;5;6
5705819,CONFIRMED,1,1,1,Kepler-1793 b,train,1,8.77997349,138.48383,3.2201,4;5;6
5706595,CONFIRMED,1,2,2,Kepler-370 b;Kepler-370 c,train,2,4.57948235;19.0231361,135.09685;139.65988,3.106;3.431,4;5;6
5706966,CONFIRMED,1,2,2,Kepler-333 b;Kepler-333 c,train,2,12.55111099;24.0884178,137.26226;134.42178,3.1293;3.952,4;5;6
5709725,CONFIRMED,1,2,1,Kepler-598 b;Kepler-598 c,train,1,3.701765401,172.44778,2.6061,4;5;6
5728139,CONFIRMED,1,1,1,Kepler-433 b,train,1,5.334082429,131.981761,6.2226,4;5;6
5735762,CONFIRMED,1,3,2,Kepler-48 b;Kepler-48 c;Kepler-48 d,train,2,4.77800306;9.673958488,124.061465;125.339418,2.7361;3.2641,4;5;6
5773121,CONFIRMED,1,1,1,Kepler-1932 b,train,1,0.524175803,131.60105,0.7648,4;5;6
5774349,CONFIRMED,1,1,1,Kepler-599 b,train,1,15.65563866,170.78358,3.9305,4;5;6
5780885,CONFIRMED,1,1,1,Kepler-7 b,train,1,4.885488596,134.2768785,5.16165,4;5;6
5784777,CONFIRMED,1,1,1,Kepler-1529 b,train,1,5.33905606,132.14193,1.6415,4;5;6
5786676,CONFIRMED,1,1,1,Kepler-1665 b,train,1,11.95474513,178.721694,2.1433,4;5;6
5791986,CONFIRMED,1,2,2,Kepler-151 b;Kepler-151 c,train,2,15.22895514;24.67458244,176.56001;146.77261,2.5967;3.2648,4;5;6
5792202,CONFIRMED,1,3,2,Kepler-27 d;Kepler-27 b;Kepler-27 c,train,2,6.54626149;15.33528675,133.85964;174.00278,2.75;3.897,4;5;6
5794240,CONFIRMED,1,1,1,Kepler-45 b,train,1,2.455240626,170.821762,1.72722,4;5;6
5794379,CONFIRMED,1,2,1,Kepler-241 b;Kepler-241 c,train,1,12.71809866,175.35526,3.0957,4;5;6
5794570,CONFIRMED,1,2,2,Kepler-1312 c;Kepler-1312 b,train,2,1.116127169;5.448321078,131.84982;132.49088,1.3235;2.2213,4;5;6
5796675,CONFIRMED,1,1,1,Kepler-636 b,train,1,16.080657264,182.7601,2.8701,4;5;6
5809890,CONFIRMED,1,2,2,Kepler-755 b;Kepler-755 c,train,2,1.269091415;2.853133997,133.343682;133.79678,1.4647;1.465,4;5;6
5856571,CONFIRMED,1,1,1,Kepler-971 b,train,1,9.59068586,132.68264,3.452,4;5;6
5857540,CONFIRMED,1,1,1,Kepler-1242 b,train,1,13.62801048,135.45073,3.5374,4;5;6
5865654,CONFIRMED,1,1,1,Kepler-1423 b,train,1,23.9553986,146.66221,3.204,4;5;6
5866724,CONFIRMED,1,3,3,Kepler-65 b;Kepler-65 c;Kepler-65 d,train,3,2.154911236;5.859935955;8.13121389,133.498613;132.040528;137.99254,3.1341;4.0185;4.2386,4;5;6
5868793,CONFIRMED,1,1,1,Kepler-1582 b,train,1,4.83809469,135.1562,1.096,4;5;6
5880320,CONFIRMED,1,4,4,Kepler-758 c;Kepler-758 e;Kepler-758 b;Kepler-758 d,train,4,4.75796103;8.19345065;12.10968709;20.4972755,137.69636;138.99617;140.21258;147.43894,4.66;5.234;6.3461;8.536,4;5;6
5881120,CONFIRMED,1,1,1,Kepler-1943 b,train,1,4.85018974,135.31157,5.676,4;5;6
5895158,CONFIRMED,1,1,1,Kepler-1532 b,train,1,1.093665854,132.47213,1.4399,4;5;6
5905822,CONFIRMED,1,1,1,Kepler-1876 b,train,1,6.99205021,138.05147,5.037,4;5;6
5906694,CONFIRMED,1,1,1,Kepler-1938 b,train,1,13.06243545,144.18426,3.244,4;5;6
5940165,CONFIRMED,1,1,1,Kepler-1062 b,train,1,9.30413878,140.33868,1.9254,4;5;6
5941160,CONFIRMED,1,2,2,Kepler-200 b;Kepler-200 c,train,2,8.59481851;10.22215697,171.62781;135.89017,3.254;1.1939,4;5;6
5953297,CONFIRMED,1,1,1,Kepler-1688 b,train,1,5.62006198,132.95381,2.751,4;5;6
5956342,CONFIRMED,1,4,2,Kepler-265 b;Kepler-265 c;Kepler-265 d;Kepler-265 e,train,2,6.84619236;17.02902786,132.17265;143.33395,3.529;4.645,4;5;6
5956656,CONFIRMED,1,1,1,Kepler-756 b,train,1,1.224866441,133.20824,1.7086,4;5;6
5959719,CONFIRMED,1,2,2,Kepler-390 b;Kepler-390 c,train,2,6.73808701;13.0600399,133.32953;144.33107,2.591;2.851,4;5;6
5962262,CONFIRMED,1,1,1,Kepler-1966 b,train,1,8.61742738,133.50863,2.713,4;5;6
5963582,CONFIRMED,1,1,1,Kepler-1843 b,train,1,25.5433704,140.58705,8.567,4;5;6
5965819,CONFIRMED,1,3,3,Kepler-1468 c;Kepler-1468 b;Kepler-1468 d,train,3,3.54553077;8.23983041;19.5906103,132.37486;137.75528;144.65969,4.143;5.619;6.745,4;5;6
5972334,CONFIRMED,1,3,2,Kepler-487 d;Kepler-487 b;Kepler-487 c,train,2,2.418406841;15.358767771,132.505587;132.385085,2.0744;4.1223,4;5;6
5978170,CONFIRMED,1,1,1,Kepler-1910 b,train,1,5.68879083,131.6672,2.55,4;5;6
5980208,CONFIRMED,1,1,1,Kepler-1331 b,train,1,0.789160884,131.50545,0.9268,4;5;6
6021193,CONFIRMED,1,3,3,Kepler-363 b;Kepler-363 c;Kepler-363 d,train,3,3.61460279;7.54235832;11.93205399,134.69521;132.96117;142.10648,3.227;4.73;6.205,4;5;6
6022556,CONFIRMED,1,1,1,Kepler-697 b,train,1,3.709870784,171.987982,3.0694,4;5;6
6026438,CONFIRMED,1,3,3,Kepler-354 b;Kepler-354 c;Kepler-354 d,train,3,5.47665801;16.9348104;24.2101973,135.70431;137.2502;141.4698,2.5482;3.408;4.046,4;5;6
6029239,CONFIRMED,1,1,1,Kepler-518 b,train,1,8.512037736,174.909816,2.1861,4;5;6
6032497,CONFIRMED,1,1,1,Kepler-698 b,train,1,16.3297527,177.29506,6.271,4;5;6
6035124,CONFIRMED,1,1,1,Kepler-1081 b,train,1,3.85690686,134.47405,2.0808,4;5;6
6041734,CONFIRMED,1,2,1,Kepler-1129 b;Kepler-1129 c,train,1,24.3398202,136.05813,3.891,4;5;6
6046540,CONFIRMED,1,1,1,Kepler-74 b,train,1,7.340714946,134.3457036,2.9987,4;5;6
6047072,CONFIRMED,1,1,1,Kepler-1095 b,train,1,4.27103727,133.14028,2.2759,4;5;6
6060203,CONFIRMED,1,1,1,Kepler-757 b,train,1,1.022678654,133.45422,1.3712,4;5;6
6061119,CONFIRMED,1,1,1,Kepler-699 b,train,1,27.807566216,186.713552,4.21587,4;5;6
6061773,CONFIRMED,1,1,1,Kepler-1783 b,train,1,8.27745764,138.25667,2.713,4;5;6
6062088,CONFIRMED,1,3,3,Kepler-203 b;Kepler-203 c;Kepler-203 d,train,3,3.162692075;5.370639542;11.32977062,169.64186;172.23815;133.96755,1.9529;2.1121;3.845,4;5;6
6062929,CONFIRMED,1,1,1,Kepler-1822 b,train,1,22.1334224,152.18405,2.049,4;5;6
6063220,CONFIRMED,1,1,1,Kepler-99 b,train,1,4.603575293,171.840124,2.3499,4;5;6
6071903,CONFIRMED,1,1,1,Kepler-519 b,train,1,24.30784323,178.36629,2.6054,4;5;6
6103377,CONFIRMED,1,1,1,Kepler-1407 b,train,1,20.0708757,136.9462,6.354,4;5;6
6105462,CONFIRMED,1,2,1,Kepler-1093 b;Kepler-1093 c,train,1,25.0823402,134.13568,6.423,4;5;6
6124512,CONFIRMED,1,1,1,Kepler-1296 b,train,1,8.38395796,134.41408,5.2,4;5;6
6129524,CONFIRMED,1,1,1,Kepler-1379 b,train,1,0.88184263,131.68869,1.3117,4;5;6
6131236,CONFIRMED,1,1,1,Kepler-1734 b,train,1,6.79685353,138.11324,3.1702,4;5;6
6152974,CONFIRMED,1,2,2,Kepler-118 b;Kepler-118 c,train,2,7.51854537;20.172024672,132.53078;141.209182,2.845;3.1488,4;5;6
6153407,CONFIRMED,1,1,1,Kepler-1911 b,train,1,5.99078221,134.53899,1.699,4;5;6
6183511,CONFIRMED,1,1,1,Kepler-1855 b,train,1,0.727331746,132.37007,0.8323,4;5;6
6184894,CONFIRMED,1,1,1,Kepler-1627 b,train,1,7.20281185,135.19499,2.8305,4;5;6
6196457,CONFIRMED,1,3,2,Kepler-92 b;Kepler-92 c;Kepler-92 d,train,2,13.74883059;26.723169,179.279158;147.93696,6.0968;8.501,4;5;6
6198182,CONFIRMED,1,1,1,Kepler-1864 b,train,1,3.88148385,135.12314,2.679,4;5;6
6205228,CONFIRMED,1,1,1,Kepler-996 b,train,1,3.770590654,133.39088,2.029,4;5;6
6205897,CONFIRMED,1,1,1,Kepler-1029 b,train,1,4.417692516,133.96139,2.323,4;5;6
6209677,CONFIRMED,1,1,1,Kepler-948 b,train,1,7.76845639,138.06602,3.689,4;5;6
6221385,CONFIRMED,1,2,1,Kepler-1641 b;Kepler-1641 c,train,1,19.672324,134.3013,4.812,4;5;6
6226908,CONFIRMED,1,1,1,Kepler-1546 b,train,1,19.597317,135.26526,4.508,4;5;6
6263593,CONFIRMED,1,1,1,Kepler-1418 b,train,1,22.4765952,136.82336,3.437,4;5;6
6265792,CONFIRMED,1,1,1,Kepler-1338 b,train,1,0.935115863,132.20193,1.6172,4;5;6
6266741,CONFIRMED,1,2,2,Kepler-170 b;Kepler-170 c,train,2,7.930583519;16.6658994,169.516944;180.20215,3.6083;4.1934,4;5;6
6267535,CONFIRMED,1,1,1,Kepler-638 b,train,1,6.07972016,170.58389,7.1228,4;5;6
6268648,CONFIRMED,1,1,1,Kepler-907 b,train,1,15.86624787,141.08734,4.25,4;5;6
6269070,CONFIRMED,1,1,1,Kepler-1288 b,train,1,2.7612237,131.6081,3.681,4;5;6
6276477,CONFIRMED,1,1,1,Kepler-701 b,train,1,10.35533116,170.93729,3.1775,4;5;6
6276791,CONFIRMED,1,1,1,Kepler-1958 b,train,1,9.32867952,135.87513,1.572,4;5;6
6278762,CONFIRMED,1,5,5,Kepler-444 b;Kepler-444 c;Kepler-444 d;Kepler-444 e;Kepler-444 f,train,5,3.60011712;4.54586982;6.18943952;7.74347801;9.74048508,133.25983;131.52442;134.78;135.09417;134.87916,2.396;1.756;2.3316;2.7878;1.6993,4;5;6
6287313,CONFIRMED,1,1,1,Kepler-1147 b,train,1,10.62788695,137.81843,4.576,4;5;6
6291033,CONFIRMED,1,1,1,Kepler-557 b,train,1,3.705991661,169.94286,5.1658,4;5;6
6291653,CONFIRMED,1,1,1,Kepler-702 b,train,1,10.526294577,176.522462,2.5211,4;5;6
6294819,CONFIRMED,1,1,1,Kepler-1368 b,train,1,0.675650404,131.68114,1.8261,4;5;6
6305192,CONFIRMED,1,1,1,Kepler-494 b,train,1,8.025118521,132.469133,5.3694,4;5;6
6345732,CONFIRMED,1,2,2,Kepler-1370 c;Kepler-1370 b,train,2,7.44136102;20.2642023,137.74695;135.27919,4.554;4.664,4;5;6
6347299,CONFIRMED,1,2,2,Kepler-204 b;Kepler-204 c,train,2,14.40090414;25.6613816,174.98964;155.13806,4.1682;4.459,4;5;6
6356207,CONFIRMED,1,1,1,Kepler-1059 b,train,1,3.76417012,132.35462,2.0111,4;5;6
6356692,CONFIRMED,1,1,1,Kepler-1888 b,train,1,11.39169531,141.55983,5,4;5;6
6359320,CONFIRMED,1,2,2,Kepler-269 b;Kepler-269 c,train,2,5.32667299;8.1280933,357.12617;358.68367,3.4045;3.727,4;5;6
6368175,CONFIRMED,1,1,1,Kepler-1703 b,train,1,21.1876185,148.8101,3.69,4;5;6
6368230,CONFIRMED,1,1,1,Kepler-1478 b,train,1,26.0841212,149.4437,6.141,4;5;6
6381846,CONFIRMED,1,3,2,Kepler-171 b;Kepler-171 c;Kepler-171 d,train,2,4.16696628;11.46347165,169.715517;137.38521,2.7535;2.599,4;5;6
6382217,CONFIRMED,1,2,2,Kepler-353 b;Kepler-353 c,train,2,5.79529495;8.41100305,136.77974;133.79856,2.272;2.4553,4;5;6
6383821,CONFIRMED,1,1,1,Kepler-797 b,train,1,27.07237655,139.1127,6.9592,4;5;6
6387542,CONFIRMED,1,1,1,Kepler-912 b,train,1,2.53475568,132.68024,4.5716,4;5;6
6392727,CONFIRMED,1,1,1,Kepler-703 b,train,1,4.583520948,169.973972,2.7055,4;5;6
6422070,CONFIRMED,1,1,1,Kepler-704 b,train,1,3.76181843,171.90364,3.5176,4;5;6
6422155,CONFIRMED,1,4,3,Kepler-172 b;Kepler-172 c;Kepler-172 d;Kepler-172 e,train,3,2.940304817;6.38899658;14.62709685,169.90496;175.4761;136.23467,2.7226;3.5032;4.097,4;5;6
6442340,CONFIRMED,1,3,3,Kepler-206 b;Kepler-206 c;Kepler-206 d,train,3,7.78199862;13.13747785;23.4433748,133.58871;170.22786;152.00588,3.947;4.8655;5.768,4;5;6
6448890,CONFIRMED,1,2,2,Kepler-56 b;Kepler-56 c,train,2,10.5007712;21.4054422,135.6479;147.08981,14.522;11.721,4;5;6
6462863,CONFIRMED,1,4,3,Kepler-89 b;Kepler-89 c;Kepler-89 d;Kepler-89 e,train,3,3.743166733;10.423677439;22.342964828,131.61967;138.009041;132.741641,3.6888;5.2257;6.66405,4;5;6
6501635,CONFIRMED,1,1,1,Kepler-600 b,train,1,23.67513153,179.27676,4.647,4;5;6
6508221,CONFIRMED,1,2,1,Kepler-152 b;Kepler-152 c,train,1,18.20795835,185.84306,3.7965,4;5;6
6521045,CONFIRMED,1,3,2,Kepler-100 b;Kepler-100 c;Kepler-100 d,train,2,6.88707073;12.81590421,133.17797;122.94682,4.4679;6.3856,4;5;6
6541920,CONFIRMED,1,6,3,Kepler-11 b;Kepler-11 c;Kepler-11 d;Kepler-11 e;Kepler-11 f;Kepler-11 g,train,3,10.30401132;13.02493307;22.687155,138.50377;138.176157;148.455435,4.2246;4.5706;5.4921,4;5;6
6543893,CONFIRMED,1,2,2,Kepler-913 c;Kepler-913 b,train,2,5.93919041;10.29674097,353.75537;132.19453,2.285;2.7292,4;5;6
6586746,CONFIRMED,1,1,1,Kepler-1335 b,train,1,6.26404774,132.82928,2.39,4;5;6
6587002,CONFIRMED,1,3,1,Kepler-196 b;Kepler-196 c;Kepler-196 d,train,1,20.73989406,173.21912,3.1505,4;5;6
6587280,CONFIRMED,1,2,2,Kepler-243 b;Kepler-243 c,train,2,5.715425977;20.0261412,174.87931;146.91109,2.5242;1.611,4;5;6
6599975,CONFIRMED,1,1,1,Kepler-1501 b,train,1,14.5565618,141.03671,4.554,4;5;6
6605493,CONFIRMED,1,1,1,Kepler-1686 b,train,1,9.30991834,136.39785,3.455,4;5;6
6607357,CONFIRMED,1,2,2,Kepler-1365 c;Kepler-1365 b,train,2,4.77466043;7.69994466,135.16338;134.39282,3.804;4.432,4;5;6
6607644,CONFIRMED,1,1,1,Kepler-1559 b,train,1,0.971915957,132.16504,1.6023,4;5;6
6609270,CONFIRMED,1,1,1,Kepler-1902 b,train,1,3.82223397,132.14965,1.924,4;5;6
6615511,CONFIRMED,1,1,1,Kepler-1463 b,train,1,25.1593389,153.0404,5.198,4;5;6
6616218,CONFIRMED,1,2,2,Kepler-314 b;Kepler-314 c,train,2,2.46106962;5.960400011,133.32138;137.265171,2.184;2.8617,4;5;6
6636320,CONFIRMED,1,1,1,Kepler-1892 b,train,1,6.33125228,137.14149,2.688,4;5;6
6665512,CONFIRMED,1,1,1,Kepler-1048 b,train,1,6.92101452,135.64343,4.3591,4;5;6
6665695,CONFIRMED,1,1,1,Kepler-601 b,train,1,5.378868001,169.61512,2.7222,4;5;6
6677841,CONFIRMED,1,3,1,Kepler-279 b;Kepler-279 c;Kepler-279 e,train,1,12.30971679,137.68401,6.74,4;5;6
6678383,CONFIRMED,1,3,2,Kepler-104 b;Kepler-104 c;Kepler-104 d,train,2,11.427550984;23.66834635,137.613711;132.71421,4.6074;5.8297,4;5;6
6685609,CONFIRMED,1,3,3,Kepler-207 b;Kepler-207 c;Kepler-207 d,train,3,1.61189046;3.07155284;5.868066282,133.5704;133.30255;170.324046,3.0792;4.0935;4.1246,4;5;6
6690082,CONFIRMED,1,2,2,Kepler-280 b;Kepler-280 c,train,2,2.1395563;4.807103254,133.65392;134.640371,2.0678;0.9393,4;5;6
6693640,CONFIRMED,1,1,1,Kepler-798 b,train,1,13.71938426,140.74483,5.5677,4;5;6
6696580,CONFIRMED,1,3,1,Kepler-359 b;Kepler-359 c;Kepler-359 d,train,1,25.5638626,375.27811,4.685,4;5;6
6707835,CONFIRMED,1,1,1,Kepler-640 b,train,1,22.24814617,174.13676,4.1483,4;5;6
6751874,CONFIRMED,1,1,1,Kepler-1174 b,train,1,6.89226333,132.4644,2.4921,4;5;6
6752002,CONFIRMED,1,1,1,Kepler-1945 b,train,1,6.08003714,136.88262,1.308,4;5;6
6767840,CONFIRMED,1,1,1,Kepler-1262 b,train,1,8.679037,140.90423,2.864,4;5;6
6768394,CONFIRMED,1,3,3,Kepler-60 b;Kepler-60 c;Kepler-60 d,train,3,7.1329472;8.91901228;11.8984948,135.99259;140.0777;133.34685,4.368;4.141;3.015,4;5;6
6773862,CONFIRMED,1,1,1,Kepler-988 b,train,1,17.76076524,137.50778,1.6679,4;5;6
6774537,CONFIRMED,1,1,1,Kepler-1120 b,train,1,2.949029106,133.13832,2.0311,4;5;6
6779260,CONFIRMED,1,1,1,Kepler-1313 b,train,1,3.833087643,131.63482,1.51,4;5;6
6784235,CONFIRMED,1,1,1,Kepler-708 b,train,1,3.167893418,172.147959,2.1814,4;5;6
6786037,CONFIRMED,1,3,2,Kepler-603 d;Kepler-603 b;Kepler-603 c,train,2,6.21716039;21.05349939,131.71857;171.92457,4.4289;7.1605,4;5;6
6786348,CONFIRMED,1,1,1,Kepler-947 b,train,1,26.964501,145.34426,3.792,4;5;6
6803202,CONFIRMED,1,1,1,Kepler-1711 b,train,1,21.06075303,143.59983,5.2472,4;5;6
6842682,CONFIRMED,1,1,1,Kepler-1303 b,train,1,7.56126152,135.6368,2.851,4;5;6
6846911,CONFIRMED,1,1,1,Kepler-1842 b,train,1,14.02634692,135.17539,1.2808,4;5;6
6849046,CONFIRMED,1,1,1,Kepler-491 b,train,1,4.225384543,137.5606891,2.82038,4;5;6
6849310,CONFIRMED,1,3,3,Kepler-244 b;Kepler-244 c;Kepler-244 d,train,3,4.311780262;9.76734503;20.0504494,173.576483;186.57718;188.08821,2.7251;1.6585;4.556,4;5;6
6851425,CONFIRMED,1,1,1,Kepler-477 b,train,1,11.1199028,139.753524,3.3759,4;5;6
6862721,CONFIRMED,1,1,1,Kepler-1781 b,train,1,4.88753111,132.70783,2.034,4;5;6
6871071,CONFIRMED,1,3,3,Kepler-374 b;Kepler-374 c;Kepler-374 d,train,3,1.897828815;3.2828024;5.02818253,132.6785;131.89965;134.10891,2.7114;3.2532;3.526,4;5;6
6921944,CONFIRMED,1,1,1,Kepler-1105 b,train,1,4.421566535,132.18465,2.1229,4;5;6
6922244,CONFIRMED,1,1,1,Kepler-8 b,train,1,3.522498429,121.1194228,3.19843,4;5;6
6922710,CONFIRMED,1,1,1,Kepler-1088 b,train,1,23.1274171,145.66194,4.901,4;5;6
6924203,CONFIRMED,1,1,1,Kepler-829 b,train,1,6.8833761,135.26522,2.2702,4;5;6
6929841,CONFIRMED,1,1,1,Kepler-1414 b,train,1,3.51575492,134.29974,1.381,4;5;6
6932987,CONFIRMED,1,2,1,Kepler-293 b;Kepler-293 c,train,1,19.25404023,164.78424,4.6509,4;5;6
6933567,CONFIRMED,1,1,1,Kepler-1301 b,train,1,9.08233411,139.65489,2.008,4;5;6
6934291,CONFIRMED,1,1,1,Kepler-828 b,train,1,0.567856484,134.063088,1.0258,4;5;6
6936909,CONFIRMED,1,2,2,Kepler-291 b;Kepler-291 c,train,2,3.546531809;5.70070626,134.90127;132.69229,2.2746;1.6408,4;5;6
6937402,CONFIRMED,1,1,1,Kepler-1380 b,train,1,10.3108232,141.5114,5.617,4;5;6
6937529,CONFIRMED,1,1,1,Kepler-1597 b,train,1,2.94648935,132.42208,3.155,4;5;6
6945786,CONFIRMED,1,1,1,Kepler-1909 b,train,1,2.39161966,133.07956,1.906,4;5;6
6948054,CONFIRMED,1,4,3,Kepler-245 e;Kepler-245 b;Kepler-245 c;Kepler-245 d,train,3,3.219814777;7.49018305;17.46087931,133.00406;174.95037;137.26594,2.0642;2.7297;2.2641,4;5;6
6975129,CONFIRMED,1,2,2,Kepler-312 b;Kepler-312 c,train,2,1.772451066;19.74733983,132.08668;147.10553,2.4592;3.4444,4;5;6
7019524,CONFIRMED,1,1,1,Kepler-1376 b,train,1,5.30873978,134.25061,3.018,4;5;6
7021681,CONFIRMED,1,1,1,Kepler-505 b,train,1,27.52194772,189.824523,4.047,4;5;6
7033233,CONFIRMED,1,1,1,Kepler-1197 b,train,1,2.032318856,132.64394,1.1596,4;5;6
7040629,CONFIRMED,1,4,4,Kepler-208 b;Kepler-208 c;Kepler-208 d;Kepler-208 e,train,4,4.22865217;7.46662068;11.1317901;16.25951967,170.74053;132.7755;134.42272;144.53203,3.3275;3.87;4.051;3.854,4;5;6
7045496,CONFIRMED,1,1,1,Kepler-1021 b,train,1,13.47472742,133.48999,2.5995,4;5;6
7046035,CONFIRMED,1,1,1,Kepler-1603 b,train,1,2.27164952,131.82601,4.054,4;5;6
7046804,CONFIRMED,1,1,1,Kepler-492 b,train,1,11.720123999,142.173999,3.0039,4;5;6
7047207,CONFIRMED,1,1,1,Kepler-1260 b,train,1,19.1187425,138.42824,6.805,4;5;6
7047824,CONFIRMED,1,1,1,Kepler-1353 b,train,1,24.7543849,140.20732,3.39,4;5;6
7050989,CONFIRMED,1,2,2,Kepler-136 b;Kepler-136 c,train,2,11.57890926;16.39926461,175.58603;131.96806,2.7207;3.4108,4;5;6
7091432,CONFIRMED,1,1,1,Kepler-1477 b,train,1,11.55532445,134.12977,3.499,4;5;6
7098355,CONFIRMED,1,1,1,Kepler-558 b,train,1,29.00789166,170.55349,5.0274,4;5;6
7100673,CONFIRMED,1,4,4,Kepler-1542 c;Kepler-1542 b;Kepler-1542 e;Kepler-1542 d,train,4,2.89223998;3.95116635;5.10110666;5.99273265,132.86232;134.22411;132.42955;131.75079,2.521;2.566;2.657;2.6502,4;5;6
7102227,CONFIRMED,1,3,2,Kepler-290 d;Kepler-290 b;Kepler-290 c,train,2,0.764017553;14.58932429,132.2214;141.93498,1.103;2.4184,4;5;6
7103919,CONFIRMED,1,1,1,Kepler-1950 b,train,1,10.7769944,140.2902,2.616,4;5;6
7109675,CONFIRMED,1,2,1,Kepler-46 d;Kepler-46 b,train,1,6.76652928,138.0637,2.9004,4;5;6
7115785,CONFIRMED,1,2,1,Kepler-209 b;Kepler-209 c,train,1,16.08786246,172.81384,3.095,4;5;6
7118364,CONFIRMED,1,1,1,Kepler-710 b,train,1,4.347288783,172.23343,2.1024,4;5;6
7124613,CONFIRMED,1,1,1,Kepler-642 b,train,1,4.41746257,170.79073,2.965,4;5;6
7132798,CONFIRMED,1,2,2,Kepler-119 b;Kepler-119 c,train,2,2.422084188;4.12511935,132.940079;133.64014,2.5613;2.877,4;5;6
7134976,CONFIRMED,1,2,2,Kepler-246 b;Kepler-246 c,train,2,4.601811819;11.18719905,169.98108;137.17814,2.2607;3.252,4;5;6
7135852,CONFIRMED,1,1,1,Kepler-1729 b,train,1,4.220965778,170.622433,3.0854,4;5;6
7175184,CONFIRMED,1,2,2,Kepler-144 b;Kepler-144 c,train,2,5.88527364;10.10463142,174.42554;135.55718,1.9531;2.369,4;5;6
7202957,CONFIRMED,1,2,2,Kepler-1869 c;Kepler-1869 b,train,2,1.716828304;8.16733851,132.03204;136.20356,2.068;3.337,4;5;6
7204981,CONFIRMED,1,1,1,Kepler-1127 b,train,1,5.1233204,132.08472,2.7466,4;5;6
7211221,CONFIRMED,1,1,1,Kepler-831 b,train,1,5.62154315,136.89013,2.4143,4;5;6
7211469,CONFIRMED,1,1,1,Kepler-830 b,train,1,11.29689442,134.57233,4.623,4;5;6
7215603,CONFIRMED,1,1,1,Kepler-910 b,train,1,2.36436762,132.25007,3.372,4;5;6
7216284,CONFIRMED,1,1,1,Kepler-1420 b,train,1,6.69958851,134.1468,2.831,4;5;6
7219825,CONFIRMED,1,2,2,Kepler-123 b;Kepler-123 c,train,2,17.23232894;26.6951944,135.0922;143.9999,4.5568;4.576,4;5;6
7220429,CONFIRMED,1,1,1,Kepler-931 b,train,1,8.03753796,139.3582,2.9118,4;5;6
7257966,CONFIRMED,1,1,1,Kepler-1946 b,train,1,3.035206175,132.3291,0.6182,4;5;6
7259298,CONFIRMED,1,1,1,Kepler-1278 b,train,1,3.23941775,133.98383,2.569,4;5;6
7265298,CONFIRMED,1,2,2,Kepler-355 b;Kepler-355 c,train,2,11.0317836;25.7626846,362.3431;147.6963,4.753;6.908,4;5;6
7269493,CONFIRMED,1,1,1,Kepler-1027 b,train,1,1.907810683,131.63784,1.8707,4;5;6
7273277,CONFIRMED,1,1,1,Kepler-1035 b,train,1,2.714078374,133.71179,1.3115,4;5;6
7277317,CONFIRMED,1,1,1,Kepler-643 b,train,1,16.33888067,177.917586,9.3599,4;5;6
7285757,CONFIRMED,1,1,1,Kepler-1986 b,train,1,19.5489666,149.78882,1.78,4;5;6
7286911,CONFIRMED,1,1,1,Kepler-1133 b,train,1,11.55562042,138.19752,1.6758,4;5;6
7287415,CONFIRMED,1,1,1,Kepler-1745 b,train,1,3.016182013,133.88395,2.8349,4;5;6
7287995,CONFIRMED,1,3,3,Kepler-81 b;Kepler-81 c;Kepler-81 d,train,3,5.95489993;12.03987488;20.83762895,170.955871;181.22536;132.08488,2.3892;2.7363;2.3734,4;5;6
7288444,CONFIRMED,1,1,1,Kepler-1924 b,train,1,15.3317719,142.5217,5.467,4;5;6
7289317,CONFIRMED,1,1,1,Kepler-1243 b,train,1,16.83203175,140.53041,4.031,4;5;6
7295235,CONFIRMED,1,1,1,Kepler-743 b,train,1,3.179267286,261.841607,1.0246,4;5;6
7303253,CONFIRMED,1,1,1,Kepler-711 b,train,1,23.58917143,173.81994,5.073,4;5;6
7366258,CONFIRMED,1,4,3,Kepler-82 d;Kepler-82 e;Kepler-82 b;Kepler-82 c,train,3,2.382951591;5.902245782;26.44439337,135.080841;136.78393;194.12074,1.8876;2.9003;3.9783,4;5;6
7368664,CONFIRMED,1,1,1,Kepler-434 b,train,1,12.874712426,170.022499,2.2491,4;5;6
7373451,CONFIRMED,1,2,1,Kepler-712 b;Kepler-712 c,train,1,21.02250608,207.67593,4.1072,4;5;6
7375348,CONFIRMED,1,1,1,Kepler-508 b,train,1,25.30893566,171.50611,5.7704,4;5;6
7376983,CONFIRMED,1,4,4,Kepler-1987 b;Kepler-1987 c;Kepler-1987 d;Kepler-1987 e,train,4,2.345863002;3.64830183;5.644914154;8.74292005,354.11185;355.39128;356.73699;358.59286,1.6795;1.9985;2.2599;2.6277,4;5;6
7382313,CONFIRMED,1,1,1,Kepler-1220 b,train,1,7.42697378,133.099,3.206,4;5;6
7419318,CONFIRMED,1,2,2,Kepler-137 b;Kepler-137 c,train,2,8.43639829;18.73577127,179.88704;177.634372,3.2451;3.0356,4;5;6
7427764,CONFIRMED,1,1,1,Kepler-1595 b,train,1,4.56383697,132.26068,2.271,4;5;6
7428736,CONFIRMED,1,1,1,Kepler-1358 b,train,1,7.06321927,132.52395,2.411,4;5;6
7439316,CONFIRMED,1,1,1,Kepler-866 b,train,1,2.617028373,134.03294,2.046,4;5;6
7440748,CONFIRMED,1,2,2,Kepler-161 b;Kepler-161 c,train,2,4.9213639;7.064252021,174.299322;135.379512,1.8806;1.3867,4;5;6
7445445,CONFIRMED,1,3,3,Kepler-184 b;Kepler-184 c;Kepler-184 d,train,3,10.68758211;20.30303506;29.02235217,169.93115;176.8028;198.37025,3.3812;4.5038;4.0263,4;5;6
7449136,CONFIRMED,1,1,1,Kepler-1002 b,train,1,4.33643506,133.85442,4.1445,4;5;6
7449541,CONFIRMED,1,1,1,Kepler-1078 b,train,1,3.00725068,131.90484,4.4302,4;5;6
7450747,CONFIRMED,1,1,1,Kepler-1949 b,train,1,2.20829637,131.63091,2.841,4;5;6
7455981,CONFIRMED,1,1,1,Kepler-1425 b,train,1,14.4540329,135.4521,7.183,4;5;6
7504778,CONFIRMED,1,1,1,Kepler-1188 b,train,1,17.1369408,141.01497,6.416,4;5;6
7509886,CONFIRMED,1,2,2,Kepler-211 b;Kepler-211 c,train,2,4.13852825;6.0404622,132.01882;172.59327,2.281;1.98,4;5;6
7510820,CONFIRMED,1,1,1,Kepler-1461 b,train,1,29.3493852,148.46564,4.313,4;5;6
7512982,CONFIRMED,1,1,1,Kepler-859 b,train,1,20.38174802,142.31499,3.7922,4;5;6
7515212,CONFIRMED,1,2,1,Kepler-212 b;Kepler-212 c,train,1,16.2580276,139.6381,6.375,4;5;6
7515679,CONFIRMED,1,1,1,Kepler-1517 b,train,1,5.546083089,133.50348,2.717,4;5;6
7517261,CONFIRMED,1,1,1,Kepler-1511 b,train,1,23.2385587,143.5274,8.432,4;5;6
7522911,CONFIRMED,1,1,1,Kepler-1670 b,train,1,20.4998763,131.82068,6.501,4;5;6
7529266,CONFIRMED,1,1,1,Kepler-435 b,train,1,8.600153929,177.642421,9.0015,4;5;6
7549209,CONFIRMED,1,1,1,Kepler-875 b,train,1,27.5071114,151.84775,5.907,4;5;6
7585481,CONFIRMED,1,1,1,Kepler-714 b,train,1,8.09888906,176.623731,4.20241,4;5;6
7595157,CONFIRMED,1,2,2,Kepler-605 c;Kepler-605 b,train,2,2.358952404;3.383540239,132.68957;169.63859,1.593;1.403,4;5;6
7596240,CONFIRMED,1,1,1,Kepler-1584 b,train,1,13.3997555,131.84235,3.534,4;5;6
7604328,CONFIRMED,1,2,2,Kepler-1245 c;Kepler-1245 b,train,2,2.936587946;4.35407371,133.03618;132.85695,1.8952;2.427,4;5;6
7605093,CONFIRMED,1,1,1,Kepler-1356 b,train,1,0.634003002,131.89476,0.9207,4;5;6
7609553,CONFIRMED,1,1,1,Kepler-1387 b,train,1,2.279523364,133.3576,1.6202,4;5;6
7620413,CONFIRMED,1,1,1,Kepler-1098 b,train,1,2.543063763,132.68159,2.8473,4;5;6
7626370,CONFIRMED,1,1,1,Kepler-932 b,train,1,1.921437488,131.806204,1.9046,4;5;6
7629518,CONFIRMED,1,1,1,Kepler-863 b,train,1,15.59466045,137.5636,5.0478,4;5;6
7659389,CONFIRMED,1,1,1,Kepler-1872 b,train,1,3.8259005,132.20163,1.8057,4;5;6
7663405,CONFIRMED,1,1,1,Kepler-876 b,train,1,5.1443645,133.83044,2.703,4;5;6
7663691,CONFIRMED,1,1,1,Kepler-715 b,train,1,10.00653012,176.96898,5.344,4;5;6
7668663,CONFIRMED,1,1,1,Kepler-1005 b,train,1,6.4980147,136.00108,2.4384,4;5;6
7670943,CONFIRMED,1,1,1,Kepler-1713 b,train,1,18.01164974,185.09162,6.7367,4;5;6
7676423,CONFIRMED,1,1,1,Kepler-1430 b,train,1,2.46050095,133.61605,1.861,4;5;6
7678434,CONFIRMED,1,2,2,Kepler-716 c;Kepler-716 b,train,2,3.96996298;10.37168928,137.75447;172.61729,1.1757;3.035,4;5;6
7685981,CONFIRMED,1,1,1,Kepler-717 b,train,1,4.40841331,172.18582,5.012,4;5;6
7690844,CONFIRMED,1,1,1,Kepler-871 b,train,1,22.0459163,136.47548,5.22,4;5;6
7703882,CONFIRMED,1,1,1,Kepler-1954 b,train,1,5.88350251,136.9451,2.556,4;5;6
7747425,CONFIRMED,1,4,3,Kepler-341 b;Kepler-341 c;Kepler-341 d;Kepler-341 e,train,3,5.19559398;8.0103929;27.6666375,132.72178;135.31823;143.86343,3.748;4.2713;6.315,4;5;6
7747457,CONFIRMED,1,1,1,Kepler-1613 b,train,1,1.5184181,132.138,2.842,4;5;6
7749773,CONFIRMED,1,1,1,Kepler-1882 b,train,1,13.7872627,144.77403,5.747,4;5;6
7762723,CONFIRMED,1,1,1,Kepler-1867 b,train,1,9.88736642,139.52781,4.23,4;5;6
7764367,CONFIRMED,1,1,1,Kepler-644 b,train,1,3.173914037,170.92525,3.6069,4;5;6
7765528,CONFIRMED,1,1,1,Kepler-972 b,train,1,7.03932913,133.85433,3.514,4;5;6
7767162,CONFIRMED,1,1,1,Kepler-1375 b,train,1,3.30040818,133.56723,4.462,4;5;6
7769819,CONFIRMED,1,1,1,Kepler-1342 b,train,1,2.21571296,131.82107,1.8211,4;5;6
7778437,CONFIRMED,1,1,1,Kepler-471 b,train,1,5.014234733,133.174289,4.589,4;5;6
7778767,CONFIRMED,1,1,1,Kepler-1267 b,train,1,13.0313583,144.11544,4.521,4;5;6
7779077,CONFIRMED,1,1,1,Kepler-1770 b,train,1,16.84183355,137.99443,2.6194,4;5;6
7802719,CONFIRMED,1,1,1,Kepler-1157 b,train,1,4.45743267,132.16006,2.3226,4;5;6
7808587,CONFIRMED,1,1,1,Kepler-886 b,train,1,6.24145791,134.88892,3.0998,4;5;6
7810483,CONFIRMED,1,1,1,Kepler-1676 b,train,1,29.92208104,146.00807,2.7716,4;5;6
7815744,CONFIRMED,1,1,1,Kepler-933 b,train,1,14.20442616,142.7332,3.898,4;5;6
7826620,CONFIRMED,1,1,1,Kepler-1579 b,train,1,0.849906734,131.6741,1.141,4;5;6
7831264,CONFIRMED,1,2,2,Kepler-116 b;Kepler-116 c,train,2,5.968724048;13.07141889,137.158607;144.44217,3.651;3.0946,4;5;6
7832356,CONFIRMED,1,1,1,Kepler-855 b,train,1,7.886632468,360.514132,5.2147,4;5;6
7838675,CONFIRMED,1,1,1,Kepler-1561 b,train,1,1.005205893,132.45541,1.63,4;5;6
7841925,CONFIRMED,1,2,2,Kepler-865 c;Kepler-865 b,train,2,6.20920207;14.16400071,136.87938;140.58934,2.637;4.3031,4;5;6
7869917,CONFIRMED,1,2,2,Kepler-880 b;Kepler-880 c,train,2,7.71467686;11.8061737,133.55635;138.2641,4.5871;4.472,4;5;6
7870032,CONFIRMED,1,1,1,Kepler-961 b,train,1,16.87725775,138.64907,3.7917,4;5;6
7870390,CONFIRMED,1,3,3,Kepler-83 d;Kepler-83 b;Kepler-83 c,train,3,5.169804269;9.7704486;20.09017037,172.63153;175.71372;147.97788,2.153;2.4517;4.154,4;5;6
7877496,CONFIRMED,1,1,1,Kepler-412 b,train,1,1.72086129,133.0209998,2.0243,4;5;6
7879433,CONFIRMED,1,1,1,Kepler-1850 b,train,1,1.385787741,135.49119,1.6449,4;5;6
7907423,CONFIRMED,1,3,3,Kepler-249 b;Kepler-249 c;Kepler-249 d,train,3,3.306551643;7.11373257;15.36845737,134.37211;174.32351;147.38965,1.8177;2.1764;2.4714,4;5;6
7908367,CONFIRMED,1,2,2,Kepler-1642 c;Kepler-1642 b,train,2,6.6513189;12.2064304,135.289;134.053,2.135;2.407,4;5;6
7918992,CONFIRMED,1,1,1,Kepler-1091 b,train,1,1.434745129,132.62802,1.862,4;5;6
7939330,CONFIRMED,1,2,1,Kepler-896 c;Kepler-896 b,train,1,29.5422566,137.57837,13.902,4;5;6
7948784,CONFIRMED,1,1,1,Kepler-1778 b,train,1,10.08744556,135.13582,2.9884,4;5;6
7950644,CONFIRMED,1,1,1,Kepler-427 b,train,1,10.290994129,137.0220594,4.28889,4;5;6
7960980,CONFIRMED,1,1,1,Kepler-1170 b,train,1,9.98970266,133.76102,3.7,4;5;6
8004903,CONFIRMED,1,1,1,Kepler-1286 b,train,1,11.25401871,136.8901,4.759,4;5;6
8007644,CONFIRMED,1,1,1,Kepler-1192 b,train,1,25.2034128,137.56393,4.515,4;5;6
8008067,CONFIRMED,1,3,2,Kepler-139 d;Kepler-139 b;Kepler-139 c,train,2,7.305706326;15.77111067,131.77905;184.90347,1.4228;5.0574,4;5;6
8008206,CONFIRMED,1,2,2,Kepler-185 b;Kepler-185 c,train,2,1.632916419;20.72904234,134.54956;185.43113,1.5599;2.8066,4;5;6
8015907,CONFIRMED,1,1,1,Kepler-585 b,train,1,2.752359689,171.259808,2.0722,4;5;6
8016691,CONFIRMED,1,1,1,Kepler-1456 b,train,1,18.1373788,136.8106,3.844,4;5;6
8017703,CONFIRMED,1,3,1,Kepler-174 b;Kepler-174 c;Kepler-174 d,train,1,13.98177862,181.975114,2.958,4;5;6
8022244,CONFIRMED,1,2,1,Kepler-175 b;Kepler-175 c,train,1,11.90352088,178.34161,4.297,4;5;6
8030148,CONFIRMED,1,1,1,Kepler-474 b,train,1,5.660669429,137.416045,4.6483,4;5;6
8030339,CONFIRMED,1,1,1,Kepler-1534 b,train,1,5.71668787,136.32274,1.97,4;5;6
8036287,CONFIRMED,1,1,1,Kepler-1537 b,train,1,1.44445234,132.80685,0.9753,4;5;6
8037038,CONFIRMED,1,1,1,Kepler-1631 b,train,1,4.09513876,131.67784,2.462,4;5;6
8037145,CONFIRMED,1,4,3,Kepler-176 b;Kepler-176 c;Kepler-176 d;Kepler-176 e,train,3,5.433132902;12.75934489;25.75274977,138.36644;170.32152;136.43851,2.4012;3.5889;2.7678,4;5;6
8039892,CONFIRMED,1,1,1,Kepler-719 b,train,1,5.007316661,173.433997,4.2362,4;5;6
8041216,CONFIRMED,1,1,1,Kepler-500 b,train,1,8.508333104,134.785645,3.4559,4;5;6
8042453,CONFIRMED,1,1,1,Kepler-1182 b,train,1,11.17392077,134.70626,3.307,4;5;6
8043638,CONFIRMED,1,1,1,Kepler-559 b,train,1,17.58751692,176.077382,4.3773,4;5;6
8073705,CONFIRMED,1,1,1,Kepler-1445 b,train,1,10.60052083,132.98523,4.509,4;5;6
8073806,CONFIRMED,1,1,1,Kepler-1835 b,train,1,11.96407399,133.15804,4.526,4;5;6
8081899,CONFIRMED,1,1,1,Kepler-1235 b,train,1,4.16056658,132.27418,2.61,4;5;6
8082001,CONFIRMED,1,1,1,Kepler-893 b,train,1,6.33855946,354.85104,3.4617,4;5;6
8087812,CONFIRMED,1,1,1,Kepler-1952 b,train,1,27.2106807,132.3793,10.515,4;5;6
8107380,CONFIRMED,1,1,1,Kepler-476 b,train,1,14.00640392,142.20885,4.6919,4;5;6
8110767,CONFIRMED,1,1,1,Kepler-1685 b,train,1,20.49041,144.41979,4.369,4;5;6
8125580,CONFIRMED,1,1,1,Kepler-749 b,train,1,17.31711739,142.36094,3.1518,4;5;6
8126558,CONFIRMED,1,1,1,Kepler-1815 b,train,1,12.19140405,136.33677,1.8832,4;5;6
8150320,CONFIRMED,1,5,4,Kepler-55 d;Kepler-55 e;Kepler-55 f;Kepler-55 b;Kepler-55 c,train,4,2.211116989;4.617490562;10.19849255;27.9541337,170.150139;135.04909;137.92067;178.73791,1.6485;2.2618;2.4283;3.95,4;5;6
8151055,CONFIRMED,1,1,1,Kepler-1460 b,train,1,29.9632816,149.94353,2.6,4;5;6
8158127,CONFIRMED,1,2,2,Kepler-750 c;Kepler-750 b,train,2,4.08897299;9.42889884,135.76402;140.1046,3.585;4.4481,4;5;6
8164257,CONFIRMED,1,3,2,Kepler-357 b;Kepler-357 c;Kepler-357 d,train,2,6.47539108;16.85825609,137.5825;142.34289,2.7048;2.0728,4;5;6
8165946,CONFIRMED,1,1,1,Kepler-1100 b,train,1,6.42199919,134.58037,2.6192,4;5;6
8167996,CONFIRMED,1,3,3,Kepler-327 b;Kepler-327 c;Kepler-327 d,train,3,2.549562652;5.21230171;13.96950181,132.60803;132.71052;132.17062,1.6999;2.098;1.5871,4;5;6
8168187,CONFIRMED,1,1,1,Kepler-1142 b,train,1,18.3027235,142.89166,8.262,4;5;6
8174625,CONFIRMED,1,1,1,Kepler-751 b,train,1,17.44486016,141.6802,4.445,4;5;6
8191672,CONFIRMED,1,1,1,Kepler-5 b,train,1,3.548465446,122.9014315,4.56904,4;5;6
8193178,CONFIRMED,1,2,2,Kepler-187 b;Kepler-187 c,train,2,4.93883135;10.64021008,135.95465;179.77776,4.388;5.4381,4;5;6
8218379,CONFIRMED,1,1,1,Kepler-1014 b,train,1,16.57099265,133.90704,2.9052,4;5;6
8219268,CONFIRMED,1,1,1,Kepler-91 b,train,1,6.24667547,136.38688,11.261,4;5;6
8226994,CONFIRMED,1,3,3,Kepler-250 b;Kepler-250 c;Kepler-250 d,train,3,4.14810719;7.15681552;17.64830851,133.3881;174.13511;133.54533,2.535;2.5882;2.0873,4;5;6
8229696,CONFIRMED,1,1,1,Kepler-761 b,train,1,10.12805158,139.1159,3.517,4;5;6
8240904,CONFIRMED,1,2,1,Kepler-266 b;Kepler-266 c,train,1,6.61836309,360.36694,3.6813,4;5;6
8247638,CONFIRMED,1,4,2,Kepler-251 b;Kepler-251 c;Kepler-251 d;Kepler-251 e,train,2,4.79090809;16.51410989,136.31106;176.11686,2.603;4.1575,4;5;6
8247771,CONFIRMED,1,1,1,Kepler-1200 b,train,1,1.118547814,132.84826,1.5534,4;5;6
8255887,CONFIRMED,1,1,1,Kepler-720 b,train,1,4.708326451,171.446507,3.16114,4;5;6
8257205,CONFIRMED,1,2,1,Kepler-1038 c;Kepler-1038 b,train,1,7.12766417,136.00586,2.491,4;5;6
8263545,CONFIRMED,1,1,1,Kepler-1878 b,train,1,4.44589508,131.74309,2.3816,4;5;6
8278371,CONFIRMED,1,1,1,Kepler-780 b,train,1,0.677374687,133.94573,1.8361,4;5;6
8280511,CONFIRMED,1,3,3,Kepler-271 d;Kepler-271 c;Kepler-271 b,train,3,5.24970432;7.41084314;10.43547031,135.46911;135.75425;134.82462,2.746;3.245;3.4167,4;5;6
8282651,CONFIRMED,1,1,1,Kepler-1136 b,train,1,2.361724472,133.23932,1.2167,4;5;6
8288947,CONFIRMED,1,1,1,Kepler-778 b,train,1,3.75574267,133.4333,2.2911,4;5;6
8292840,CONFIRMED,1,3,2,Kepler-126 b;Kepler-126 c;Kepler-126 d,train,2,10.49566303;21.86965714,172.79335;140.29513,4.7356;5.5177,4;5;6
8321314,CONFIRMED,1,1,1,Kepler-1683 b,train,1,15.03366411,144.98055,3.272,4;5;6
8344004,CONFIRMED,1,2,2,Kepler-188 b;Kepler-188 c,train,2,2.06190864;5.996533443,133.19888;172.50558,1.9743;3.3129,4;5;6
8349582,CONFIRMED,1,1,1,Kepler-95 b,train,1,11.523067458,131.969055,3.8757,4;5;6
8351704,CONFIRMED,1,1,1,Kepler-779 b,train,1,7.09712124,136.34514,2.1059,4;5;6
8352537,CONFIRMED,1,1,1,Kepler-547 b,train,1,6.010383339,174.084883,2.1939,4;5;6
8360640,CONFIRMED,1,1,1,Kepler-1891 b,train,1,4.0223109,135.17298,0.853,4;5;6
8361905,CONFIRMED,1,1,1,Kepler-646 b,train,1,15.87360981,182.40408,3.5246,4;5;6
8367113,CONFIRMED,1,1,1,Kepler-606 b,train,1,24.31574009,183.40875,4.1344,4;5;6
8367644,CONFIRMED,1,1,1,Kepler-993 b,train,1,22.08551599,135.23432,2.1727,4;5;6
8380709,CONFIRMED,1,1,1,Kepler-1249 b,train,1,24.3344939,147.41892,6.557,4;5;6
8395660,CONFIRMED,1,4,3,Kepler-106 b;Kepler-106 c;Kepler-106 d;Kepler-106 e,train,3,6.164876;13.57078281;23.9800854,135.63916;136.279194;147.537,3.262;3.3539;5.351,4;5;6
8410727,CONFIRMED,1,2,2,Kepler-270 b;Kepler-270 c,train,2,11.47609015;25.2630467,135.39622;134.18397,5.046;6.22,4;5;6
8414716,CONFIRMED,1,1,1,Kepler-721 b,train,1,5.392026903,171.72707,2.9804,4;5;6
8415200,CONFIRMED,1,1,1,Kepler-1328 b,train,1,4.52158614,133.21804,3.4702,4;5;6
8416523,CONFIRMED,1,1,1,Kepler-1604 b,train,1,0.341842017,131.660336,1.1554,4;5;6
8417078,CONFIRMED,1,1,1,Kepler-1619 b,train,1,23.6223571,146.9643,6.852,4;5;6
8426567,CONFIRMED,1,1,1,Kepler-1013 b,train,1,18.93055119,143.25058,3.372,4;5;6
8430964,CONFIRMED,1,1,1,Kepler-1900 b,train,1,2.98618134,133.46926,2.969,4;5;6
8456679,CONFIRMED,1,2,2,Kepler-1990 b;Kepler-1990 c,train,2,1.73513619;4.06844957,135.060047;132.27614,2.2741;2.8349,4;5;6
8463346,CONFIRMED,1,2,1,Kepler-436 c;Kepler-436 b,train,1,16.79716262,134.0417,3.83,4;5;6
8480285,CONFIRMED,1,2,2,Kepler-647 b;Kepler-647 c,train,2,16.2254975;29.66631669,144.02673;189.36948,6.471;8.412,4;5;6
8480582,CONFIRMED,1,1,1,Kepler-1702 b,train,1,18.5010898,149.17569,3.179,4;5;6
8490993,CONFIRMED,1,2,1,Kepler-722 b;Kepler-722 c,train,1,4.093578461,171.00954,2.5833,4;5;6
8491277,CONFIRMED,1,1,1,Kepler-498 b,train,1,9.61375316,132.185679,4.654,4;5;6
8494142,CONFIRMED,1,2,1,Kepler-145 b;Kepler-145 c,train,1,22.95062278,151.53259,4.4814,4;5;6
8494410,CONFIRMED,1,1,1,Kepler-1516 b,train,1,7.2593226,131.71082,6.1394,4;5;6
8494542,CONFIRMED,1,1,1,Kepler-1807 b,train,1,10.86062378,136.65957,2.2874,4;5;6
8494617,CONFIRMED,1,1,1,Kepler-1218 b,train,1,22.9221181,133.66805,8.2,4;5;6
8495415,CONFIRMED,1,1,1,Kepler-1208 b,train,1,11.08507658,355.03627,1.751,4;5;6
8543100,CONFIRMED,1,1,1,Kepler-1033 b,train,1,7.56052209,134.47889,3.8573,4;5;6
8544992,CONFIRMED,1,2,2,Kepler-388 b;Kepler-388 c,train,2,3.17323012;13.2970695,133.69979;140.94606,1.9094;3.283,4;5;6
8544996,CONFIRMED,1,1,1,Kepler-723 b,train,1,4.082274889,169.6375652,3.23015,4;5;6
8547140,CONFIRMED,1,1,1,Kepler-801 b,train,1,11.41926141,137.66894,3.9908,4;5;6
8547429,CONFIRMED,1,1,1,Kepler-1866 b,train,1,11.6601667,140.62189,5.882,4;5;6
8552719,CONFIRMED,1,2,1,Kepler-953 c;Kepler-953 b,train,1,9.10969334,133.06566,5.3181,4;5;6
8557374,CONFIRMED,1,2,2,Kepler-213 b;Kepler-213 c,train,2,2.462344253;4.822969318,171.84315;134.43535,1.8113;0.8752,4;5;6
8558011,CONFIRMED,1,2,1,Kepler-607 b;Kepler-607 c,train,1,0.638162933,131.74826,1.2313,4;5;6
8559644,CONFIRMED,1,2,1,Kepler-111 b;Kepler-111 c,train,1,3.341799486,141.35472,2.9254,4;5;6
8564674,CONFIRMED,1,2,2,Kepler-349 b;Kepler-349 c,train,2,5.92972237;12.2476121,135.49811;138.2196,2.518;3.209,4;5;6
8565266,CONFIRMED,1,1,1,Kepler-608 b,train,1,6.412512953,169.879804,5.2677,4;5;6
8578780,CONFIRMED,1,1,1,Kepler-1784 b,train,1,13.59051547,133.07217,3.784,4;5;6
8591173,CONFIRMED,1,1,1,Kepler-1804 b,train,1,12.2885046,141.61869,2.807,4;5;6
8591693,CONFIRMED,1,1,1,Kepler-1796 b,train,1,29.4557841,154.17062,3.451,4;5;6
8611832,CONFIRMED,1,2,1,Kepler-384 b;Kepler-384 c,train,1,22.5968256,140.42654,6.179,4;5;6
8612275,CONFIRMED,1,2,2,Kepler-360 b;Kepler-360 c,train,2,3.289726319;7.18644594,131.75522;136.62345,2.3274;1.4972,4;5;6
8612847,CONFIRMED,1,1,1,Kepler-800 b,train,1,14.13175309,142.26044,4.0136,4;5;6
8613535,CONFIRMED,1,2,2,Kepler-1165 b;Kepler-1165 c,train,2,9.47850818;29.9685917,140.16526;147.8598,6.154;6.678,4;5;6
8616637,CONFIRMED,1,2,2,Kepler-190 b;Kepler-190 c,train,2,2.019997006;3.763041531,170.07102;132.59298,1.8073;1.6011,4;5;6
8620402,CONFIRMED,1,1,1,Kepler-1913 b,train,1,14.1959621,137.01221,3.605,4;5;6
8625925,CONFIRMED,1,1,1,Kepler-609 b,train,1,6.521209629,175.7111,2.7975,4;5;6
8628758,CONFIRMED,1,2,2,Kepler-804 c;Kepler-804 b,train,2,9.65188331;14.37457572,132.15947;138.20189,4.296;4.7892,4;5;6
8630788,CONFIRMED,1,3,1,Kepler-281 b;Kepler-281 c;Kepler-281 d,train,1,14.64613058,136.5227,5.688,4;5;6
8631504,CONFIRMED,1,1,1,Kepler-1846 b,train,1,14.8200596,133.39933,3.902,4;5;6
8636600,CONFIRMED,1,1,1,Kepler-1959 b,train,1,6.38671206,131.52991,1.201,4;5;6
8644288,CONFIRMED,1,3,3,Kepler-18 b;Kepler-18 c;Kepler-18 d,train,3,3.504691252;7.641567589;14.85890852,133.511941;135.407564;128.154869,1.9811;3.41018;3.5252,4;5;6
8651389,CONFIRMED,1,1,1,Kepler-1768 b,train,1,15.13590453,146.58371,2.236,4;5;6
8676148,CONFIRMED,1,1,1,Kepler-1273 b,train,1,28.6253502,158.11827,4.551,4;5;6
8678594,CONFIRMED,1,2,1,Kepler-799 c;Kepler-799 b,train,1,15.19423359,142.73422,3.106,4;5;6
8680979,CONFIRMED,1,2,2,Kepler-330 b;Kepler-330 c,train,2,8.25980352;15.95541913,137.47021;143.30236,2.928;3.9851,4;5;6
8681734,CONFIRMED,1,1,1,Kepler-1198 b,train,1,7.68478504,137.64035,2.447,4;5;6
8681833,CONFIRMED,1,1,1,Kepler-1372 b,train,1,1.311558909,131.53283,1.919,4;5;6
8689373,CONFIRMED,1,3,3,Kepler-253 b;Kepler-253 c;Kepler-253 d,train,3,3.78402867;10.28194593;18.11993039,133.28133;175.33988;182.61535,1.9012;3.4366;4.2309,4;5;6
8689793,CONFIRMED,1,1,1,Kepler-1003 b,train,1,3.554856338,131.80398,2.1004,4;5;6
8692861,CONFIRMED,1,2,1,Kepler-69 b;Kepler-69 c,train,1,13.7223682,137.84083,5.1231,4;5;6
8700771,CONFIRMED,1,1,1,Kepler-806 b,train,1,8.0922105,138.04535,5.7696,4;5;6
8709688,CONFIRMED,1,1,1,Kepler-1893 b,train,1,4.17939037,133.84818,2.647,4;5;6
8711794,CONFIRMED,1,1,1,Kepler-463 b,train,1,8.981014925,136.649307,1.8478,4;5;6
8733898,CONFIRMED,1,3,3,Kepler-446 b;Kepler-446 c;Kepler-446 d,train,3,1.565412613;3.036208739;5.14892346,132.91281;134.06146;133.31971,0.7572;0.9324;0.9613,4;5;6
8750043,CONFIRMED,1,1,1,Kepler-1055 b,train,1,2.29503515,132.69329,1.654,4;5;6
8751796,CONFIRMED,1,1,1,Kepler-1435 b,train,1,4.45342418,133.09066,3.654,4;5;6
8753657,CONFIRMED,1,2,2,Kepler-406 b;Kepler-406 c,train,2,2.426304127;4.62334491,170.455517;132.37083,2.6624;3.0189,4;5;6
8753896,CONFIRMED,1,2,2,Kepler-389 b;Kepler-389 c,train,2,3.24417541;14.5123622,132.94014;143.8154,1.992;4.163,4;5;6
8757824,CONFIRMED,1,1,1,Kepler-1275 b,train,1,3.65690909,134.95269,2.064,4;5;6
8760040,CONFIRMED,1,1,1,Kepler-1396 b,train,1,18.2206024,141.37607,5.109,4;5;6
8766650,CONFIRMED,1,1,1,Kepler-1008 b,train,1,12.43929428,136.37952,3.176,4;5;6
8773015,CONFIRMED,1,1,1,Kepler-1586 b,train,1,15.604841,131.9989,4.543,4;5;6
8802165,CONFIRMED,1,1,1,Kepler-648 b,train,1,17.42115972,184.245906,4.9974,4;5;6
8802693,CONFIRMED,1,1,1,Kepler-1045 b,train,1,26.41044199,149.39541,3.0715,4;5;6
8804283,CONFIRMED,1,2,2,Kepler-1991 b;Kepler-1991 c,train,2,13.26079792;22.79020351,139.0988;138.68515,3.912;5.0394,4;5;6
8804845,CONFIRMED,1,2,2,Kepler-1067 b;Kepler-1067 c,train,2,0.762132307;5.42586901,131.61542;135.86589,1.22;2.5342,4;5;6
8805348,CONFIRMED,1,1,1,Kepler-649 b,train,1,29.90721859,175.29337,4.8475,4;5;6
8822216,CONFIRMED,1,2,1,Kepler-610 b;Kepler-610 c,train,1,6.996926239,175.914281,2.7374,4;5;6
8826168,CONFIRMED,1,1,1,Kepler-980 b,train,1,11.55103848,134.90803,3.3601,4;5;6
8826878,CONFIRMED,1,1,1,Kepler-727 b,train,1,5.15448142,171.6389,3.228,4;5;6
8827575,CONFIRMED,1,1,1,Kepler-1992 b,train,1,15.6112238,144.8735,3.873,4;5;6
8832512,CONFIRMED,1,1,1,Kepler-963 b,train,1,9.97682072,131.76825,3.4873,4;5;6
8866102,CONFIRMED,1,1,1,Kepler-410 A b,train,1,17.83367834,181.233943,4.5112,4;5;6
8873450,CONFIRMED,1,1,1,Kepler-1975 b,train,1,24.2783801,154.51325,4.564,4;5;6
8874090,CONFIRMED,1,1,1,Kepler-834 b,train,1,13.32389352,135.24585,3.2208,4;5;6
8884274,CONFIRMED,1,1,1,Kepler-1374 b,train,1,10.65275054,136.08994,2.684,4;5;6
8885643,CONFIRMED,1,1,1,Kepler-1346 b,train,1,3.40165617,132.06195,1.9617,4;5;6
8890150,CONFIRMED,1,2,1,Kepler-395 b;Kepler-395 c,train,1,7.05429483,136.18961,1.716,4;5;6
8890783,CONFIRMED,1,2,1,Kepler-561 c;Kepler-561 b,train,1,5.350156114,195.761347,2.2647,4;5;6
8890924,CONFIRMED,1,1,1,Kepler-1993 b,train,1,26.6565737,131.59433,4.954,4;5;6
8892157,CONFIRMED,1,1,1,Kepler-1149 b,train,1,3.73090026,132.89428,2.9095,4;5;6
8892303,CONFIRMED,1,1,1,Kepler-1314 b,train,1,5.424749327,133.728952,1.139,4;5;6
8934495,CONFIRMED,1,1,1,Kepler-1721 b,train,1,4.592393816,172.004723,2.2748,4;5;6
8935810,CONFIRMED,1,1,1,Kepler-1747 b,train,1,6.230335,181.29566,1.6493,4;5;6
8947520,CONFIRMED,1,1,1,Kepler-1264 b,train,1,0.968527683,131.50954,1.3672,4;5;6
8950568,CONFIRMED,1,4,4,Kepler-85 b;Kepler-85 c;Kepler-85 d;Kepler-85 e,train,4,8.30537702;12.51353325;17.9134215;25.2149143,139.7437;139.42461;135.52921;152.6912,3.751;4.301;4.364;5.76,4;5;6
8951205,CONFIRMED,1,1,1,Kepler-1940 b,train,1,4.95060632,132.80914,1.719,4;5;6
8962094,CONFIRMED,1,4,2,Kepler-215 b;Kepler-215 c;Kepler-215 d;Kepler-215 e,train,2,9.36059705;14.6672293,171.97292;145.42058,3.2069;3.742,4;5;6
8972058,CONFIRMED,1,2,2,Kepler-115 b;Kepler-115 c,train,2,2.403640701;8.99088621,134.73065;136.73923,1.4012;4.2447,4;5;6
8978528,CONFIRMED,1,2,2,Kepler-329 b;Kepler-329 c,train,2,7.41634701;18.6848377,135.85372;136.14587,2.1362;3.7965,4;5;6
9003401,CONFIRMED,1,1,1,Kepler-1823 b,train,1,21.1033014,144.66035,2.059,4;5;6
9006186,CONFIRMED,1,3,3,Kepler-1130 c;Kepler-1130 d;Kepler-1130 b,train,3,3.26662733;4.27226421;5.45298742,136.08452;133.21863;134.15183,2.056;2.113;2.1328,4;5;6
9006449,CONFIRMED,1,3,2,Kepler-295 b;Kepler-295 c;Kepler-295 d,train,2,12.64504291;21.5262958,138.63149;132.28787,9.117;8.392,4;5;6
9009036,CONFIRMED,1,1,1,Kepler-1616 b,train,1,6.76289308,135.6771,6.204,4;5;6
9020160,CONFIRMED,1,3,3,Kepler-191 d;Kepler-191 b;Kepler-191 c,train,3,5.945043548;9.93962361;17.73842886,170.472237;131.58267;148.99011,2.7004;3.432;3.0049,4;5;6
9021075,CONFIRMED,1,1,1,Kepler-1968 b,train,1,7.28116667,132.7518,2.716,4;5;6
9070666,CONFIRMED,1,1,1,Kepler-1408 b,train,1,2.99792926,131.76579,4.398,4;5;6
9076513,CONFIRMED,1,1,1,Kepler-611 b,train,1,2.437029217,170.73808,3.2005,4;5;6
9076971,CONFIRMED,1,1,1,Kepler-1400 b,train,1,9.06687613,134.75185,3.381,4;5;6
9077124,CONFIRMED,1,1,1,Kepler-729 b,train,1,3.166353562,170.966145,3.3129,4;5;6
9086251,CONFIRMED,1,1,1,Kepler-1833 b,train,1,6.89213244,131.63179,1.725,4;5;6
9092504,CONFIRMED,1,2,2,Kepler-1322 b;Kepler-1322 c,train,2,0.962864171;6.46004728,132.12548;135.96779,1.6802;1.979,4;5;6
9100953,CONFIRMED,1,2,1,Kepler-1610 b;Kepler-1610 c,train,1,8.70179611,138.24633,3.048,4;5;6
9101496,CONFIRMED,1,2,1,Kepler-335 b;Kepler-335 c,train,1,6.56226483,132.61123,4.0144,4;5;6
9112931,CONFIRMED,1,1,1,Kepler-1161 b,train,1,10.71253475,137.16499,2.7186,4;5;6
9115800,CONFIRMED,1,1,1,Kepler-548 b,train,1,4.454194254,172.8202233,2.3061,4;5;6
9117416,CONFIRMED,1,2,2,Kepler-1921 c;Kepler-1921 b,train,2,3.15722086;20.034708,131.69915;145.4541,3.762;6.49,4;5;6
9141746,CONFIRMED,1,2,2,Kepler-730 c;Kepler-730 b,train,2,2.85188338;6.491682808,132.1455;174.633553,2.666;4.301,4;5;6
9146018,CONFIRMED,1,3,3,Kepler-192 d;Kepler-192 b;Kepler-192 c,train,3,6.47027706;9.9267215;21.22349325,136.50567;175.68671;170.37387,3.343;3.8428;4.9416,4;5;6
9150827,CONFIRMED,1,1,1,Kepler-1749 b,train,1,14.53410833,145.42643,3.3094,4;5;6
9157634,CONFIRMED,1,1,1,Kepler-586 b,train,1,2.104721971,171.044219,1.7547,4;5;6
9166862,CONFIRMED,1,1,1,Kepler-731 b,train,1,3.855603916,170.6787843,3.2179,4;5;6
9183378,CONFIRMED,1,1,1,Kepler-1571 b,train,1,3.38557445,133.97411,1.879,4;5;6
9205907,CONFIRMED,1,1,1,Kepler-1851 b,train,1,12.02295362,136.20687,1.2667,4;5;6
9209624,CONFIRMED,1,2,2,Kepler-387 b;Kepler-387 c,train,2,6.79164656;11.8376933,136.48519;142.21212,3.343;3.381,4;5;6
9210387,CONFIRMED,1,1,1,Kepler-1837 b,train,1,5.90608902,131.56096,2.409,4;5;6
9214942,CONFIRMED,1,1,1,Kepler-833 b,train,1,18.75470238,141.7172,3.0331,4;5;6
9229657,CONFIRMED,1,1,1,Kepler-1257 b,train,1,2.66831274,131.68823,2.4141,4;5;6
9230021,CONFIRMED,1,1,1,Kepler-1497 b,train,1,8.74192361,135.42727,4.235,4;5;6
9244756,CONFIRMED,1,1,1,Kepler-1779 b,train,1,16.34355902,145.04116,5.474,4;5;6
9264949,CONFIRMED,1,1,1,Kepler-835 b,train,1,11.41911886,186.30498,5.135,4;5;6
9266431,CONFIRMED,1,1,1,Kepler-1726 b,train,1,18.39629744,185.13946,2.7838,4;5;6
9269042,CONFIRMED,1,1,1,Kepler-1221 b,train,1,12.00089667,142.04182,3.266,4;5;6
9269281,CONFIRMED,1,1,1,Kepler-1748 b,train,1,5.82348911,354.99602,2.2441,4;5;6
9271752,CONFIRMED,1,1,1,Kepler-836 b,train,1,11.36113254,136.92584,4.1886,4;5;6
9277896,CONFIRMED,1,1,1,Kepler-915 b,train,1,4.59489816,133.83995,3.1381,4;5;6
9278725,CONFIRMED,1,1,1,Kepler-1148 b,train,1,1.104462494,132.32134,1.0458,4;5;6
9279669,CONFIRMED,1,1,1,Kepler-612 b,train,1,3.722158895,171.560055,1.9941,4;5;6
9285568,CONFIRMED,1,1,1,Kepler-1575 b,train,1,2.55315031,132.44849,1.849,4;5;6
9304101,CONFIRMED,1,1,1,Kepler-1079 b,train,1,13.24503482,142.00573,4.4078,4;5;6
9305831,CONFIRMED,1,1,1,Kepler-44 b,train,1,3.246732048,133.379165,3.0535,4;5;6
9307509,CONFIRMED,1,1,1,Kepler-1794 b,train,1,9.76293284,139.15802,3.064,4;5;6
9336200,CONFIRMED,1,1,1,Kepler-1153 b,train,1,1.755843555,133.15509,1.9425,4;5;6
9347009,CONFIRMED,1,1,1,Kepler-1030 b,train,1,19.32945602,133.26717,3.794,4;5;6
9347899,CONFIRMED,1,3,1,Kepler-31 b;Kepler-31 c;Kepler-31 d,train,1,20.86021229,180.017757,5.1937,4;5;6
9351316,CONFIRMED,1,2,1,Kepler-1086 b;Kepler-1086 c,train,1,18.78429232,137.88207,3.1136,4;5;6
9351920,CONFIRMED,1,1,1,Kepler-1111 b,train,1,8.79618433,135.67645,3.3781,4;5;6
9353314,CONFIRMED,1,1,1,Kepler-1007 b,train,1,5.18498961,131.8814,2.1397,4;5;6
9353742,CONFIRMED,1,1,1,Kepler-1523 b,train,1,0.938750221,131.68256,1.3568,4;5;6
9364290,CONFIRMED,1,2,2,Kepler-382 b;Kepler-382 c,train,2,5.26211833;12.1628195,136.37566;137.52402,3.244;2.3161,4;5;6
9364609,CONFIRMED,1,1,1,Kepler-1114 b,train,1,14.97436238,141.50057,2.4461,4;5;6
9366617,CONFIRMED,1,1,1,Kepler-1570 b,train,1,26.5487294,137.24401,7.968,4;5;6
9388479,CONFIRMED,1,2,2,Kepler-732 c;Kepler-732 b,train,2,0.893040969;9.467821474,134.540342;178.415842,1.0981;2.4327,4;5;6
9390653,CONFIRMED,1,1,1,Kepler-504 b,train,1,9.549277089,175.757183,1.5832,4;5;6
9391208,CONFIRMED,1,1,1,Kepler-837 b,train,1,16.56062577,133.49703,2.611,4;5;6
9391506,CONFIRMED,1,1,1,Kepler-838 b,train,1,15.74958583,150.24579,4.6672,4;5;6
9395024,CONFIRMED,1,1,1,Kepler-1216 b,train,1,4.37033233,131.92696,2.845,4;5;6
9405595,CONFIRMED,1,1,1,Kepler-1797 b,train,1,23.3593589,144.01826,5.389,4;5;6
9406990,CONFIRMED,1,1,1,Kepler-733 b,train,1,20.83426731,176.58569,4.0454,4;5;6
9410930,CONFIRMED,1,1,1,Kepler-41 b,train,1,1.855557556,137.181028,2.35672,4;5;6
9411166,CONFIRMED,1,2,1,Kepler-1016 b;Kepler-1016 c,train,1,1.954525966,132.29679,2.0944,4;5;6
9411412,CONFIRMED,1,1,1,Kepler-1096 b,train,1,2.892216772,132.87726,1.3596,4;5;6
9412760,CONFIRMED,1,2,2,Kepler-345 b;Kepler-345 c,train,2,7.41556471;9.38740646,137.81512;137.38383,1.973;1.6165,4;5;6
9415108,CONFIRMED,1,1,1,Kepler-1108 b,train,1,4.51005082,134.56954,2.1533,4;5;6
9415172,CONFIRMED,1,3,3,Kepler-255 d;Kepler-255 b;Kepler-255 c,train,3,1.04562195;5.71462396;9.94602357,133.91912;132.63866;171.70192,1.8955;2.336;3.3862,4;5;6
9450647,CONFIRMED,1,1,1,Kepler-465 b,train,1,9.940666412,135.21559,3.9092,4;5;6
9451706,CONFIRMED,1,3,2,Kepler-127 b;Kepler-127 c;Kepler-127 d,train,2,14.4359459;29.39337161,141.51253;209.06737,3.414;7.0445,4;5;6
9455556,CONFIRMED,1,2,2,Kepler-294 b;Kepler-294 c,train,2,3.70122061;6.62643441,180.27172;183.98789,2.523;3.1752,4;5;6
9458343,CONFIRMED,1,1,1,Kepler-1156 b,train,1,11.89520436,132.8908,3.433,4;5;6
9458613,CONFIRMED,1,5,3,Kepler-33 b;Kepler-33 c;Kepler-33 d;Kepler-33 e;Kepler-33 f,train,3,5.66815821;13.17555999;21.77568158,131.88743;143.6789;189.63828,4.9064;6.6677;7.9588,4;5;6
9466668,CONFIRMED,1,4,4,Kepler-256 b;Kepler-256 c;Kepler-256 d;Kepler-256 e,train,4,1.620467654;3.388012244;5.83909761;10.6816951,132.06388;170.5336;132.09261;131.55082,2.1888;2.6849;3.1915;3.605,4;5;6
9468551,CONFIRMED,1,1,1,Kepler-1399 b,train,1,1.638652525,132.29025,1.952,4;5;6
9471268,CONFIRMED,1,3,3,Kepler-326 b;Kepler-326 c;Kepler-326 d,train,3,2.248288213;4.580346161;6.76690759,133.425805;134.0754;136.61633,2.0361;2.097;1.7062,4;5;6
9472074,CONFIRMED,1,1,1,Kepler-1873 b,train,1,0.558841234,131.57991,0.7918,4;5;6
9473078,CONFIRMED,1,1,1,Kepler-1087 b,train,1,0.693842661,132.18157,1.6197,4;5;6
9479273,CONFIRMED,1,1,1,Kepler-734 b,train,1,6.104849417,169.573477,4.6912,4;5;6
9480189,CONFIRMED,1,3,3,Kepler-257 b;Kepler-257 c;Kepler-257 d,train,3,2.382652873;6.581477136;24.66461416,170.66626;174.787814;189.02031,1.8888;3.0896;2.8579,4;5;6
9480310,CONFIRMED,1,1,1,Kepler-1668 b,train,1,15.43400996,363.29494,4.2572,4;5;6
9489524,CONFIRMED,1,3,3,Kepler-352 d;Kepler-352 b;Kepler-352 c,train,3,6.8873113;10.05550267;16.33269981,132.0711;173.2234;136.90909,2.214;2.951;2.174,4;5;6
9512687,CONFIRMED,1,1,1,Kepler-735 b,train,1,11.51517167,174.85855,2.006,4;5;6
9513865,CONFIRMED,1,1,1,Kepler-736 b,train,1,3.601465336,171.99184,2.2753,4;5;6
9518318,CONFIRMED,1,2,2,Kepler-346 b;Kepler-346 c,train,2,6.51112385;23.85163321,131.70646;147.61456,1.6919;2.4453,4;5;6
9529744,CONFIRMED,1,2,2,Kepler-320 b;Kepler-320 c,train,2,8.37159554;17.9346606,137.68075;138.21679,5.252;6.25,4;5;6
9530945,CONFIRMED,1,2,2,Kepler-216 b;Kepler-216 c,train,2,7.69363627;17.40665216,176.5035;171.00688,5.0324;6.864,4;5;6
9532052,CONFIRMED,1,1,1,Kepler-67 b,train,1,15.72585941,133.98774,3.8284,4;5;6
9569711,CONFIRMED,1,1,1,Kepler-1912 b,train,1,6.05919881,133.67437,1.365,4;5;6
9573539,CONFIRMED,1,1,1,Kepler-484 b,train,1,10.04556377,129.09371,3.2027,4;5;6
9573685,CONFIRMED,1,1,1,Kepler-1074 b,train,1,5.94565516,133.99359,2.1604,4;5;6
9578686,CONFIRMED,1,1,1,Kepler-651 b,train,1,21.3851584,178.78285,4.0819,4;5;6
9583881,CONFIRMED,1,1,1,Kepler-562 b,train,1,18.00932214,182.441015,4.9611,4;5;6
9589323,CONFIRMED,1,1,1,Kepler-861 b,train,1,3.949627144,134.61096,1.5485,4;5;6
9592705,CONFIRMED,1,1,1,Kepler-1714 b,train,1,10.27532513,177.27227,6.3093,4;5;6
9595827,CONFIRMED,1,1,1,Kepler-71 b,train,1,3.905081685,133.4150433,2.8213,4;5;6
9597058,CONFIRMED,1,1,1,Kepler-962 b,train,1,12.05705659,135.41595,2.3462,4;5;6
9597345,CONFIRMED,1,3,1,Kepler-218 b;Kepler-218 c;Kepler-218 d,train,1,3.619309734,135.44164,3.0504,4;5;6
9597806,CONFIRMED,1,1,1,Kepler-860 b,train,1,5.101375725,357.48217,2.595,4;5;6
9602613,CONFIRMED,1,1,1,Kepler-1994 b,train,1,4.61225043,133.86134,2.695,4;5;6
9605514,CONFIRMED,1,2,1,Kepler-1666 b;Kepler-1666 c,train,1,25.8474958,188.874,5.985,4;5;6
9607164,CONFIRMED,1,1,1,Kepler-614 b,train,1,14.03490255,171.60491,3.638,4;5;6
9631762,CONFIRMED,1,1,1,Kepler-615 b,train,1,10.35586478,175.68106,2.8431,4;5;6
9636135,CONFIRMED,1,2,2,Kepler-864 c;Kepler-864 b,train,2,2.42150341;5.83376197,133.83517;138.74892,2.965;3.9988,4;5;6
9642292,CONFIRMED,1,1,1,Kepler-1392 b,train,1,15.1408916,143.74584,4.359,4;5;6
9650808,CONFIRMED,1,2,1,Kepler-344 b;Kepler-344 c,train,1,21.96401646,133.03586,2.7509,4;5;6
9650989,CONFIRMED,1,1,1,Kepler-1905 b,train,1,3.42390809,132.88326,1.773,4;5;6
9651668,CONFIRMED,1,1,1,Kepler-423 b,train,1,2.684328541,133.3548095,2.69382,4;5;6
9653622,CONFIRMED,1,1,1,Kepler-2002 b,train,1,19.0054098,144.15574,1.843,4;5;6
9663113,CONFIRMED,1,2,1,Kepler-458 c;Kepler-458 b,train,1,20.74028645,142.80003,10.3939,4;5;6
9664142,CONFIRMED,1,1,1,Kepler-1305 b,train,1,13.5631157,140.65364,5.438,4;5;6
9693006,CONFIRMED,1,1,1,Kepler-1385 b,train,1,2.88878583,132.33651,2.977,4;5;6
9696358,CONFIRMED,1,1,1,Kepler-1274 b,train,1,6.98141327,132.7883,6.527,4;5;6
9701962,CONFIRMED,1,1,1,Kepler-1617 b,train,1,27.4784659,148.6101,7.5,4;5;6
9702006,CONFIRMED,1,1,1,Kepler-1953 b,train,1,6.24564633,137.16241,2.459,4;5;6
9702072,CONFIRMED,1,1,1,Kepler-652 b,train,1,4.182001885,172.789576,2.2209,4;5;6
9704384,CONFIRMED,1,1,1,Kepler-1012 b,train,1,5.50860699,132.2983,3.0788,4;5;6
9710326,CONFIRMED,1,1,1,Kepler-737 b,train,1,28.59914031,189.92667,3.6567,4;5;6
9716391,CONFIRMED,1,1,1,Kepler-1413 b,train,1,13.1829329,141.82648,3.594,4;5;6
9717943,CONFIRMED,1,1,1,Kepler-1169 b,train,1,6.11010439,136.91214,2.314,4;5;6
9718066,CONFIRMED,1,2,2,Kepler-378 b;Kepler-378 c,train,2,16.09227518;28.9060526,142.51659;158.82431,2.1072;3.099,4;5;6
9726659,CONFIRMED,1,1,1,Kepler-862 b,train,1,3.148661555,356.93612,2.1978,4;5;6
9735426,CONFIRMED,1,1,1,Kepler-979 b,train,1,8.08801663,138.73516,1.8334,4;5;6
9753154,CONFIRMED,1,1,1,Kepler-1244 b,train,1,3.70429015,132.21478,3.37,4;5;6
9761615,CONFIRMED,1,1,1,Kepler-1528 b,train,1,1.79110997,131.95636,2.0917,4;5;6
9761882,CONFIRMED,1,1,1,Kepler-738 b,train,1,24.58716355,173.70572,3.984,4;5;6
9763348,CONFIRMED,1,1,1,Kepler-982 b,train,1,15.77382794,137.53051,4.957,4;5;6
9763612,CONFIRMED,1,1,1,Kepler-1507 b,train,1,16.0505464,141.73408,3.171,4;5;6
9765975,CONFIRMED,1,1,1,Kepler-877 b,train,1,18.45848388,138.1635,3.3703,4;5;6
9766437,CONFIRMED,1,1,1,Kepler-739 b,train,1,12.53248222,170.76535,4.0168,4;5;6
9775938,CONFIRMED,1,2,1,Kepler-258 b;Kepler-258 c,train,1,13.19720694,171.545479,3.4872,4;5;6
9782691,CONFIRMED,1,2,1,Kepler-193 b;Kepler-193 c,train,1,11.38840217,174.55377,3.6949,4;5;6
9785921,CONFIRMED,1,1,1,Kepler-1997 b,train,1,26.7575866,137.28717,5.858,4;5;6
9790806,CONFIRMED,1,1,1,Kepler-1066 b,train,1,1.93155546,131.76708,1.614,4;5;6
9818381,CONFIRMED,1,1,1,Kepler-43 b,train,1,3.024092505,132.4168573,2.8021,4;5;6
9818462,CONFIRMED,1,1,1,Kepler-878 b,train,1,25.9421582,156.18894,4.045,4;5;6
9820483,CONFIRMED,1,1,1,Kepler-740 b,train,1,3.584101048,170.427829,2.7316,4;5;6
9821454,CONFIRMED,1,2,2,Kepler-59 b;Kepler-59 c,train,2,11.8693144;17.9776037,137.721;147.7515,4.653;4.605,4;5;6
9823457,CONFIRMED,1,2,1,Kepler-259 b;Kepler-259 c,train,1,8.11528727,174.52257,3.211,4;5;6
9823487,CONFIRMED,1,1,1,Kepler-1753 b,train,1,16.00460392,140.47981,3.9475,4;5;6
9823519,CONFIRMED,1,2,2,Kepler-1350 c;Kepler-1350 b,train,2,1.766789509;4.49686066,133.08336;134.20642,1.3345;1.7306,4;5;6
9824805,CONFIRMED,1,1,1,Kepler-881 b,train,1,4.4444826,133.46308,3.686,4;5;6
9825625,CONFIRMED,1,1,1,Kepler-741 b,train,1,7.03902016,175.73059,3.8633,4;5;6
9828127,CONFIRMED,1,1,1,Kepler-1564 b,train,1,18.0541469,147.7943,4.587,4;5;6
9834040,CONFIRMED,1,1,1,Kepler-1044 b,train,1,6.77408984,135.95524,2.6215,4;5;6
9837661,CONFIRMED,1,3,3,Kepler-1321 c;Kepler-1321 d;Kepler-1321 b,train,3,2.226496196;5.72084599;11.12827427,133.37195;134.66576;139.54417,1.7073;2.744;2.6118,4;5;6
9837685,CONFIRMED,1,1,1,Kepler-1247 b,train,1,13.71218522,135.51875,2.437,4;5;6
9838949,CONFIRMED,1,1,1,Kepler-935 b,train,1,4.88084456,136.19585,2.5574,4;5;6
9880190,CONFIRMED,1,1,1,Kepler-1263 b,train,1,4.5513988,133.05954,2.457,4;5;6
9881077,CONFIRMED,1,1,1,Kepler-1337 b,train,1,24.4004378,135.62326,2.987,4;5;6
9881662,CONFIRMED,1,2,1,Kepler-140 b;Kepler-140 c,train,1,3.254277742,172.66256,2.9903,4;5;6
9883606,CONFIRMED,1,1,1,Kepler-1598 b,train,1,4.34195312,134.18767,2.598,4;5;6
9884104,CONFIRMED,1,3,2,Kepler-219 b;Kepler-219 c;Kepler-219 d,train,2,4.585466941;22.71443351,169.86095;147.29684,3.4437;6.0875,4;5;6
9886661,CONFIRMED,1,1,1,Kepler-905 b,train,1,5.082748362,133.21176,1.7732,4;5;6
9892816,CONFIRMED,1,4,3,Kepler-342 e;Kepler-342 b;Kepler-342 c;Kepler-342 d,train,3,1.644221032;15.17026921;26.2347447,131.75241;132.6655;141.99379,2.9122;4.3311;3.536,4;5;6
9893318,CONFIRMED,1,1,1,Kepler-1307 b,train,1,18.0161227,145.24169,4.016,4;5;6
9895006,CONFIRMED,1,1,1,Kepler-936 b,train,1,10.56137217,133.76396,3.2645,4;5;6
9898017,CONFIRMED,1,1,1,Kepler-1960 b,train,1,2.29794819,131.49826,2.84,4;5;6
9898447,CONFIRMED,1,1,1,Kepler-1877 b,train,1,2.37752442,133.39854,2.307,4;5;6
9904006,CONFIRMED,1,2,1,Kepler-361 b;Kepler-361 c,train,1,8.48651582,138.01698,5.267,4;5;6
9907129,CONFIRMED,1,1,1,Kepler-1436 b,train,1,9.705693,140.3709,7.702,4;5;6
9909735,CONFIRMED,1,2,2,Kepler-318 b;Kepler-318 c,train,2,4.66271902;11.8150174,134.08296;133.08929,2.757;2.834,4;5;6
9941662,CONFIRMED,1,1,1,Kepler-13 b,train,1,1.763587535,120.5659254,3.16877,4;5;6
9941859,CONFIRMED,1,3,2,Kepler-178 b;Kepler-178 c;Kepler-178 d,train,2,9.57665962;20.55280311,176.683759;145.02837,3.3603;2.2013,4;5;6
9950612,CONFIRMED,1,4,3,Kepler-220 b;Kepler-220 c;Kepler-220 d;Kepler-220 e,train,3,4.159816554;9.034190783;28.1224393,133.78616;171.015329;146.91763,1.6261;1.5501;4.174,4;5;6
9956082,CONFIRMED,1,1,1,Kepler-1557 b,train,1,3.74031708,134.70305,2.394,4;5;6
9958962,CONFIRMED,1,3,1,Kepler-616 b;Kepler-616 d;Kepler-616 c,train,1,9.99760285,171.78828,3.4423,4;5;6
9963265,CONFIRMED,1,1,1,Kepler-1819 b,train,1,16.48686712,139.20338,1.431,4;5;6
9963524,CONFIRMED,1,4,4,Kepler-221 b;Kepler-221 c;Kepler-221 d;Kepler-221 e,train,4,2.79590004;5.69059163;10.04157214;18.36974658,132.72971;174.04885;137.08442;131.86573,2.056;2.557;2.6577;2.939,4;5;6
9964801,CONFIRMED,1,1,1,Kepler-654 b,train,1,13.72462702,180.64807,6.9758,4;5;6
9967771,CONFIRMED,1,2,2,Kepler-990 c;Kepler-990 b,train,2,0.53835407;9.91724268,131.64999;135.1389,1.5045;3.2241,4;5;6
9973109,CONFIRMED,1,1,1,Kepler-1056 b,train,1,27.495634,133.28538,4.858,4;5;6
9992325,CONFIRMED,1,1,1,Kepler-1140 b,train,1,24.08632177,148.20086,2.236,4;5;6
10000941,CONFIRMED,1,1,1,Kepler-1558 b,train,1,3.50472344,133.72225,1.9464,4;5;6
10001368,CONFIRMED,1,1,1,Kepler-1344 b,train,1,4.76831033,134.86116,3.2363,4;5;6
10002866,CONFIRMED,1,3,3,Kepler-222 b;Kepler-222 c;Kepler-222 d,train,3,3.936993144;10.08881066;28.08185982,169.650592;173.083353;194.91696,1.887;1.7726;4.5288,4;5;6
10004519,CONFIRMED,1,1,1,Kepler-894 b,train,1,9.80321143,363.98686,4.4617,4;5;6
10004738,CONFIRMED,1,3,1,Kepler-310 b;Kepler-310 c;Kepler-310 d,train,1,13.93068791,134.42851,2.312,4;5;6
10005788,CONFIRMED,1,1,1,Kepler-1022 b,train,1,10.99470891,137.35769,1.5929,4;5;6
10018233,CONFIRMED,1,1,1,Kepler-1306 b,train,1,16.2959916,133.90784,2.116,4;5;6
10022908,CONFIRMED,1,1,1,Kepler-900 b,train,1,6.99130452,135.46291,2.1568,4;5;6
10024051,CONFIRMED,1,1,1,Kepler-1228 b,train,1,0.577369336,132.425795,1.0852,4;5;6
10024701,CONFIRMED,1,1,1,Kepler-1046 b,train,1,14.37504582,139.05924,3.208,4;5;6
10027323,CONFIRMED,1,2,1,Kepler-309 b;Kepler-309 c,train,1,5.92365747,134.68361,2.6302,4;5;6
10028535,CONFIRMED,1,1,1,Kepler-1259 b,train,1,0.663085361,131.97961,1.1522,4;5;6
10055126,CONFIRMED,1,3,2,Kepler-311 b;Kepler-311 c;Kepler-311 d,train,2,9.17617167;19.7383992,138.71393;133.28544,4.2642;4.894,4;5;6
10059645,CONFIRMED,1,1,1,Kepler-1265 b,train,1,6.49441464,132.25189,2.344,4;5;6
10063208,CONFIRMED,1,1,1,Kepler-1583 b,train,1,9.3281912,132.85459,3.991,4;5;6
10064256,CONFIRMED,1,1,1,Kepler-1692 b,train,1,5.95958637,135.00822,2.899,4;5;6
10068659,CONFIRMED,1,1,1,Kepler-1287 b,train,1,11.47685263,139.63194,2.756,4;5;6
10070468,CONFIRMED,1,1,1,Kepler-1297 b,train,1,1.68189051,133.07951,2.992,4;5;6
10089911,CONFIRMED,1,1,1,Kepler-1543 b,train,1,6.96704926,138.24776,3.73,4;5;6
10094670,CONFIRMED,1,1,1,Kepler-1677 b,train,1,22.06402,148.9199,4.1,4;5;6
10118816,CONFIRMED,1,1,1,Kepler-1735 b,train,1,7.71790675,139.15725,1.84,4;5;6
10122255,CONFIRMED,1,1,1,Kepler-765 b,train,1,27.6652847,144.8714,6.633,4;5;6
10122538,CONFIRMED,1,4,3,Kepler-1388 c;Kepler-1388 b;Kepler-1388 d;Kepler-1388 e,train,3,5.53609368;12.2854718;20.9569985,131.88286;131.90073;139.07664,2.2942;2.996;3.493,4;5;6
10130039,CONFIRMED,1,3,3,Kepler-334 b;Kepler-334 c;Kepler-334 d,train,3,5.47033376;12.75800092;25.0985083,131.49548;133.95888;145.56829,3.1441;4.1828;2.7727,4;5;6
10132832,CONFIRMED,1,1,1,Kepler-1186 b,train,1,16.07673148,143.39091,2.205,4;5;6
10136549,CONFIRMED,1,2,2,Kepler-337 b;Kepler-337 c,train,2,3.29276797;9.69315023,133.00741;132.81362,4.8069;5.6725,4;5;6
10141900,CONFIRMED,1,3,3,Kepler-763 b;Kepler-763 c;Kepler-763 d,train,3,1.196548464;4.09667624;6.50327035,132.53363;133.09833;135.26657,1.2592;2.19;2.591,4;5;6
10153855,CONFIRMED,1,1,1,Kepler-1037 b,train,1,1.06378861,131.52465,1.072,4;5;6
10155434,CONFIRMED,1,1,1,Kepler-1720 b,train,1,12.70636123,180.63164,2.395,4;5;6
10189546,CONFIRMED,1,3,1,Kepler-549 d;Kepler-549 b;Kepler-549 c,train,1,24.61480613,191.741225,2.6602,4;5;6
10212441,CONFIRMED,1,1,1,Kepler-1199 b,train,1,15.0447098,133.20895,5.823,4;5;6
10214162,CONFIRMED,1,1,1,Kepler-941 b,train,1,17.42393582,148.82614,4.929,4;5;6
10227020,CONFIRMED,1,4,4,Kepler-223 b;Kepler-223 c;Kepler-223 d;Kepler-223 e,train,4,7.38443269;9.84824649;14.78767172;19.7243672,137.47412;138.38845;176.79399;135.05923,5.7351;5.7471;6.1191;7.202,4;5;6
10252275,CONFIRMED,1,2,2,Kepler-1907 b;Kepler-1907 c,train,2,5.65245733;14.8638496,136.97891;142.95729,2.062;2.705,4;5;6
10253547,CONFIRMED,1,2,1,Kepler-364 b;Kepler-364 c,train,1,25.7457957,135.94806,7.073,4;5;6
10264660,CONFIRMED,1,1,1,Kepler-14 b,train,1,6.790120801,138.088199,6.0437,4;5;6
10265898,CONFIRMED,1,2,2,Kepler-656 b;Kepler-656 c,train,2,1.260258822;5.25449393,170.408984;132.55624,1.8594;3.078,4;5;6
10266615,CONFIRMED,1,1,1,Kepler-587 b,train,1,10.94026745,170.30551,2.3494,4;5;6
10271806,CONFIRMED,1,4,4,Kepler-224 b;Kepler-224 c;Kepler-224 d;Kepler-224 e,train,4,3.13295351;5.924993927;11.34934848;18.64349986,135.67494;169.71629;134.31805;141.62687,2.2207;2.8874;3.1101;1.8491,4;5;6
10272442,CONFIRMED,1,1,1,Kepler-657 b,train,1,24.5434566,187.92215,7.2518,4;5;6
10272640,CONFIRMED,1,1,1,Kepler-762 b,train,1,3.770551475,357.11836,3.8077,4;5;6
10285631,CONFIRMED,1,1,1,Kepler-525 b,train,1,18.68405716,170.83245,6.9329,4;5;6
10289119,CONFIRMED,1,1,1,Kepler-1219 b,train,1,16.10474503,135.01186,5.712,4;5;6
10290666,CONFIRMED,1,1,1,Kepler-526 b,train,1,5.45849914,172.08857,4.0448,4;5;6
10318874,CONFIRMED,1,1,1,Kepler-94 b,train,1,2.508057497,135.000657,1.1134,4;5;6
10329835,CONFIRMED,1,1,1,Kepler-1075 b,train,1,1.52373073,131.61813,1.4796,4;5;6
10332213,CONFIRMED,1,1,1,Kepler-1885 b,train,1,2.522590567,131.64534,1.406,4;5;6
10332883,CONFIRMED,1,1,1,Kepler-994 b,train,1,1.151166776,133.231766,1.0907,4;5;6
10337258,CONFIRMED,1,1,1,Kepler-527 b,train,1,13.28536452,169.86052,6.283,4;5;6
10337517,CONFIRMED,1,2,2,Kepler-783 b;Kepler-783 c,train,2,4.29263699;7.053934488,134.80018;136.357253,2.7;1.7244,4;5;6
10340423,CONFIRMED,1,2,2,Kepler-225 b;Kepler-225 c,train,2,6.73893544;18.79418506,135.28218;177.79426,2.813;3.2906,4;5;6
10350571,CONFIRMED,1,2,1,Kepler-784 c;Kepler-784 b,train,1,17.157236,133.68951,11.284,4;5;6
10351231,CONFIRMED,1,1,1,Kepler-1738 b,train,1,7.6746614,133.22431,1.9374,4;5;6
10358759,CONFIRMED,1,2,2,Kepler-29 b;Kepler-29 c,train,2,10.3392408;13.28689997,170.38549;172.11932,3.075;3.2825,4;5;6
10386922,CONFIRMED,1,2,1,Kepler-511 c;Kepler-511 b,train,1,26.62941953,191.99627,7.8709,4;5;6
10395381,CONFIRMED,1,1,1,Kepler-659 b,train,1,17.6717714,186.3704,3.4202,4;5;6
10397751,CONFIRMED,1,2,2,Kepler-1371 c;Kepler-1371 b,train,2,2.005414293;3.4462125,133.24526;132.22894,1.934;2.101,4;5;6
10404582,CONFIRMED,1,2,1,Kepler-362 b;Kepler-362 c,train,1,10.32736351,139.37228,1.889,4;5;6
10407482,CONFIRMED,1,1,1,Kepler-1577 b,train,1,6.30558387,131.53058,2.619,4;5;6
10454313,CONFIRMED,1,1,1,Kepler-588 b,train,1,4.221626193,173.699895,3.0619,4;5;6
10454632,CONFIRMED,1,1,1,Kepler-992 b,train,1,20.16037858,144.34281,4.13,4;5;6
10460984,CONFIRMED,1,4,3,Kepler-164 b;Kepler-164 c;Kepler-164 d;Kepler-164 e,train,3,5.03505665;10.94577783;28.9869016,132.65597;176.71834;134.7812,1.804;3.0937;3.6233,4;5;6
10468885,CONFIRMED,1,1,1,Kepler-1284 b,train,1,0.664074145,133.40285,1.0925,4;5;6
10468940,CONFIRMED,1,2,2,Kepler-273 b;Kepler-273 c,train,2,2.936527336;8.01500821,135.71829;134.8277,1.771;3.0137,4;5;6
10471515,CONFIRMED,1,1,1,Kepler-1395 b,train,1,3.7847507,133.50785,2.924,4;5;6
10480915,CONFIRMED,1,1,1,Kepler-1785 b,train,1,19.58561177,132.36472,1.755,4;5;6
10482160,CONFIRMED,1,1,1,Kepler-1739 b,train,1,7.34373964,137.29874,1.1784,4;5;6
10525027,CONFIRMED,1,1,1,Kepler-1049 b,train,1,3.27344784,134.45023,1.7292,4;5;6
10526887,CONFIRMED,1,1,1,Kepler-1578 b,train,1,1.450889836,132.2306,1.753,4;5;6
10531955,CONFIRMED,1,1,1,Kepler-1141 b,train,1,2.344512589,132.87316,1.4116,4;5;6
10538176,CONFIRMED,1,2,1,Kepler-284 b;Kepler-284 c,train,1,12.69905011,184.9868,2.9899,4;5;6
10545066,CONFIRMED,1,1,1,Kepler-528 b,train,1,19.7830259,177.72013,5.4898,4;5;6
10549023,CONFIRMED,1,1,1,Kepler-1112 b,train,1,14.36270451,141.435,4.564,4;5;6
10552611,CONFIRMED,1,2,2,Kepler-141 b;Kepler-141 c,train,2,3.10762684;7.0106324,132.63359;174.57542,2.361;3.0688,4;5;6
10554999,CONFIRMED,1,2,2,Kepler-179 b;Kepler-179 c,train,2,2.735900074;6.400157105,171.0964;174.02214,1.9359;2.0004,4;5;6
10577994,CONFIRMED,1,2,2,Kepler-165 b;Kepler-165 c,train,2,8.1808949;15.31296388,176.69885;171.79412,2.7546;3.0935,4;5;6
10583761,CONFIRMED,1,1,1,Kepler-1179 b,train,1,2.685054445,132.60443,1.0473,4;5;6
10585852,CONFIRMED,1,1,1,Kepler-815 b,train,1,8.57504983,140.14063,8.653,4;5;6
10586208,CONFIRMED,1,1,1,Kepler-811 b,train,1,23.58444746,145.95798,5.5545,4;5;6
10587105,CONFIRMED,1,3,2,Kepler-529 b;Kepler-529 c;Kepler-529 d,train,2,1.980356674;12.8344771,170.139601;138.32626,2.4743;3.846,4;5;6
10591855,CONFIRMED,1,1,1,Kepler-1367 b,train,1,1.574090323,131.86116,1.5796,4;5;6
10593535,CONFIRMED,1,1,1,Kepler-1568 b,train,1,20.9254083,134.8986,6.783,4;5;6
10599206,CONFIRMED,1,1,1,Kepler-566 b,train,1,18.42794957,178.43963,2.9264,4;5;6
10600261,CONFIRMED,1,3,2,Kepler-194 b;Kepler-194 c;Kepler-194 d,train,2,2.09227115;17.30795548,133.06258;176.94326,2.4062;5.1126,4;5;6
10604335,CONFIRMED,1,2,1,Kepler-283 b;Kepler-283 c,train,1,11.00817635,143.22611,2.013,4;5;6
10604592,CONFIRMED,1,1,1,Kepler-1957 b,train,1,2.18660188,131.94832,1.585,4;5;6
10616679,CONFIRMED,1,1,1,Kepler-550 b,train,1,8.600099313,172.529281,4.0077,4;5;6
10619192,CONFIRMED,1,1,1,Kepler-17 b,train,1,1.485710994,132.7935653,2.2874,4;5;6
10656823,CONFIRMED,1,2,1,Kepler-195 b;Kepler-195 c,train,1,8.30783912,171.17201,3.1516,4;5;6
10662202,CONFIRMED,1,1,1,Kepler-662 b,train,1,21.67699193,171.53594,3.4555,4;5;6
10663396,CONFIRMED,1,1,1,Kepler-1069 b,train,1,23.8990075,151.39847,15.955,4;5;6
10669994,CONFIRMED,1,1,1,Kepler-1594 b,train,1,2.71603664,132.35962,1.744,4;5;6
10670119,CONFIRMED,1,2,2,Kepler-369 b;Kepler-369 c,train,2,2.732767897;14.87149773,354.09581;137.69573,1.1102;2.4076,4;5;6
10676014,CONFIRMED,1,1,1,Kepler-954 b,train,1,16.78175788,139.79356,3.7386,4;5;6
10676824,CONFIRMED,1,1,1,Kepler-1724 b,train,1,6.45442931,173.21478,2.6772,4;5;6
10682541,CONFIRMED,1,1,1,Kepler-663 b,train,1,4.99677968,171.74208,2.1717,4;5;6
10684670,CONFIRMED,1,1,1,Kepler-1189 b,train,1,3.78861833,134.61419,2.808,4;5;6
10686864,CONFIRMED,1,1,1,Kepler-917 b,train,1,2.97041801,133.39136,2.2369,4;5;6
10714072,CONFIRMED,1,1,1,Kepler-1541 b,train,1,8.40693068,133.42739,1.866,4;5;6
10717241,CONFIRMED,1,1,1,Kepler-551 b,train,1,12.37646897,179.404945,2.7075,4;5;6
10718726,CONFIRMED,1,1,1,Kepler-618 b,train,1,3.595769013,170.36915,3.1569,4;5;6
10723367,CONFIRMED,1,2,2,Kepler-375 b;Kepler-375 c,train,2,12.12580644;19.9865916,142.10763;135.52265,3.289;4.391,4;5;6
10723750,CONFIRMED,1,2,1,Kepler-117 b;Kepler-117 c,train,1,18.79591276,145.821854,7.5235,4;5;6
10730034,CONFIRMED,1,2,2,Kepler-285 b;Kepler-285 c,train,2,2.633852528;6.18670882,134.56431;136.63308,2.0206;2.909,4;5;6
10730070,CONFIRMED,1,1,1,Kepler-1590 b,train,1,7.61758198,137.50008,3.545,4;5;6
10730703,CONFIRMED,1,1,1,Kepler-1191 b,train,1,5.60013327,135.96495,2.6508,4;5;6
10736489,CONFIRMED,1,1,1,Kepler-1974 b,train,1,6.842939,137.0596,2.8,4;5;6
10744335,CONFIRMED,1,1,1,Kepler-810 b,train,1,4.59726613,136.47837,2.909,4;5;6
10748390,CONFIRMED,1,1,1,Kepler-3 b,train,1,4.887803076,124.8130808,2.36255,4;5;6
10777591,CONFIRMED,1,1,1,Kepler-1637 b,train,1,6.10968225,133.80253,5.735,4;5;6
10788461,CONFIRMED,1,3,3,Kepler-1530 b;Kepler-1530 c;Kepler-1530 d,train,3,2.5903958;5.3235335;9.2075634,132.3011;133.0952;135.801,2.088;2.714;3.365,4;5;6
10793172,CONFIRMED,1,2,2,Kepler-1693 c;Kepler-1693 b,train,2,5.36375016;12.0999065,134.65014;143.04424,2.94;3.558,4;5;6
10794087,CONFIRMED,1,1,1,Kepler-1743 b,train,1,7.64970832,138.33113,6.625,4;5;6
10797460,CONFIRMED,1,2,1,Kepler-227 b;Kepler-227 c,train,1,9.48803557,170.53875,2.9575,4;5;6
10813132,CONFIRMED,1,1,1,Kepler-1215 b,train,1,4.76702759,132.69368,2.013,4;5;6
10854555,CONFIRMED,1,1,1,Kepler-664 b,train,1,2.525591777,171.59555,1.6545,4;5;6
10857519,CONFIRMED,1,1,1,Kepler-1084 b,train,1,2.053341891,134.51606,2.596,4;5;6
10858691,CONFIRMED,1,4,4,Kepler-286 b;Kepler-286 c;Kepler-286 d;Kepler-286 e,train,4,1.796320953;3.468073;5.9142668;29.2214959,133.33662;136.00831;133.49193;139.32807,1.9139;2.361;2.661;4.014,4;5;6
10858832,CONFIRMED,1,1,1,Kepler-552 b,train,1,5.263415218,174.351207,2.1446,4;5;6
10863608,CONFIRMED,1,1,1,Kepler-1210 b,train,1,8.07127043,137.76604,2.393,4;5;6
10872983,CONFIRMED,1,3,3,Kepler-228 b;Kepler-228 c;Kepler-228 d,train,3,2.56658897;4.13443512;11.09432054,179.55437;172.97937;171.20116,2.429;3.1402;4.5945,4;5;6
10873260,CONFIRMED,1,1,1,Kepler-590 b,train,1,5.852968845,171.181624,4.5973,4;5;6
10878263,CONFIRMED,1,2,2,Kepler-414 b;Kepler-414 c,train,2,4.699652821;7.170710381,177.61519;176.666844,2.553;2.9225,4;5;6
10904857,CONFIRMED,1,1,1,Kepler-488 b,train,1,3.120828136,139.466594,2.1878,4;5;6
10905239,CONFIRMED,1,2,2,Kepler-101 b;Kepler-101 c,train,2,3.487688776;6.02977241,170.932217;132.48162,3.83661;3.961,4;5;6
10905911,CONFIRMED,1,1,1,Kepler-1339 b,train,1,1.34155642,132.73743,1.6462,4;5;6
10909127,CONFIRMED,1,1,1,Kepler-1138 b,train,1,3.17059731,132.67813,1.6686,4;5;6
10910878,CONFIRMED,1,3,2,Kepler-229 b;Kepler-229 c;Kepler-229 d,train,2,6.252962249;16.06864674,171.30126;173.621937,2.5819;3.5347,4;5;6
10916600,CONFIRMED,1,1,1,Kepler-1293 b,train,1,5.57654782,136.42668,3.673,4;5;6
10924562,CONFIRMED,1,1,1,Kepler-1422 b,train,1,18.6052046,149.0376,6.829,4;5;6
10925104,CONFIRMED,1,3,3,Kepler-114 b;Kepler-114 c;Kepler-114 d,train,3,5.188563677;8.041347775;11.776132317,145.362252;143.038292;142.705753,2.3683;2.6332;2.8971,4;5;6
10933561,CONFIRMED,1,2,1,Kepler-133 b;Kepler-133 c,train,1,8.12999858,134.10067,2.1492,4;5;6
10937029,CONFIRMED,1,2,1,Kepler-553 b;Kepler-553 c,train,1,4.030466786,171.092308,2.7734,4;5;6
10963065,CONFIRMED,1,1,1,Kepler-408 b,train,1,2.465024332,132.68122,1.262,4;5;6
10963242,CONFIRMED,1,1,1,Kepler-814 b,train,1,6.1469956,135.07385,3.3153,4;5;6
10964440,CONFIRMED,1,1,1,Kepler-813 b,train,1,19.12947603,139.4353,3.9622,4;5;6
10973664,CONFIRMED,1,3,3,Kepler-619 c;Kepler-619 b;Kepler-619 d,train,3,1.208462378;5.40426917;11.67894236,133.67712;172.18553;131.5119,1.544;2.5315;1.2641,4;5;6
10973814,CONFIRMED,1,2,1,Kepler-287 b;Kepler-287 c,train,1,20.34237838,137.6952,2.3351,4;5;6
10975146,CONFIRMED,1,1,1,Kepler-808 b,train,1,0.63133171,133.94488,1.1487,4;5;6
10984090,CONFIRMED,1,2,1,Kepler-466 c;Kepler-466 b,train,1,3.709214104,133.98318,2.6302,4;5;6
10987985,CONFIRMED,1,1,1,Kepler-665 b,train,1,16.01308419,176.3608,3.2554,4;5;6
10990886,CONFIRMED,1,1,1,Kepler-568 b,train,1,11.023474798,171.114662,1.4814,4;5;6
10990917,CONFIRMED,1,1,1,Kepler-919 b,train,1,11.04605365,136.44056,4.799,4;5;6
11014932,CONFIRMED,1,4,3,Kepler-299 b;Kepler-299 c;Kepler-299 d;Kepler-299 e,train,3,2.92721119;6.88595222;15.0549356,133.82725;138.40761;144.575,2.545;4.148;4.801,4;5;6
11017901,CONFIRMED,1,1,1,Kepler-447 b,train,1,7.794302043,137.260385,1.1081,4;5;6
11019987,CONFIRMED,1,1,1,Kepler-1421 b,train,1,6.9131732,138.4219,4.73,4;5;6
11030475,CONFIRMED,1,1,1,Kepler-1813 b,train,1,2.81814715,132.25336,1.763,4;5;6
11037335,CONFIRMED,1,2,1,Kepler-300 b;Kepler-300 c,train,1,10.44635944,133.27821,2.749,4;5;6
11037511,CONFIRMED,1,1,1,Kepler-1281 b,train,1,3.11604194,133.84988,1.7763,4;5;6
11046025,CONFIRMED,1,1,1,Kepler-1759 b,train,1,3.72020708,133.41684,1.892,4;5;6
11046458,CONFIRMED,1,1,1,Kepler-424 b,train,1,3.311864148,131.7427761,1.4049,4;5;6
11069176,CONFIRMED,1,2,2,Kepler-1050 b;Kepler-1050 c,train,2,15.3789014;21.1285655,143.40629;149.27632,4.662;3.852,4;5;6
11073351,CONFIRMED,1,1,1,Kepler-592 b,train,1,2.820190603,170.787705,2.554,4;5;6
11074178,CONFIRMED,1,2,2,Kepler-1001 c;Kepler-1001 b,train,2,9.18189122;14.30517579,132.40505;135.06301,4.343;4.535,4;5;6
11074541,CONFIRMED,1,1,1,Kepler-531 b,train,1,29.88487723,173.194404,4.5612,4;5;6
11074835,CONFIRMED,1,1,1,Kepler-1270 b,train,1,6.03355539,137.121,10.049,4;5;6
11075429,CONFIRMED,1,1,1,Kepler-1137 b,train,1,23.9210408,139.07872,5.174,4;5;6
11075737,CONFIRMED,1,1,1,Kepler-97 b,train,1,2.586639524,171.842572,2.253,4;5;6
11080405,CONFIRMED,1,2,2,Kepler-386 b;Kepler-386 c,train,2,12.3101351;25.1933989,141.8765;146.4301,3.797;4.62,4;5;6
11090556,CONFIRMED,1,2,2,Kepler-1398 b;Kepler-1398 c,train,2,2.7881793;4.13827684,131.84558;133.2285,3.397;3.449,4;5;6
11121752,CONFIRMED,1,2,2,Kepler-380 b;Kepler-380 c,train,2,3.93083997;7.63008196,135.19393;137.07948,2.932;2.78,4;5;6
11127479,CONFIRMED,1,1,1,Kepler-1349 b,train,1,2.12821621,132.48055,3.146,4;5;6
11129258,CONFIRMED,1,1,1,Kepler-1381 b,train,1,25.384175,137.77326,3.576,4;5;6
11135308,CONFIRMED,1,1,1,Kepler-1352 b,train,1,1.877878538,132.26131,2.39,4;5;6
11137180,CONFIRMED,1,1,1,Kepler-1895 b,train,1,6.07032548,135.30933,1.341,4;5;6
11153121,CONFIRMED,1,2,1,Kepler-313 b;Kepler-313 c,train,1,14.97031664,134.50507,5.884,4;5;6
11176127,CONFIRMED,1,3,2,Kepler-298 b;Kepler-298 c;Kepler-298 d,train,2,10.47548084;22.92886314,152.64165;143.86271,2.3024;2.0831,4;5;6
11176166,CONFIRMED,1,1,1,Kepler-1639 b,train,1,9.8788502,134.3829,2.951,4;5;6
11187436,CONFIRMED,1,1,1,Kepler-957 b,train,1,5.90741476,133.93511,1.016,4;5;6
11187837,CONFIRMED,1,1,1,Kepler-1663 b,train,1,17.60461401,170.4984,3.716,4;5;6
11192235,CONFIRMED,1,1,1,Kepler-1826 b,train,1,1.615357809,132.7846,1.1435,4;5;6
11193263,CONFIRMED,1,1,1,Kepler-848 b,train,1,6.91134223,136.64878,5.6743,4;5;6
11194032,CONFIRMED,1,1,1,Kepler-533 b,train,1,28.51117639,187.363955,4.5941,4;5;6
11236244,CONFIRMED,1,1,1,Kepler-1246 b,train,1,11.32269749,136.05511,3.517,4;5;6
11244682,CONFIRMED,1,1,1,Kepler-1699 b,train,1,3.490785878,133.10269,1.4513,4;5;6
11250587,CONFIRMED,1,1,1,Kepler-464 b,train,1,7.256962446,134.023923,4.9402,4;5;6
11253711,CONFIRMED,1,1,1,Kepler-1031 b,train,1,1.226223959,132.6827,2.1689,4;5;6
11283615,CONFIRMED,1,1,1,Kepler-1355 b,train,1,1.289590179,131.89057,1.3541,4;5;6
11288505,CONFIRMED,1,1,1,Kepler-846 b,train,1,19.80787763,139.37983,3.453,4;5;6
11295426,CONFIRMED,1,2,2,Kepler-68 b;Kepler-68 c,train,2,5.398752862;9.60505976,173.858666;136.37863,3.4303;3.0063,4;5;6
11298298,CONFIRMED,1,1,1,Kepler-956 b,train,1,5.248667607,135.516708,1.917,4;5;6
11308499,CONFIRMED,1,2,2,Kepler-366 b;Kepler-366 c,train,2,3.28192056;12.51610549,132.42485;135.03333,2.917;4.853,4;5;6
11336883,CONFIRMED,1,1,1,Kepler-853 b,train,1,7.16893064,135.67854,4.6766,4;5;6
11337141,CONFIRMED,1,1,1,Kepler-1761 b,train,1,4.04355245,131.62995,1.965,4;5;6
11337566,CONFIRMED,1,1,1,Kepler-1298 b,train,1,7.12815163,136.88006,5.522,4;5;6
11342416,CONFIRMED,1,1,1,Kepler-1209 b,train,1,25.3690868,143.68699,4.746,4;5;6
11356260,CONFIRMED,1,1,1,Kepler-851 b,train,1,8.50698069,134.64421,2.938,4;5;6
11358389,CONFIRMED,1,2,2,Kepler-365 b;Kepler-365 c,train,2,10.66489514;17.7838298,132.00872;146.91035,3.159;3.997,4;5;6
11359879,CONFIRMED,1,1,1,Kepler-15 b,train,1,4.942783419,136.3294353,3.25346,4;5;6
11360805,CONFIRMED,1,1,1,Kepler-1232 b,train,1,26.7838935,140.75396,4.584,4;5;6
11394027,CONFIRMED,1,1,1,Kepler-1664 b,train,1,14.38682567,170.455049,2.1417,4;5;6
11401182,CONFIRMED,1,1,1,Kepler-845 b,train,1,0.927859786,133.905978,1.4279,4;5;6
11401755,CONFIRMED,1,2,2,Kepler-36 b;Kepler-36 c,train,2,13.84984567;16.23191704,141.64914;171.67758,7.2783;7.461,4;5;6
11401767,CONFIRMED,1,3,2,Kepler-372 b;Kepler-372 c;Kepler-372 d,train,2,6.84978728;20.0545282,134.66167;136.56587,4.919;7.173,4;5;6
11403339,CONFIRMED,1,1,1,Kepler-1117 b,train,1,4.79029482,134.95277,2.7219,4;5;6
11403530,CONFIRMED,1,1,1,Kepler-1412 b,train,1,3.61460332,133.09123,3.227,4;5;6
11413812,CONFIRMED,1,1,1,Kepler-998 b,train,1,5.65378163,131.71154,1.9483,4;5;6
11414511,CONFIRMED,1,1,1,Kepler-670 b,train,1,2.816504904,170.9676846,2.50587,4;5;6
11446443,CONFIRMED,1,1,1,Kepler-1 b,train,1,2.470613377,122.763305,1.74319,4;5;6
11450414,CONFIRMED,1,3,2,Kepler-347 b;Kepler-347 c;Kepler-347 d,train,2,12.7983174;27.3214242,133.64979;154.29833,6.401;4.836,4;5;6
11453592,CONFIRMED,1,1,1,Kepler-1319 b,train,1,2.8867624,131.66592,0.9879,4;5;6
11455181,CONFIRMED,1,1,1,Kepler-1437 b,train,1,10.9294815,141.5034,5.893,4;5;6
11455428,CONFIRMED,1,1,1,Kepler-1480 b,train,1,22.1270885,144.93039,4.472,4;5;6
11457726,CONFIRMED,1,1,1,Kepler-1070 b,train,1,6.22161107,131.99094,3.4117,4;5;6
11460462,CONFIRMED,1,1,1,Kepler-1104 b,train,1,5.03728033,134.1094,2.0619,4;5;6
11461433,CONFIRMED,1,1,1,Kepler-1222 b,train,1,1.916940872,132.46734,1.4243,4;5;6
11465950,CONFIRMED,1,1,1,Kepler-1862 b,train,1,16.0573291,132.39054,3.546,4;5;6
11493431,CONFIRMED,1,1,1,Kepler-847 b,train,1,2.343230566,133.20732,2.0424,4;5;6
11497958,CONFIRMED,1,5,3,Kepler-296 c;Kepler-296 b;Kepler-296 d;Kepler-296 e;Kepler-296 f,train,3,5.841636615;10.8644095;19.85029495,135.92315;131.12833;133.64933,1.8734;1.853;2.8407,4;5;6
11497977,CONFIRMED,1,1,1,Kepler-571 b,train,1,4.79860021,173.257466,3.0384,4;5;6
11499228,CONFIRMED,1,1,1,Kepler-1103 b,train,1,19.7919389,149.30719,3.787,4;5;6
11509504,CONFIRMED,1,1,1,Kepler-1573 b,train,1,2.61576515,131.97896,2.777,4;5;6
11512246,CONFIRMED,1,3,3,Kepler-23 b;Kepler-23 c;Kepler-23 d,train,3,7.10695741;10.74241765;15.27443889,138.32271;133.2867;147.57983,5.1462;6.0633;6.0765,4;5;6
11513486,CONFIRMED,1,1,1,Kepler-1969 b,train,1,6.64754478,137.13371,1.961,4;5;6
11517719,CONFIRMED,1,1,1,Kepler-840 b,train,1,2.495780169,135.336948,4.2721,4;5;6
11547505,CONFIRMED,1,1,1,Kepler-922 b,train,1,0.938466959,135.600698,1.3015,4;5;6
11547513,CONFIRMED,1,2,2,Kepler-134 b;Kepler-134 c,train,2,5.317440164;10.10575764,171.875619;135.50958,2.9331;2.0138,4;5;6
11551692,CONFIRMED,1,3,2,Kepler-411 b;Kepler-411 c;Kepler-411 d,train,2,3.005156911;7.834433676,137.103362;135.222143,2.0747;2.89,4;5;6
11554435,CONFIRMED,1,1,1,Kepler-63 b,train,1,9.43414171,177.84346,2.8112,4;5;6
11565924,CONFIRMED,1,1,1,Kepler-1364 b,train,1,13.32191461,142.7235,6.213,4;5;6
11566256,CONFIRMED,1,1,1,Kepler-1831 b,train,1,5.78387049,135.5798,1.3966,4;5;6
11568987,CONFIRMED,1,2,2,Kepler-534 c;Kepler-534 b,train,2,7.37867551;15.95995611,135.82271;171.52098,3.349;4.3149,4;5;6
11569782,CONFIRMED,1,1,1,Kepler-1150 b,train,1,2.787874175,133.90417,2.0348,4;5;6
11572193,CONFIRMED,1,1,1,Kepler-1428 b,train,1,10.6761592,140.59136,4.594,4;5;6
11599038,CONFIRMED,1,1,1,Kepler-1751 b,train,1,7.01733571,133.90592,3.567,4;5;6
11600889,CONFIRMED,1,1,1,Kepler-407 b,train,1,0.669310092,134.131388,1.6274,4;5;6
11601584,CONFIRMED,1,4,2,Kepler-324 b;Kepler-324 e;Kepler-324 d;Kepler-324 c,train,2,4.38536428;13.97945055,139.22548;142.33829,2.5126;1.2325,4;5;6
11611275,CONFIRMED,1,1,1,Kepler-1574 b,train,1,6.94245216,135.95819,3.491,4;5;6
11612280,CONFIRMED,1,1,1,Kepler-1587 b,train,1,9.4061364,137.7073,4.882,4;5;6
11614617,CONFIRMED,1,1,1,Kepler-1041 b,train,1,24.7577652,142.06826,6.998,4;5;6
11618601,CONFIRMED,1,2,2,Kepler-1894 b;Kepler-1894 c,train,2,2.76263737;5.05368985,132.99574;135.11296,1.821;2.514,4;5;6
11621223,CONFIRMED,1,1,1,Kepler-535 b,train,1,4.903321801,172.900587,2.8887,4;5;6
11624249,CONFIRMED,1,1,1,Kepler-536 b,train,1,1.82708193,170.52583,1.96401,4;5;6
11650401,CONFIRMED,1,1,1,Kepler-1614 b,train,1,3.94660745,132.24892,2.705,4;5;6
11651712,CONFIRMED,1,1,1,Kepler-1479 b,train,1,14.53260546,140.4685,2.4212,4;5;6
11656246,CONFIRMED,1,1,1,Kepler-885 b,train,1,18.11473813,147.4904,5.2706,4;5;6
11656721,CONFIRMED,1,1,1,Kepler-594 b,train,1,13.64617478,180.34991,3.4098,4;5;6
11657614,CONFIRMED,1,1,1,Kepler-1481 b,train,1,5.94228603,133.804,2.169,4;5;6
11657891,CONFIRMED,1,1,1,Kepler-1028 b,train,1,2.514628496,132.90904,1.6239,4;5;6
11662184,CONFIRMED,1,1,1,Kepler-1348 b,train,1,27.5722144,145.39543,5.256,4;5;6
11666881,CONFIRMED,1,1,1,Kepler-480 b,train,1,4.919584997,134.602396,4.1988,4;5;6
11669239,CONFIRMED,1,2,1,Kepler-180 b;Kepler-180 c,train,1,13.81733587,135.03413,4.261,4;5;6
11670125,CONFIRMED,1,1,1,Kepler-1206 b,train,1,1.217000383,132.03128,1.3285,4;5;6
11671579,CONFIRMED,1,1,1,Kepler-1611 b,train,1,5.17624997,133.7381,5.261,4;5;6
11673802,CONFIRMED,1,1,1,Kepler-1004 b,train,1,5.28790754,135.36119,8.5274,4;5;6
11701407,CONFIRMED,1,1,1,Kepler-1214 b,train,1,18.8262877,134.70322,2.344,4;5;6
11705004,CONFIRMED,1,1,1,Kepler-1806 b,train,1,9.03326435,137.17738,2.857,4;5;6
11709124,CONFIRMED,1,5,3,Kepler-154 e;Kepler-154 f;Kepler-154 d;Kepler-154 b;Kepler-154 c,train,3,3.93276627;9.91937693;20.5498184,134.64964;136.87361;178.946396,2.9403;4.326;5.5484,4;5;6
11709244,CONFIRMED,1,3,2,Kepler-325 b;Kepler-325 c;Kepler-325 d,train,2,4.544436472;12.76220558,134.90159;143.73026,1.8141;2.0688,4;5;6
11714231,CONFIRMED,1,1,1,Kepler-1431 b,train,1,5.8660127,136.35647,3.985,4;5;6
11718389,CONFIRMED,1,1,1,Kepler-1956 b,train,1,5.94373492,135.25897,1.847,4;5;6
11720424,CONFIRMED,1,1,1,Kepler-1432 b,train,1,23.9107056,150.5394,4.996,4;5;6
11752632,CONFIRMED,1,1,1,Kepler-1258 b,train,1,0.984941669,133.31801,1.9724,4;5;6
11752906,CONFIRMED,1,2,2,Kepler-2000 b;Kepler-2000 c,train,2,6.383159135;20.6180348,170.604622;145.51232,1.7504;3.267,4;5;6
11754430,CONFIRMED,1,2,1,Kepler-1488 c;Kepler-1488 b,train,1,6.15828666,135.4969,6.329,4;5;6
11758544,CONFIRMED,1,1,1,Kepler-997 b,train,1,2.7073064,132.43068,3.4378,4;5;6
11760860,CONFIRMED,1,1,1,Kepler-1525 b,train,1,2.41660149,131.53713,1.9699,4;5;6
11764462,CONFIRMED,1,1,1,Kepler-884 b,train,1,5.69919592,136.58738,2.3906,4;5;6
11802615,CONFIRMED,1,1,1,Kepler-513 b,train,1,28.86236571,178.48498,5.4033,4;5;6
11804465,CONFIRMED,1,1,1,Kepler-12 b,train,1,4.437962934,171.0091259,4.69813,4;5;6
11807274,CONFIRMED,1,2,2,Kepler-50 b;Kepler-50 c,train,2,7.81285862;9.37663713,172.6138;136.95319,4.098;2.1033,4;5;6
11812062,CONFIRMED,1,1,1,Kepler-673 b,train,1,3.728732147,171.793255,2.683,4;5;6
11818872,CONFIRMED,1,1,1,Kepler-1860 b,train,1,12.7372371,136.0162,3.358,4;5;6
11821363,CONFIRMED,1,1,1,Kepler-1754 b,train,1,8.19596647,136.68736,2.824,4;5;6
11852982,CONFIRMED,1,1,1,Kepler-1712 b,train,1,13.81504449,181.12621,2.3244,4;5;6
11853255,CONFIRMED,1,1,1,Kepler-674 b,train,1,2.243380573,170.679233,1.1196,4;5;6
11853905,CONFIRMED,1,1,1,Kepler-4 b,train,1,3.213668926,123.611878,3.98235,4;5;6
11904151,CONFIRMED,1,2,1,Kepler-10 b;Kepler-10 c,train,1,0.837491225,131.574858,1.796,4;5;6
11905011,CONFIRMED,1,1,1,Kepler-514 b,train,1,5.65178922,172.27915,3.0933,4;5;6
11918099,CONFIRMED,1,1,1,Kepler-675 b,train,1,2.337437946,171.761982,1.9982,4;5;6
11923270,CONFIRMED,1,1,1,Kepler-676 b,train,1,11.59822233,180.395376,2.5237,4;5;6
11923284,CONFIRMED,1,1,1,Kepler-1061 b,train,1,2.757977384,131.87907,2.1489,4;5;6
11954842,CONFIRMED,1,1,1,Kepler-883 b,train,1,12.98494603,139.78207,3.4497,4;5;6
11960862,CONFIRMED,1,1,1,Kepler-677 b,train,1,6.575315881,173.634044,4.3084,4;5;6
11963206,CONFIRMED,1,1,1,Kepler-1357 b,train,1,3.00912491,131.62696,2.228,4;5;6
11974540,CONFIRMED,1,1,1,Kepler-470 b,train,1,24.669192732,132.864236,7.03515,4;5;6
12017109,CONFIRMED,1,1,1,Kepler-1679 b,train,1,9.75374033,134.06014,2.348,4;5;6
12019440,CONFIRMED,1,1,1,Kepler-485 b,train,1,3.24325988,133.6690203,3.03318,4;5;6
12020218,CONFIRMED,1,1,1,Kepler-870 b,train,1,21.3588236,135.07022,5.823,4;5;6
12024120,CONFIRMED,1,1,1,Kepler-507 b,train,1,3.568099612,169.74278,3.2131,4;5;6
12056139,CONFIRMED,1,1,1,Kepler-1449 b,train,1,13.2274753,137.71768,6.356,4;5;6
12058204,CONFIRMED,1,2,2,Kepler-373 b;Kepler-373 c,train,2,5.53533152;16.7261969,132.76087;143.74673,2.793;2.708,4;5;6
12058931,CONFIRMED,1,2,2,Kepler-182 b;Kepler-182 c,train,2,9.82578495;20.68420772,131.42495;170.19034,5.2498;6.4415,4;5;6
12061222,CONFIRMED,1,1,1,Kepler-572 b,train,1,17.20522898,175.05878,3.6688,4;5;6
12070811,CONFIRMED,1,1,1,Kepler-679 b,train,1,12.3935651,178.74725,3.8896,4;5;6
12110942,CONFIRMED,1,1,1,Kepler-680 b,train,1,3.689920099,170.36571,2.6557,4;5;6
12116489,CONFIRMED,1,2,2,Kepler-595 c;Kepler-595 b,train,2,12.3860474;25.30291816,132.8175;188.060148,2.604;4.4903,4;5;6
12120307,CONFIRMED,1,3,3,Kepler-394 d;Kepler-394 b;Kepler-394 c,train,3,5.61357653;8.00504749;12.13070414,131.81669;138.71228;139.89855,2.905;3.32;3.843,4;5;6
12154526,CONFIRMED,1,2,1,Kepler-1047 c;Kepler-1047 b,train,1,3.18899015,133.52624,2.722,4;5;6
12164564,CONFIRMED,1,1,1,Kepler-1343 b,train,1,3.35184041,131.64441,1.9855,4;5;6
12206313,CONFIRMED,1,3,1,Kepler-401 b;Kepler-401 c;Kepler-401 d,train,1,14.3832267,140.57648,8.378,4;5;6
12252424,CONFIRMED,1,2,2,Kepler-113 b;Kepler-113 c,train,2,4.75400072;8.925079516,128.547155;139.71389,2.5394;2.6766,4;5;6
12254378,CONFIRMED,1,1,1,Kepler-1217 b,train,1,2.032319072,132.32157,1.6762,4;5;6
12254909,CONFIRMED,1,1,1,Kepler-1213 b,train,1,5.349791,133.8836,4.279,4;5;6
12301181,CONFIRMED,1,1,1,Kepler-1076 b,train,1,6.14728341,134.87289,2.7645,4;5;6
12302530,CONFIRMED,1,2,1,Kepler-155 b;Kepler-155 c,train,1,5.931196562,174.796908,2.4999,4;5;6
12306058,CONFIRMED,1,2,2,Kepler-391 b;Kepler-391 c,train,2,7.41683033;20.4853893,137.96389;146.9183,7.274;10.229,4;5;6
12314973,CONFIRMED,1,3,3,Kepler-450 d;Kepler-450 c;Kepler-450 b,train,3,7.5143967;15.4130812;28.45489091,136.1851;136.94324;176.706265,4.865;6.6358;8.1593,4;5;6
12366084,CONFIRMED,1,2,2,Kepler-232 b;Kepler-232 c,train,2,4.431238488;11.37936986,171.015;133.84992,3.15;2.6255,4;5;6
12404086,CONFIRMED,1,1,1,Kepler-681 b,train,1,26.39432897,176.05459,3.573,4;5;6
12404305,CONFIRMED,1,1,1,Kepler-573 b,train,1,22.18332255,169.49619,5.1364,4;5;6
12405333,CONFIRMED,1,1,1,Kepler-1409 b,train,1,0.764863517,132.13343,1.16,4;5;6
12406807,CONFIRMED,1,1,1,Kepler-1903 b,train,1,17.067644,145.56929,6.026,4;5;6
12416661,CONFIRMED,1,1,1,Kepler-1434 b,train,1,8.05337912,134.9588,5.382,4;5;6
12453581,CONFIRMED,1,1,1,Kepler-1234 b,train,1,11.94019101,136.55603,2.866,4;5;6
12454461,CONFIRMED,1,1,1,Kepler-1248 b,train,1,7.46718958,136.39348,3.633,4;5;6
12456601,CONFIRMED,1,1,1,Kepler-1334 b,train,1,15.64588656,146.04926,3.959,4;5;6
12459913,CONFIRMED,1,1,1,Kepler-620 b,train,1,12.91385906,177.27535,5.3685,4;5;6
12469800,CONFIRMED,1,1,1,Kepler-1856 b,train,1,1.302017467,131.93696,1.3692,4;5;6
12470954,CONFIRMED,1,1,1,Kepler-554 b,train,1,1.902208647,170.449657,2.19877,4;5;6
12505076,CONFIRMED,1,1,1,Kepler-1799 b,train,1,11.92979348,136.66919,6.152,4;5;6
12505503,CONFIRMED,1,1,1,Kepler-1563 b,train,1,3.4327371,132.92055,4.001,4;5;6
12505654,CONFIRMED,1,1,1,Kepler-1829 b,train,1,5.186737262,134.99509,0.8023,4;5;6
12506770,CONFIRMED,1,1,1,Kepler-895 b,train,1,2.806243488,133.7314,1.6271,4;5;6
12557548,CONFIRMED,1,1,1,Kepler-1520 b,train,1,0.65355361,132.058957,1.63,4;5;6
12600735,CONFIRMED,1,1,1,Kepler-596 b,train,1,21.30020491,189.70595,4.0852,4;5;6
12644822,CONFIRMED,1,1,1,Kepler-682 b,train,1,12.611904345,180.892284,5.1497,4;5;6
12784167,CONFIRMED,1,1,1,Kepler-1522 b,train,1,1.847892736,132.19915,1.8904,4;5;6
12785320,CONFIRMED,1,1,1,Kepler-515 b,train,1,19.96367208,178.30806,2.6403,4;5;6
1160919,CONTROL,0,0,0,,train,0,,,,4;5;6
1164109,CONTROL,0,0,0,,train,0,,,,4;5;6
1295597,CONTROL,0,0,0,,train,0,,,,4;5;6
1573064,CONTROL,0,0,0,,train,0,,,,4;5;6
1720670,CONTROL,0,0,0,,train,0,,,,4;5;6
1722623,CONTROL,0,0,0,,train,0,,,,4;5;6
2020997,CONTROL,0,0,0,,train,0,,,,4;5;6
2162435,CONTROL,0,0,0,,train,0,,,,4;5;6
2166534,CONTROL,0,0,0,,train,0,,,,4;5;6
2282855,CONTROL,0,0,0,,train,0,,,,4;5;6
2301244,CONTROL,0,0,0,,train,0,,,,4;5;6
2311530,CONTROL,0,0,0,,train,0,,,,4;5;6
2439094,CONTROL,0,0,0,,train,0,,,,4;5;6
2441702,CONTROL,0,0,0,,train,0,,,,4;5;6
2442154,CONTROL,0,0,0,,train,0,,,,4;5;6
2450552,CONTROL,0,0,0,,train,0,,,,4;5;6
2450979,CONTROL,0,0,0,,train,0,,,,4;5;6
2451721,CONTROL,0,0,0,,train,0,,,,4;5;6
2568717,CONTROL,0,0,0,,train,0,,,,4;5;6
2569204,CONTROL,0,0,0,,train,0,,,,4;5;6
2570469,CONTROL,0,0,0,,train,0,,,,4;5;6
2571906,CONTROL,0,0,0,,train,0,,,,4;5;6
2572386,CONTROL,0,0,0,,train,0,,,,4;5;6
2578301,CONTROL,0,0,0,,train,0,,,,4;5;6
2581298,CONTROL,0,0,0,,train,0,,,,4;5;6
2584067,CONTROL,0,0,0,,train,0,,,,4;5;6
2693232,CONTROL,0,0,0,,train,0,,,,4;5;6
2695267,CONTROL,0,0,0,,train,0,,,,4;5;6
2707758,CONTROL,0,0,0,,train,0,,,,4;5;6
2710188,CONTROL,0,0,0,,train,0,,,,4;5;6
2710380,CONTROL,0,0,0,,train,0,,,,4;5;6
2712415,CONTROL,0,0,0,,train,0,,,,4;5;6
2719823,CONTROL,0,0,0,,train,0,,,,4;5;6
2846678,CONTROL,0,0,0,,train,0,,,,4;5;6
2854042,CONTROL,0,0,0,,train,0,,,,4;5;6
2858882,CONTROL,0,0,0,,train,0,,,,4;5;6
2972293,CONTROL,0,0,0,,train,0,,,,4;5;6
2975200,CONTROL,0,0,0,,train,0,,,,4;5;6
2984778,CONTROL,0,0,0,,train,0,,,,4;5;6
2994022,CONTROL,0,0,0,,train,0,,,,4;5;6
2994233,CONTROL,0,0,0,,train,0,,,,4;5;6
2995945,CONTROL,0,0,0,,train,0,,,,4;5;6
2996463,CONTROL,0,0,0,,train,0,,,,4;5;6
2998865,CONTROL,0,0,0,,train,0,,,,4;5;6
3097522,CONTROL,0,0,0,,train,0,,,,4;5;6
3098219,CONTROL,0,0,0,,train,0,,,,4;5;6
3099983,CONTROL,0,0,0,,train,0,,,,4;5;6
3115690,CONTROL,0,0,0,,train,0,,,,4;5;6
3219278,CONTROL,0,0,0,,train,0,,,,4;5;6
3222649,CONTROL,0,0,0,,train,0,,,,4;5;6
3223374,CONTROL,0,0,0,,train,0,,,,4;5;6
3232272,CONTROL,0,0,0,,train,0,,,,4;5;6
3233199,CONTROL,0,0,0,,train,0,,,,4;5;6
3240837,CONTROL,0,0,0,,train,0,,,,4;5;6
3247138,CONTROL,0,0,0,,train,0,,,,4;5;6
3326132,CONTROL,0,0,0,,train,0,,,,4;5;6
3329362,CONTROL,0,0,0,,train,0,,,,4;5;6
3338982,CONTROL,0,0,0,,train,0,,,,4;5;6
3339351,CONTROL,0,0,0,,train,0,,,,4;5;6
3343245,CONTROL,0,0,0,,train,0,,,,4;5;6
3349000,CONTROL,0,0,0,,train,0,,,,4;5;6
3351756,CONTROL,0,0,0,,train,0,,,,4;5;6
3425279,CONTROL,0,0,0,,train,0,,,,4;5;6
3430889,CONTROL,0,0,0,,train,0,,,,4;5;6
3441307,CONTROL,0,0,0,,train,0,,,,4;5;6
3444911,CONTROL,0,0,0,,train,0,,,,4;5;6
3448404,CONTROL,0,0,0,,train,0,,,,4;5;6
3448882,CONTROL,0,0,0,,train,0,,,,4;5;6
3456516,CONTROL,0,0,0,,train,0,,,,4;5;6
3529769,CONTROL,0,0,0,,train,0,,,,4;5;6
3539260,CONTROL,0,0,0,,train,0,,,,4;5;6
3542088,CONTROL,0,0,0,,train,0,,,,4;5;6
3545033,CONTROL,0,0,0,,train,0,,,,4;5;6
3546479,CONTROL,0,0,0,,train,0,,,,4;5;6
3547017,CONTROL,0,0,0,,train,0,,,,4;5;6
3549969,CONTROL,0,0,0,,train,0,,,,4;5;6
3558427,CONTROL,0,0,0,,train,0,,,,4;5;6
3627342,CONTROL,0,0,0,,train,0,,,,4;5;6
3634254,CONTROL,0,0,0,,train,0,,,,4;5;6
3647114,CONTROL,0,0,0,,train,0,,,,4;5;6
3648418,CONTROL,0,0,0,,train,0,,,,4;5;6
3657547,CONTROL,0,0,0,,train,0,,,,4;5;6
3661217,CONTROL,0,0,0,,train,0,,,,4;5;6
3661555,CONTROL,0,0,0,,train,0,,,,4;5;6
3730667,CONTROL,0,0,0,,train,0,,,,4;5;6
3743574,CONTROL,0,0,0,,train,0,,,,4;5;6
3749323,CONTROL,0,0,0,,train,0,,,,4;5;6
3749350,CONTROL,0,0,0,,train,0,,,,4;5;6
3750281,CONTROL,0,0,0,,train,0,,,,4;5;6
3756031,CONTROL,0,0,0,,train,0,,,,4;5;6
3757789,CONTROL,0,0,0,,train,0,,,,4;5;6
3760500,CONTROL,0,0,0,,train,0,,,,4;5;6
3763558,CONTROL,0,0,0,,train,0,,,,4;5;6
3765052,CONTROL,0,0,0,,train,0,,,,4;5;6
3765869,CONTROL,0,0,0,,train,0,,,,4;5;6
3836636,CONTROL,0,0,0,,train,0,,,,4;5;6
3836855,CONTROL,0,0,0,,train,0,,,,4;5;6
3839620,CONTROL,0,0,0,,train,0,,,,4;5;6
3853692,CONTROL,0,0,0,,train,0,,,,4;5;6
3854854,CONTROL,0,0,0,,train,0,,,,4;5;6
3860373,CONTROL,0,0,0,,train,0,,,,4;5;6
3860537,CONTROL,0,0,0,,train,0,,,,4;5;6
3865366,CONTROL,0,0,0,,train,0,,,,4;5;6
3869044,CONTROL,0,0,0,,train,0,,,,4;5;6
3869529,CONTROL,0,0,0,,train,0,,,,4;5;6
3936368,CONTROL,0,0,0,,train,0,,,,4;5;6
3937686,CONTROL,0,0,0,,train,0,,,,4;5;6
3951326,CONTROL,0,0,0,,train,0,,,,4;5;6
3952047,CONTROL,0,0,0,,train,0,,,,4;5;6
3952683,CONTROL,0,0,0,,train,0,,,,4;5;6
3954262,CONTROL,0,0,0,,train,0,,,,4;5;6
3954463,CONTROL,0,0,0,,train,0,,,,4;5;6
3955439,CONTROL,0,0,0,,train,0,,,,4;5;6
3963194,CONTROL,0,0,0,,train,0,,,,4;5;6
3967161,CONTROL,0,0,0,,train,0,,,,4;5;6
3969734,CONTROL,0,0,0,,train,0,,,,4;5;6
3972208,CONTROL,0,0,0,,train,0,,,,4;5;6
3972876,CONTROL,0,0,0,,train,0,,,,4;5;6
3974062,CONTROL,0,0,0,,train,0,,,,4;5;6
3975073,CONTROL,0,0,0,,train,0,,,,4;5;6
4036311,CONTROL,0,0,0,,train,0,,,,4;5;6
4039612,CONTROL,0,0,0,,train,0,,,,4;5;6
4049604,CONTROL,0,0,0,,train,0,,,,4;5;6
4055326,CONTROL,0,0,0,,train,0,,,,4;5;6
4070437,CONTROL,0,0,0,,train,0,,,,4;5;6
4071241,CONTROL,0,0,0,,train,0,,,,4;5;6
4072739,CONTROL,0,0,0,,train,0,,,,4;5;6
4074209,CONTROL,0,0,0,,train,0,,,,4;5;6
4076350,CONTROL,0,0,0,,train,0,,,,4;5;6
4143460,CONTROL,0,0,0,,train,0,,,,4;5;6
4148277,CONTROL,0,0,0,,train,0,,,,4;5;6
4148551,CONTROL,0,0,0,,train,0,,,,4;5;6
4158070,CONTROL,0,0,0,,train,0,,,,4;5;6
4172586,CONTROL,0,0,0,,train,0,,,,4;5;6
4241900,CONTROL,0,0,0,,train,0,,,,4;5;6
4246695,CONTROL,0,0,0,,train,0,,,,4;5;6
4249898,CONTROL,0,0,0,,train,0,,,,4;5;6
4279106,CONTROL,0,0,0,,train,0,,,,4;5;6
4280339,CONTROL,0,0,0,,train,0,,,,4;5;6
4282141,CONTROL,0,0,0,,train,0,,,,4;5;6
4373261,CONTROL,0,0,0,,train,0,,,,4;5;6
4373798,CONTROL,0,0,0,,train,0,,,,4;5;6
4378838,CONTROL,0,0,0,,train,0,,,,4;5;6
4390549,CONTROL,0,0,0,,train,0,,,,4;5;6
4455010,CONTROL,0,0,0,,train,0,,,,4;5;6
4458422,CONTROL,0,0,0,,train,0,,,,4;5;6
4458805,CONTROL,0,0,0,,train,0,,,,4;5;6
4466260,CONTROL,0,0,0,,train,0,,,,4;5;6
4469229,CONTROL,0,0,0,,train,0,,,,4;5;6
4483943,CONTROL,0,0,0,,train,0,,,,4;5;6
4540727,CONTROL,0,0,0,,train,0,,,,4;5;6
4540786,CONTROL,0,0,0,,train,0,,,,4;5;6
4543236,CONTROL,0,0,0,,train,0,,,,4;5;6
4555711,CONTROL,0,0,0,,train,0,,,,4;5;6
4561954,CONTROL,0,0,0,,train,0,,,,4;5;6
4567853,CONTROL,0,0,0,,train,0,,,,4;5;6
4573647,CONTROL,0,0,0,,train,0,,,,4;5;6
4574382,CONTROL,0,0,0,,train,0,,,,4;5;6
4578528,CONTROL,0,0,0,,train,0,,,,4;5;6
4584685,CONTROL,0,0,0,,train,0,,,,4;5;6
4633698,CONTROL,0,0,0,,train,0,,,,4;5;6
4648262,CONTROL,0,0,0,,train,0,,,,4;5;6
4650196,CONTROL,0,0,0,,train,0,,,,4;5;6
4664023,CONTROL,0,0,0,,train,0,,,,4;5;6
4678445,CONTROL,0,0,0,,train,0,,,,4;5;6
4680897,CONTROL,0,0,0,,train,0,,,,4;5;6
4731294,CONTROL,0,0,0,,train,0,,,,4;5;6
4738364,CONTROL,0,0,0,,train,0,,,,4;5;6
4739030,CONTROL,0,0,0,,train,0,,,,4;5;6
4740871,CONTROL,0,0,0,,train,0,,,,4;5;6
4743204,CONTROL,0,0,0,,train,0,,,,4;5;6
4743435,CONTROL,0,0,0,,train,0,,,,4;5;6
4751464,CONTROL,0,0,0,,train,0,,,,4;5;6
4753388,CONTROL,0,0,0,,train,0,,,,4;5;6
4758142,CONTROL,0,0,0,,train,0,,,,4;5;6
4763063,CONTROL,0,0,0,,train,0,,,,4;5;6
4773618,CONTROL,0,0,0,,train,0,,,,4;5;6
4774642,CONTROL,0,0,0,,train,0,,,,4;5;6
4818586,CONTROL,0,0,0,,train,0,,,,4;5;6
4820365,CONTROL,0,0,0,,train,0,,,,4;5;6
4824868,CONTROL,0,0,0,,train,0,,,,4;5;6
4828106,CONTROL,0,0,0,,train,0,,,,4;5;6
4840065,CONTROL,0,0,0,,train,0,,,,4;5;6
4840200,CONTROL,0,0,0,,train,0,,,,4;5;6
4840517,CONTROL,0,0,0,,train,0,,,,4;5;6
4845355,CONTROL,0,0,0,,train,0,,,,4;5;6
4862670,CONTROL,0,0,0,,train,0,,,,4;5;6
4918393,CONTROL,0,0,0,,train,0,,,,4;5;6
4920423,CONTROL,0,0,0,,train,0,,,,4;5;6
4920981,CONTROL,0,0,0,,train,0,,,,4;5;6
4931389,CONTROL,0,0,0,,train,0,,,,4;5;6
4931945,CONTROL,0,0,0,,train,0,,,,4;5;6
4941180,CONTROL,0,0,0,,train,0,,,,4;5;6
4945118,CONTROL,0,0,0,,train,0,,,,4;5;6
4949363,CONTROL,0,0,0,,train,0,,,,4;5;6
4951617,CONTROL,0,0,0,,train,0,,,,4;5;6
4988957,CONTROL,0,0,0,,train,0,,,,4;5;6
5000199,CONTROL,0,0,0,,train,0,,,,4;5;6
5002370,CONTROL,0,0,0,,train,0,,,,4;5;6
5008852,CONTROL,0,0,0,,train,0,,,,4;5;6
5009047,CONTROL,0,0,0,,train,0,,,,4;5;6
5015765,CONTROL,0,0,0,,train,0,,,,4;5;6
5018616,CONTROL,0,0,0,,train,0,,,,4;5;6
5023379,CONTROL,0,0,0,,train,0,,,,4;5;6
5037742,CONTROL,0,0,0,,train,0,,,,4;5;6
5078207,CONTROL,0,0,0,,train,0,,,,4;5;6
5084031,CONTROL,0,0,0,,train,0,,,,4;5;6
5089255,CONTROL,0,0,0,,train,0,,,,4;5;6
5093870,CONTROL,0,0,0,,train,0,,,,4;5;6
5097754,CONTROL,0,0,0,,train,0,,,,4;5;6
5104568,CONTROL,0,0,0,,train,0,,,,4;5;6
5104638,CONTROL,0,0,0,,train,0,,,,4;5;6
5109741,CONTROL,0,0,0,,train,0,,,,4;5;6
5112508,CONTROL,0,0,0,,train,0,,,,4;5;6
5112880,CONTROL,0,0,0,,train,0,,,,4;5;6
5123435,CONTROL,0,0,0,,train,0,,,,4;5;6
5131287,CONTROL,0,0,0,,train,0,,,,4;5;6
5171411,CONTROL,0,0,0,,train,0,,,,4;5;6
5191915,CONTROL,0,0,0,,train,0,,,,4;5;6
5192375,CONTROL,0,0,0,,train,0,,,,4;5;6
5192452,CONTROL,0,0,0,,train,0,,,,4;5;6
5208891,CONTROL,0,0,0,,train,0,,,,4;5;6
5211598,CONTROL,0,0,0,,train,0,,,,4;5;6
5213875,CONTROL,0,0,0,,train,0,,,,4;5;6
5214652,CONTROL,0,0,0,,train,0,,,,4;5;6
5262663,CONTROL,0,0,0,,train,0,,,,4;5;6
5262779,CONTROL,0,0,0,,train,0,,,,4;5;6
5269877,CONTROL,0,0,0,,train,0,,,,4;5;6
5281595,CONTROL,0,0,0,,train,0,,,,4;5;6
5281599,CONTROL,0,0,0,,train,0,,,,4;5;6
5283412,CONTROL,0,0,0,,train,0,,,,4;5;6
5283546,CONTROL,0,0,0,,train,0,,,,4;5;6
5290243,CONTROL,0,0,0,,train,0,,,,4;5;6
5298209,CONTROL,0,0,0,,train,0,,,,4;5;6
5299756,CONTROL,0,0,0,,train,0,,,,4;5;6
5302101,CONTROL,0,0,0,,train,0,,,,4;5;6
5304007,CONTROL,0,0,0,,train,0,,,,4;5;6
5352861,CONTROL,0,0,0,,train,0,,,,4;5;6
5355747,CONTROL,0,0,0,,train,0,,,,4;5;6
5358771,CONTROL,0,0,0,,train,0,,,,4;5;6
5359681,CONTROL,0,0,0,,train,0,,,,4;5;6
5360302,CONTROL,0,0,0,,train,0,,,,4;5;6
5369813,CONTROL,0,0,0,,train,0,,,,4;5;6
5376192,CONTROL,0,0,0,,train,0,,,,4;5;6
5376364,CONTROL,0,0,0,,train,0,,,,4;5;6
5393609,CONTROL,0,0,0,,train,0,,,,4;5;6
5431292,CONTROL,0,0,0,,train,0,,,,4;5;6
5436432,CONTROL,0,0,0,,train,0,,,,4;5;6
5461205,CONTROL,0,0,0,,train,0,,,,4;5;6
5461840,CONTROL,0,0,0,,train,0,,,,4;5;6
5472185,CONTROL,0,0,0,,train,0,,,,4;5;6
5474291,CONTROL,0,0,0,,train,0,,,,4;5;6
5480825,CONTROL,0,0,0,,train,0,,,,4;5;6
5517381,CONTROL,0,0,0,,train,0,,,,4;5;6
5520757,CONTROL,0,0,0,,train,0,,,,4;5;6
5520823,CONTROL,0,0,0,,train,0,,,,4;5;6
5521299,CONTROL,0,0,0,,train,0,,,,4;5;6
5528003,CONTROL,0,0,0,,train,0,,,,4;5;6
5531616,CONTROL,0,0,0,,train,0,,,,4;5;6
5534914,CONTROL,0,0,0,,train,0,,,,4;5;6
5550779,CONTROL,0,0,0,,train,0,,,,4;5;6
5565387,CONTROL,0,0,0,,train,0,,,,4;5;6
5566778,CONTROL,0,0,0,,train,0,,,,4;5;6
5596818,CONTROL,0,0,0,,train,0,,,,4;5;6
5598269,CONTROL,0,0,0,,train,0,,,,4;5;6
5598526,CONTROL,0,0,0,,train,0,,,,4;5;6
5601682,CONTROL,0,0,0,,train,0,,,,4;5;6
5610430,CONTROL,0,0,0,,train,0,,,,4;5;6
5615496,CONTROL,0,0,0,,train,0,,,,4;5;6
5630323,CONTROL,0,0,0,,train,0,,,,4;5;6
5630440,CONTROL,0,0,0,,train,0,,,,4;5;6
5630953,CONTROL,0,0,0,,train,0,,,,4;5;6
5630972,CONTROL,0,0,0,,train,0,,,,4;5;6
5631068,CONTROL,0,0,0,,train,0,,,,4;5;6
5632288,CONTROL,0,0,0,,train,0,,,,4;5;6
5638002,CONTROL,0,0,0,,train,0,,,,4;5;6
5639910,CONTROL,0,0,0,,train,0,,,,4;5;6
5647787,CONTROL,0,0,0,,train,0,,,,4;5;6
5682455,CONTROL,0,0,0,,train,0,,,,4;5;6
5686828,CONTROL,0,0,0,,train,0,,,,4;5;6
5702213,CONTROL,0,0,0,,train,0,,,,4;5;6
5703130,CONTROL,0,0,0,,train,0,,,,4;5;6
5706292,CONTROL,0,0,0,,train,0,,,,4;5;6
5715752,CONTROL,0,0,0,,train,0,,,,4;5;6
5716803,CONTROL,0,0,0,,train,0,,,,4;5;6
5717765,CONTROL,0,0,0,,train,0,,,,4;5;6
5722229,CONTROL,0,0,0,,train,0,,,,4;5;6
5722713,CONTROL,0,0,0,,train,0,,,,4;5;6
5722894,CONTROL,0,0,0,,train,0,,,,4;5;6
5725977,CONTROL,0,0,0,,train,0,,,,4;5;6
5726279,CONTROL,0,0,0,,train,0,,,,4;5;6
5727669,CONTROL,0,0,0,,train,0,,,,4;5;6
5732566,CONTROL,0,0,0,,train,0,,,,4;5;6
5734506,CONTROL,0,0,0,,train,0,,,,4;5;6
5768248,CONTROL,0,0,0,,train,0,,,,4;5;6
5768996,CONTROL,0,0,0,,train,0,,,,4;5;6
5781408,CONTROL,0,0,0,,train,0,,,,4;5;6
5781657,CONTROL,0,0,0,,train,0,,,,4;5;6
5793275,CONTROL,0,0,0,,train,0,,,,4;5;6
5794566,CONTROL,0,0,0,,train,0,,,,4;5;6
5801642,CONTROL,0,0,0,,train,0,,,,4;5;6
5802144,CONTROL,0,0,0,,train,0,,,,4;5;6
5808008,CONTROL,0,0,0,,train,0,,,,4;5;6
5810383,CONTROL,0,0,0,,train,0,,,,4;5;6
5817996,CONTROL,0,0,0,,train,0,,,,4;5;6
5853740,CONTROL,0,0,0,,train,0,,,,4;5;6
5859652,CONTROL,0,0,0,,train,0,,,,4;5;6
5860852,CONTROL,0,0,0,,train,0,,,,4;5;6
5867606,CONTROL,0,0,0,,train,0,,,,4;5;6
5877659,CONTROL,0,0,0,,train,0,,,,4;5;6
5880374,CONTROL,0,0,0,,train,0,,,,4;5;6
5880739,CONTROL,0,0,0,,train,0,,,,4;5;6
5882496,CONTROL,0,0,0,,train,0,,,,4;5;6
5892037,CONTROL,0,0,0,,train,0,,,,4;5;6
5894987,CONTROL,0,0,0,,train,0,,,,4;5;6
5902254,CONTROL,0,0,0,,train,0,,,,4;5;6
5937398,CONTROL,0,0,0,,train,0,,,,4;5;6
5940174,CONTROL,0,0,0,,train,0,,,,4;5;6
5942904,CONTROL,0,0,0,,train,0,,,,4;5;6
5951057,CONTROL,0,0,0,,train,0,,,,4;5;6
5955764,CONTROL,0,0,0,,train,0,,,,4;5;6
5956385,CONTROL,0,0,0,,train,0,,,,4;5;6
5962632,CONTROL,0,0,0,,train,0,,,,4;5;6
5964836,CONTROL,0,0,0,,train,0,,,,4;5;6
5975528,CONTROL,0,0,0,,train,0,,,,4;5;6
6020754,CONTROL,0,0,0,,train,0,,,,4;5;6
6024791,CONTROL,0,0,0,,train,0,,,,4;5;6
6032955,CONTROL,0,0,0,,train,0,,,,4;5;6
6034834,CONTROL,0,0,0,,train,0,,,,4;5;6
6035199,CONTROL,0,0,0,,train,0,,,,4;5;6
6037470,CONTROL,0,0,0,,train,0,,,,4;5;6
6046061,CONTROL,0,0,0,,train,0,,,,4;5;6
6046392,CONTROL,0,0,0,,train,0,,,,4;5;6
6057060,CONTROL,0,0,0,,train,0,,,,4;5;6
6105948,CONTROL,0,0,0,,train,0,,,,4;5;6
6106815,CONTROL,0,0,0,,train,0,,,,4;5;6
6109799,CONTROL,0,0,0,,train,0,,,,4;5;6
6114196,CONTROL,0,0,0,,train,0,,,,4;5;6
6117719,CONTROL,0,0,0,,train,0,,,,4;5;6
6125631,CONTROL,0,0,0,,train,0,,,,4;5;6
6125898,CONTROL,0,0,0,,train,0,,,,4;5;6
6137608,CONTROL,0,0,0,,train,0,,,,4;5;6
6143715,CONTROL,0,0,0,,train,0,,,,4;5;6
6148636,CONTROL,0,0,0,,train,0,,,,4;5;6
6150943,CONTROL,0,0,0,,train,0,,,,4;5;6
6182276,CONTROL,0,0,0,,train,0,,,,4;5;6
6183335,CONTROL,0,0,0,,train,0,,,,4;5;6
6198108,CONTROL,0,0,0,,train,0,,,,4;5;6
6206636,CONTROL,0,0,0,,train,0,,,,4;5;6
6208389,CONTROL,0,0,0,,train,0,,,,4;5;6
6208617,CONTROL,0,0,0,,train,0,,,,4;5;6
6209408,CONTROL,0,0,0,,train,0,,,,4;5;6
6210501,CONTROL,0,0,0,,train,0,,,,4;5;6
6212734,CONTROL,0,0,0,,train,0,,,,4;5;6
6220320,CONTROL,0,0,0,,train,0,,,,4;5;6
6223779,CONTROL,0,0,0,,train,0,,,,4;5;6
6229041,CONTROL,0,0,0,,train,0,,,,4;5;6
6264091,CONTROL,0,0,0,,train,0,,,,4;5;6
6279892,CONTROL,0,0,0,,train,0,,,,4;5;6
6280236,CONTROL,0,0,0,,train,0,,,,4;5;6
6284073,CONTROL,0,0,0,,train,0,,,,4;5;6
6287693,CONTROL,0,0,0,,train,0,,,,4;5;6
6293929,CONTROL,0,0,0,,train,0,,,,4;5;6
6304294,CONTROL,0,0,0,,train,0,,,,4;5;6
6310629,CONTROL,0,0,0,,train,0,,,,4;5;6
6351499,CONTROL,0,0,0,,train,0,,,,4;5;6
6358817,CONTROL,0,0,0,,train,0,,,,4;5;6
6358897,CONTROL,0,0,0,,train,0,,,,4;5;6
6359043,CONTROL,0,0,0,,train,0,,,,4;5;6
6359388,CONTROL,0,0,0,,train,0,,,,4;5;6
6359820,CONTROL,0,0,0,,train,0,,,,4;5;6
6362412,CONTROL,0,0,0,,train,0,,,,4;5;6
6364088,CONTROL,0,0,0,,train,0,,,,4;5;6
6367096,CONTROL,0,0,0,,train,0,,,,4;5;6
6370241,CONTROL,0,0,0,,train,0,,,,4;5;6
6388602,CONTROL,0,0,0,,train,0,,,,4;5;6
6391641,CONTROL,0,0,0,,train,0,,,,4;5;6
6436582,CONTROL,0,0,0,,train,0,,,,4;5;6
6436652,CONTROL,0,0,0,,train,0,,,,4;5;6
6437458,CONTROL,0,0,0,,train,0,,,,4;5;6
6441152,CONTROL,0,0,0,,train,0,,,,4;5;6
6504962,CONTROL,0,0,0,,train,0,,,,4;5;6
6507279,CONTROL,0,0,0,,train,0,,,,4;5;6
6507646,CONTROL,0,0,0,,train,0,,,,4;5;6
6509581,CONTROL,0,0,0,,train,0,,,,4;5;6
6509680,CONTROL,0,0,0,,train,0,,,,4;5;6
6519725,CONTROL,0,0,0,,train,0,,,,4;5;6
6521844,CONTROL,0,0,0,,train,0,,,,4;5;6
6525314,CONTROL,0,0,0,,train,0,,,,4;5;6
6525512,CONTROL,0,0,0,,train,0,,,,4;5;6
6525725,CONTROL,0,0,0,,train,0,,,,4;5;6
6528068,CONTROL,0,0,0,,train,0,,,,4;5;6
6528400,CONTROL,0,0,0,,train,0,,,,4;5;6
6529063,CONTROL,0,0,0,,train,0,,,,4;5;6
6530248,CONTROL,0,0,0,,train,0,,,,4;5;6
6530325,CONTROL,0,0,0,,train,0,,,,4;5;6
6530414,CONTROL,0,0,0,,train,0,,,,4;5;6
6530901,CONTROL,0,0,0,,train,0,,,,4;5;6
6531755,CONTROL,0,0,0,,train,0,,,,4;5;6
6542321,CONTROL,0,0,0,,train,0,,,,4;5;6
6544692,CONTROL,0,0,0,,train,0,,,,4;5;6
6549957,CONTROL,0,0,0,,train,0,,,,4;5;6
6550074,CONTROL,0,0,0,,train,0,,,,4;5;6
6584500,CONTROL,0,0,0,,train,0,,,,4;5;6
6586390,CONTROL,0,0,0,,train,0,,,,4;5;6
6599588,CONTROL,0,0,0,,train,0,,,,4;5;6
6608746,CONTROL,0,0,0,,train,0,,,,4;5;6
6612111,CONTROL,0,0,0,,train,0,,,,4;5;6
6613381,CONTROL,0,0,0,,train,0,,,,4;5;6
6614625,CONTROL,0,0,0,,train,0,,,,4;5;6
6628539,CONTROL,0,0,0,,train,0,,,,4;5;6
6632621,CONTROL,0,0,0,,train,0,,,,4;5;6
6633290,CONTROL,0,0,0,,train,0,,,,4;5;6
6633844,CONTROL,0,0,0,,train,0,,,,4;5;6
6635783,CONTROL,0,0,0,,train,0,,,,4;5;6
6669746,CONTROL,0,0,0,,train,0,,,,4;5;6
6672766,CONTROL,0,0,0,,train,0,,,,4;5;6
6677965,CONTROL,0,0,0,,train,0,,,,4;5;6
6678212,CONTROL,0,0,0,,train,0,,,,4;5;6
6678954,CONTROL,0,0,0,,train,0,,,,4;5;6
6685762,CONTROL,0,0,0,,train,0,,,,4;5;6
6692032,CONTROL,0,0,0,,train,0,,,,4;5;6
6692560,CONTROL,0,0,0,,train,0,,,,4;5;6
6692880,CONTROL,0,0,0,,train,0,,,,4;5;6
6700106,CONTROL,0,0,0,,train,0,,,,4;5;6
6706568,CONTROL,0,0,0,,train,0,,,,4;5;6
6721297,CONTROL,0,0,0,,train,0,,,,4;5;6
6762336,CONTROL,0,0,0,,train,0,,,,4;5;6
6764934,CONTROL,0,0,0,,train,0,,,,4;5;6
6766158,CONTROL,0,0,0,,train,0,,,,4;5;6
6778358,CONTROL,0,0,0,,train,0,,,,4;5;6
6779294,CONTROL,0,0,0,,train,0,,,,4;5;6
6779418,CONTROL,0,0,0,,train,0,,,,4;5;6
6782383,CONTROL,0,0,0,,train,0,,,,4;5;6
6785390,CONTROL,0,0,0,,train,0,,,,4;5;6
6803265,CONTROL,0,0,0,,train,0,,,,4;5;6
6843787,CONTROL,0,0,0,,train,0,,,,4;5;6
6860176,CONTROL,0,0,0,,train,0,,,,4;5;6
6862872,CONTROL,0,0,0,,train,0,,,,4;5;6
6863880,CONTROL,0,0,0,,train,0,,,,4;5;6
6864355,CONTROL,0,0,0,,train,0,,,,4;5;6
6865610,CONTROL,0,0,0,,train,0,,,,4;5;6
6866193,CONTROL,0,0,0,,train,0,,,,4;5;6
6868144,CONTROL,0,0,0,,train,0,,,,4;5;6
6868197,CONTROL,0,0,0,,train,0,,,,4;5;6
6870449,CONTROL,0,0,0,,train,0,,,,4;5;6
6876737,CONTROL,0,0,0,,train,0,,,,4;5;6
6880915,CONTROL,0,0,0,,train,0,,,,4;5;6
6890121,CONTROL,0,0,0,,train,0,,,,4;5;6
6933371,CONTROL,0,0,0,,train,0,,,,4;5;6
6937096,CONTROL,0,0,0,,train,0,,,,4;5;6
6937573,CONTROL,0,0,0,,train,0,,,,4;5;6
6940922,CONTROL,0,0,0,,train,0,,,,4;5;6
6948128,CONTROL,0,0,0,,train,0,,,,4;5;6
6950288,CONTROL,0,0,0,,train,0,,,,4;5;6
7022379,CONTROL,0,0,0,,train,0,,,,4;5;6
7023433,CONTROL,0,0,0,,train,0,,,,4;5;6
7024672,CONTROL,0,0,0,,train,0,,,,4;5;6
7031818,CONTROL,0,0,0,,train,0,,,,4;5;6
7032219,CONTROL,0,0,0,,train,0,,,,4;5;6
7033670,CONTROL,0,0,0,,train,0,,,,4;5;6
7041511,CONTROL,0,0,0,,train,0,,,,4;5;6
7046116,CONTROL,0,0,0,,train,0,,,,4;5;6
7053113,CONTROL,0,0,0,,train,0,,,,4;5;6
7059987,CONTROL,0,0,0,,train,0,,,,4;5;6
7090703,CONTROL,0,0,0,,train,0,,,,4;5;6
7094821,CONTROL,0,0,0,,train,0,,,,4;5;6
7101045,CONTROL,0,0,0,,train,0,,,,4;5;6
7108863,CONTROL,0,0,0,,train,0,,,,4;5;6
7118053,CONTROL,0,0,0,,train,0,,,,4;5;6
7122504,CONTROL,0,0,0,,train,0,,,,4;5;6
7124596,CONTROL,0,0,0,,train,0,,,,4;5;6
7129635,CONTROL,0,0,0,,train,0,,,,4;5;6
7132436,CONTROL,0,0,0,,train,0,,,,4;5;6
7132462,CONTROL,0,0,0,,train,0,,,,4;5;6
7132962,CONTROL,0,0,0,,train,0,,,,4;5;6
7135516,CONTROL,0,0,0,,train,0,,,,4;5;6
7178016,CONTROL,0,0,0,,train,0,,,,4;5;6
7178178,CONTROL,0,0,0,,train,0,,,,4;5;6
7183502,CONTROL,0,0,0,,train,0,,,,4;5;6
7183732,CONTROL,0,0,0,,train,0,,,,4;5;6
7192620,CONTROL,0,0,0,,train,0,,,,4;5;6
7203574,CONTROL,0,0,0,,train,0,,,,4;5;6
7213559,CONTROL,0,0,0,,train,0,,,,4;5;6
7258594,CONTROL,0,0,0,,train,0,,,,4;5;6
7266590,CONTROL,0,0,0,,train,0,,,,4;5;6
7283238,CONTROL,0,0,0,,train,0,,,,4;5;6
7287978,CONTROL,0,0,0,,train,0,,,,4;5;6
7294088,CONTROL,0,0,0,,train,0,,,,4;5;6
7300929,CONTROL,0,0,0,,train,0,,,,4;5;6
7345881,CONTROL,0,0,0,,train,0,,,,4;5;6
7350284,CONTROL,0,0,0,,train,0,,,,4;5;6
7366419,CONTROL,0,0,0,,train,0,,,,4;5;6
7377586,CONTROL,0,0,0,,train,0,,,,4;5;6
7386413,CONTROL,0,0,0,,train,0,,,,4;5;6
7417322,CONTROL,0,0,0,,train,0,,,,4;5;6
7427265,CONTROL,0,0,0,,train,0,,,,4;5;6
7435698,CONTROL,0,0,0,,train,0,,,,4;5;6
7436072,CONTROL,0,0,0,,train,0,,,,4;5;6
7447574,CONTROL,0,0,0,,train,0,,,,4;5;6
7448261,CONTROL,0,0,0,,train,0,,,,4;5;6
7465221,CONTROL,0,0,0,,train,0,,,,4;5;6
7509821,CONTROL,0,0,0,,train,0,,,,4;5;6
7511916,CONTROL,0,0,0,,train,0,,,,4;5;6
7512835,CONTROL,0,0,0,,train,0,,,,4;5;6
7522913,CONTROL,0,0,0,,train,0,,,,4;5;6
7532319,CONTROL,0,0,0,,train,0,,,,4;5;6
7539607,CONTROL,0,0,0,,train,0,,,,4;5;6
7540960,CONTROL,0,0,0,,train,0,,,,4;5;6
7549460,CONTROL,0,0,0,,train,0,,,,4;5;6
7550555,CONTROL,0,0,0,,train,0,,,,4;5;6
7582771,CONTROL,0,0,0,,train,0,,,,4;5;6
7587058,CONTROL,0,0,0,,train,0,,,,4;5;6
7593224,CONTROL,0,0,0,,train,0,,,,4;5;6
7598875,CONTROL,0,0,0,,train,0,,,,4;5;6
7621801,CONTROL,0,0,0,,train,0,,,,4;5;6
7630940,CONTROL,0,0,0,,train,0,,,,4;5;6
7658417,CONTROL,0,0,0,,train,0,,,,4;5;6
7660400,CONTROL,0,0,0,,train,0,,,,4;5;6
7661362,CONTROL,0,0,0,,train,0,,,,4;5;6
7663624,CONTROL,0,0,0,,train,0,,,,4;5;6
7673018,CONTROL,0,0,0,,train,0,,,,4;5;6
7674107,CONTROL,0,0,0,,train,0,,,,4;5;6
7678736,CONTROL,0,0,0,,train,0,,,,4;5;6
7679600,CONTROL,0,0,0,,train,0,,,,4;5;6
7695869,CONTROL,0,0,0,,train,0,,,,4;5;6
7696235,CONTROL,0,0,0,,train,0,,,,4;5;6
7698266,CONTROL,0,0,0,,train,0,,,,4;5;6
7699242,CONTROL,0,0,0,,train,0,,,,4;5;6
7730454,CONTROL,0,0,0,,train,0,,,,4;5;6
7731450,CONTROL,0,0,0,,train,0,,,,4;5;6
7740182,CONTROL,0,0,0,,train,0,,,,4;5;6
7741003,CONTROL,0,0,0,,train,0,,,,4;5;6
7743840,CONTROL,0,0,0,,train,0,,,,4;5;6
7746879,CONTROL,0,0,0,,train,0,,,,4;5;6
7748884,CONTROL,0,0,0,,train,0,,,,4;5;6
7749842,CONTROL,0,0,0,,train,0,,,,4;5;6
7757092,CONTROL,0,0,0,,train,0,,,,4;5;6
7761848,CONTROL,0,0,0,,train,0,,,,4;5;6
7765916,CONTROL,0,0,0,,train,0,,,,4;5;6
7770492,CONTROL,0,0,0,,train,0,,,,4;5;6
7771592,CONTROL,0,0,0,,train,0,,,,4;5;6
7797947,CONTROL,0,0,0,,train,0,,,,4;5;6
7800138,CONTROL,0,0,0,,train,0,,,,4;5;6
7809638,CONTROL,0,0,0,,train,0,,,,4;5;6
7809809,CONTROL,0,0,0,,train,0,,,,4;5;6
7809913,CONTROL,0,0,0,,train,0,,,,4;5;6
7811564,CONTROL,0,0,0,,train,0,,,,4;5;6
7813349,CONTROL,0,0,0,,train,0,,,,4;5;6
7813420,CONTROL,0,0,0,,train,0,,,,4;5;6
7813427,CONTROL,0,0,0,,train,0,,,,4;5;6
7815970,CONTROL,0,0,0,,train,0,,,,4;5;6
7816142,CONTROL,0,0,0,,train,0,,,,4;5;6
7817016,CONTROL,0,0,0,,train,0,,,,4;5;6
7817786,CONTROL,0,0,0,,train,0,,,,4;5;6
7818665,CONTROL,0,0,0,,train,0,,,,4;5;6
7826324,CONTROL,0,0,0,,train,0,,,,4;5;6
7830396,CONTROL,0,0,0,,train,0,,,,4;5;6
7831689,CONTROL,0,0,0,,train,0,,,,4;5;6
7832745,CONTROL,0,0,0,,train,0,,,,4;5;6
7833807,CONTROL,0,0,0,,train,0,,,,4;5;6
7839993,CONTROL,0,0,0,,train,0,,,,4;5;6
7848629,CONTROL,0,0,0,,train,0,,,,4;5;6
7866914,CONTROL,0,0,0,,train,0,,,,4;5;6
7877427,CONTROL,0,0,0,,train,0,,,,4;5;6
7879167,CONTROL,0,0,0,,train,0,,,,4;5;6
7888530,CONTROL,0,0,0,,train,0,,,,4;5;6
7898846,CONTROL,0,0,0,,train,0,,,,4;5;6
7905232,CONTROL,0,0,0,,train,0,,,,4;5;6
7910442,CONTROL,0,0,0,,train,0,,,,4;5;6
7936847,CONTROL,0,0,0,,train,0,,,,4;5;6
7938116,CONTROL,0,0,0,,train,0,,,,4;5;6
7939272,CONTROL,0,0,0,,train,0,,,,4;5;6
7940617,CONTROL,0,0,0,,train,0,,,,4;5;6
7946782,CONTROL,0,0,0,,train,0,,,,4;5;6
7948261,CONTROL,0,0,0,,train,0,,,,4;5;6
7955409,CONTROL,0,0,0,,train,0,,,,4;5;6
7957983,CONTROL,0,0,0,,train,0,,,,4;5;6
7968925,CONTROL,0,0,0,,train,0,,,,4;5;6
7974416,CONTROL,0,0,0,,train,0,,,,4;5;6
7975638,CONTROL,0,0,0,,train,0,,,,4;5;6
7984239,CONTROL,0,0,0,,train,0,,,,4;5;6
7984541,CONTROL,0,0,0,,train,0,,,,4;5;6
7988582,CONTROL,0,0,0,,train,0,,,,4;5;6
7988600,CONTROL,0,0,0,,train,0,,,,4;5;6
8007160,CONTROL,0,0,0,,train,0,,,,4;5;6
8016650,CONTROL,0,0,0,,train,0,,,,4;5;6
8039572,CONTROL,0,0,0,,train,0,,,,4;5;6
8040699,CONTROL,0,0,0,,train,0,,,,4;5;6
8041334,CONTROL,0,0,0,,train,0,,,,4;5;6
8051520,CONTROL,0,0,0,,train,0,,,,4;5;6
8055078,CONTROL,0,0,0,,train,0,,,,4;5;6
8056060,CONTROL,0,0,0,,train,0,,,,4;5;6
8086076,CONTROL,0,0,0,,train,0,,,,4;5;6
8094292,CONTROL,0,0,0,,train,0,,,,4;5;6
8096150,CONTROL,0,0,0,,train,0,,,,4;5;6
8099588,CONTROL,0,0,0,,train,0,,,,4;5;6
8105972,CONTROL,0,0,0,,train,0,,,,4;5;6
8107159,CONTROL,0,0,0,,train,0,,,,4;5;6
8122727,CONTROL,0,0,0,,train,0,,,,4;5;6
8128958,CONTROL,0,0,0,,train,0,,,,4;5;6
8150565,CONTROL,0,0,0,,train,0,,,,4;5;6
8155006,CONTROL,0,0,0,,train,0,,,,4;5;6
8161226,CONTROL,0,0,0,,train,0,,,,4;5;6
8162249,CONTROL,0,0,0,,train,0,,,,4;5;6
8167514,CONTROL,0,0,0,,train,0,,,,4;5;6
8177892,CONTROL,0,0,0,,train,0,,,,4;5;6
8183723,CONTROL,0,0,0,,train,0,,,,4;5;6
8196436,CONTROL,0,0,0,,train,0,,,,4;5;6
8222873,CONTROL,0,0,0,,train,0,,,,4;5;6
8233777,CONTROL,0,0,0,,train,0,,,,4;5;6
8243293,CONTROL,0,0,0,,train,0,,,,4;5;6
8261888,CONTROL,0,0,0,,train,0,,,,4;5;6
8263003,CONTROL,0,0,0,,train,0,,,,4;5;6
8263339,CONTROL,0,0,0,,train,0,,,,4;5;6
8264042,CONTROL,0,0,0,,train,0,,,,4;5;6
8265421,CONTROL,0,0,0,,train,0,,,,4;5;6
8265866,CONTROL,0,0,0,,train,0,,,,4;5;6
8283489,CONTROL,0,0,0,,train,0,,,,4;5;6
8286020,CONTROL,0,0,0,,train,0,,,,4;5;6
8296548,CONTROL,0,0,0,,train,0,,,,4;5;6
8308417,CONTROL,0,0,0,,train,0,,,,4;5;6
8309905,CONTROL,0,0,0,,train,0,,,,4;5;6
8312451,CONTROL,0,0,0,,train,0,,,,4;5;6
8316372,CONTROL,0,0,0,,train,0,,,,4;5;6
8326273,CONTROL,0,0,0,,train,0,,,,4;5;6
8329377,CONTROL,0,0,0,,train,0,,,,4;5;6
8331412,CONTROL,0,0,0,,train,0,,,,4;5;6
8343908,CONTROL,0,0,0,,train,0,,,,4;5;6
8348888,CONTROL,0,0,0,,train,0,,,,4;5;6
8350226,CONTROL,0,0,0,,train,0,,,,4;5;6
8355300,CONTROL,0,0,0,,train,0,,,,4;5;6
8357647,CONTROL,0,0,0,,train,0,,,,4;5;6
8359387,CONTROL,0,0,0,,train,0,,,,4;5;6
8364081,CONTROL,0,0,0,,train,0,,,,4;5;6
8364435,CONTROL,0,0,0,,train,0,,,,4;5;6
8366653,CONTROL,0,0,0,,train,0,,,,4;5;6
8377423,CONTROL,0,0,0,,train,0,,,,4;5;6
8380795,CONTROL,0,0,0,,train,0,,,,4;5;6
8389968,CONTROL,0,0,0,,train,0,,,,4;5;6
8398257,CONTROL,0,0,0,,train,0,,,,4;5;6
8409278,CONTROL,0,0,0,,train,0,,,,4;5;6
8411073,CONTROL,0,0,0,,train,0,,,,4;5;6
8414868,CONTROL,0,0,0,,train,0,,,,4;5;6
8416122,CONTROL,0,0,0,,train,0,,,,4;5;6
8428297,CONTROL,0,0,0,,train,0,,,,4;5;6
8430027,CONTROL,0,0,0,,train,0,,,,4;5;6
8433003,CONTROL,0,0,0,,train,0,,,,4;5;6
8454322,CONTROL,0,0,0,,train,0,,,,4;5;6
8481113,CONTROL,0,0,0,,train,0,,,,4;5;6
8481170,CONTROL,0,0,0,,train,0,,,,4;5;6
8494380,CONTROL,0,0,0,,train,0,,,,4;5;6
8495043,CONTROL,0,0,0,,train,0,,,,4;5;6
8515910,CONTROL,0,0,0,,train,0,,,,4;5;6
8515980,CONTROL,0,0,0,,train,0,,,,4;5;6
8521226,CONTROL,0,0,0,,train,0,,,,4;5;6
8539074,CONTROL,0,0,0,,train,0,,,,4;5;6
8539753,CONTROL,0,0,0,,train,0,,,,4;5;6
8552815,CONTROL,0,0,0,,train,0,,,,4;5;6
8556801,CONTROL,0,0,0,,train,0,,,,4;5;6
8561404,CONTROL,0,0,0,,train,0,,,,4;5;6
8564129,CONTROL,0,0,0,,train,0,,,,4;5;6
8566020,CONTROL,0,0,0,,train,0,,,,4;5;6
8571156,CONTROL,0,0,0,,train,0,,,,4;5;6
8573878,CONTROL,0,0,0,,train,0,,,,4;5;6
8585540,CONTROL,0,0,0,,train,0,,,,4;5;6
8604175,CONTROL,0,0,0,,train,0,,,,4;5;6
8604474,CONTROL,0,0,0,,train,0,,,,4;5;6
8608310,CONTROL,0,0,0,,train,0,,,,4;5;6
8610358,CONTROL,0,0,0,,train,0,,,,4;5;6
8618736,CONTROL,0,0,0,,train,0,,,,4;5;6
8621724,CONTROL,0,0,0,,train,0,,,,4;5;6
8626412,CONTROL,0,0,0,,train,0,,,,4;5;6
8629746,CONTROL,0,0,0,,train,0,,,,4;5;6
8630783,CONTROL,0,0,0,,train,0,,,,4;5;6
8646113,CONTROL,0,0,0,,train,0,,,,4;5;6
8669097,CONTROL,0,0,0,,train,0,,,,4;5;6
8676846,CONTROL,0,0,0,,train,0,,,,4;5;6
8683248,CONTROL,0,0,0,,train,0,,,,4;5;6
8684434,CONTROL,0,0,0,,train,0,,,,4;5;6
8693709,CONTROL,0,0,0,,train,0,,,,4;5;6
8696444,CONTROL,0,0,0,,train,0,,,,4;5;6
8711820,CONTROL,0,0,0,,train,0,,,,4;5;6
8713296,CONTROL,0,0,0,,train,0,,,,4;5;6
8716306,CONTROL,0,0,0,,train,0,,,,4;5;6
8741455,CONTROL,0,0,0,,train,0,,,,4;5;6
8741494,CONTROL,0,0,0,,train,0,,,,4;5;6
8742130,CONTROL,0,0,0,,train,0,,,,4;5;6
8746399,CONTROL,0,0,0,,train,0,,,,4;5;6
8746663,CONTROL,0,0,0,,train,0,,,,4;5;6
8754254,CONTROL,0,0,0,,train,0,,,,4;5;6
8767145,CONTROL,0,0,0,,train,0,,,,4;5;6
8779847,CONTROL,0,0,0,,train,0,,,,4;5;6
8800709,CONTROL,0,0,0,,train,0,,,,4;5;6
8801027,CONTROL,0,0,0,,train,0,,,,4;5;6
8807683,CONTROL,0,0,0,,train,0,,,,4;5;6
8815849,CONTROL,0,0,0,,train,0,,,,4;5;6
8816509,CONTROL,0,0,0,,train,0,,,,4;5;6
8819196,CONTROL,0,0,0,,train,0,,,,4;5;6
8832353,CONTROL,0,0,0,,train,0,,,,4;5;6
8848920,CONTROL,0,0,0,,train,0,,,,4;5;6
8866698,CONTROL,0,0,0,,train,0,,,,4;5;6
8866927,CONTROL,0,0,0,,train,0,,,,4;5;6
8881888,CONTROL,0,0,0,,train,0,,,,4;5;6
8916469,CONTROL,0,0,0,,train,0,,,,4;5;6
8939396,CONTROL,0,0,0,,train,0,,,,4;5;6
8941413,CONTROL,0,0,0,,train,0,,,,4;5;6
8947545,CONTROL,0,0,0,,train,0,,,,4;5;6
8949833,CONTROL,0,0,0,,train,0,,,,4;5;6
8952085,CONTROL,0,0,0,,train,0,,,,4;5;6
8956923,CONTROL,0,0,0,,train,0,,,,4;5;6
8961076,CONTROL,0,0,0,,train,0,,,,4;5;6
8974436,CONTROL,0,0,0,,train,0,,,,4;5;6
8975730,CONTROL,0,0,0,,train,0,,,,4;5;6
8981621,CONTROL,0,0,0,,train,0,,,,4;5;6
9009256,CONTROL,0,0,0,,train,0,,,,4;5;6
9016599,CONTROL,0,0,0,,train,0,,,,4;5;6
9019389,CONTROL,0,0,0,,train,0,,,,4;5;6
9031798,CONTROL,0,0,0,,train,0,,,,4;5;6
9032080,CONTROL,0,0,0,,train,0,,,,4;5;6
9044060,CONTROL,0,0,0,,train,0,,,,4;5;6
9076376,CONTROL,0,0,0,,train,0,,,,4;5;6
9077576,CONTROL,0,0,0,,train,0,,,,4;5;6
9080545,CONTROL,0,0,0,,train,0,,,,4;5;6
9085981,CONTROL,0,0,0,,train,0,,,,4;5;6
9091949,CONTROL,0,0,0,,train,0,,,,4;5;6
9094286,CONTROL,0,0,0,,train,0,,,,4;5;6
9094336,CONTROL,0,0,0,,train,0,,,,4;5;6
9108477,CONTROL,0,0,0,,train,0,,,,4;5;6
9143720,CONTROL,0,0,0,,train,0,,,,4;5;6
9147361,CONTROL,0,0,0,,train,0,,,,4;5;6
9151190,CONTROL,0,0,0,,train,0,,,,4;5;6
9153145,CONTROL,0,0,0,,train,0,,,,4;5;6
9153356,CONTROL,0,0,0,,train,0,,,,4;5;6
9153700,CONTROL,0,0,0,,train,0,,,,4;5;6
9165803,CONTROL,0,0,0,,train,0,,,,4;5;6
9203538,CONTROL,0,0,0,,train,0,,,,4;5;6
9209645,CONTROL,0,0,0,,train,0,,,,4;5;6
9215594,CONTROL,0,0,0,,train,0,,,,4;5;6
9222296,CONTROL,0,0,0,,train,0,,,,4;5;6
9222717,CONTROL,0,0,0,,train,0,,,,4;5;6
9223800,CONTROL,0,0,0,,train,0,,,,4;5;6
9224697,CONTROL,0,0,0,,train,0,,,,4;5;6
9242081,CONTROL,0,0,0,,train,0,,,,4;5;6
9265556,CONTROL,0,0,0,,train,0,,,,4;5;6
9273247,CONTROL,0,0,0,,train,0,,,,4;5;6
9274173,CONTROL,0,0,0,,train,0,,,,4;5;6
9274417,CONTROL,0,0,0,,train,0,,,,4;5;6
9279552,CONTROL,0,0,0,,train,0,,,,4;5;6
9284888,CONTROL,0,0,0,,train,0,,,,4;5;6
9286962,CONTROL,0,0,0,,train,0,,,,4;5;6
9287678,CONTROL,0,0,0,,train,0,,,,4;5;6
9287803,CONTROL,0,0,0,,train,0,,,,4;5;6
9290688,CONTROL,0,0,0,,train,0,,,,4;5;6
9290838,CONTROL,0,0,0,,train,0,,,,4;5;6
9307415,CONTROL,0,0,0,,train,0,,,,4;5;6
9329384,CONTROL,0,0,0,,train,0,,,,4;5;6
9329665,CONTROL,0,0,0,,train,0,,,,4;5;6
9334348,CONTROL,0,0,0,,train,0,,,,4;5;6
9336124,CONTROL,0,0,0,,train,0,,,,4;5;6
9349388,CONTROL,0,0,0,,train,0,,,,4;5;6
9350249,CONTROL,0,0,0,,train,0,,,,4;5;6
9352665,CONTROL,0,0,0,,train,0,,,,4;5;6
9357240,CONTROL,0,0,0,,train,0,,,,4;5;6
9364590,CONTROL,0,0,0,,train,0,,,,4;5;6
9364897,CONTROL,0,0,0,,train,0,,,,4;5;6
9366785,CONTROL,0,0,0,,train,0,,,,4;5;6
9366818,CONTROL,0,0,0,,train,0,,,,4;5;6
9386171,CONTROL,0,0,0,,train,0,,,,4;5;6
9391437,CONTROL,0,0,0,,train,0,,,,4;5;6
9391799,CONTROL,0,0,0,,train,0,,,,4;5;6
9396463,CONTROL,0,0,0,,train,0,,,,4;5;6
9409317,CONTROL,0,0,0,,train,0,,,,4;5;6
9410713,CONTROL,0,0,0,,train,0,,,,4;5;6
9411828,CONTROL,0,0,0,,train,0,,,,4;5;6
9412605,CONTROL,0,0,0,,train,0,,,,4;5;6
9412789,CONTROL,0,0,0,,train,0,,,,4;5;6
9412870,CONTROL,0,0,0,,train,0,,,,4;5;6
9455573,CONTROL,0,0,0,,train,0,,,,4;5;6
9458041,CONTROL,0,0,0,,train,0,,,,4;5;6
9459478,CONTROL,0,0,0,,train,0,,,,4;5;6
9480254,CONTROL,0,0,0,,train,0,,,,4;5;6
9514274,CONTROL,0,0,0,,train,0,,,,4;5;6
9519376,CONTROL,0,0,0,,train,0,,,,4;5;6
9519422,CONTROL,0,0,0,,train,0,,,,4;5;6
9520655,CONTROL,0,0,0,,train,0,,,,4;5;6
9520713,CONTROL,0,0,0,,train,0,,,,4;5;6
9527780,CONTROL,0,0,0,,train,0,,,,4;5;6
9527892,CONTROL,0,0,0,,train,0,,,,4;5;6
9533523,CONTROL,0,0,0,,train,0,,,,4;5;6
9533988,CONTROL,0,0,0,,train,0,,,,4;5;6
9534539,CONTROL,0,0,0,,train,0,,,,4;5;6
9549423,CONTROL,0,0,0,,train,0,,,,4;5;6
9549728,CONTROL,0,0,0,,train,0,,,,4;5;6
9573157,CONTROL,0,0,0,,train,0,,,,4;5;6
9574811,CONTROL,0,0,0,,train,0,,,,4;5;6
9578636,CONTROL,0,0,0,,train,0,,,,4;5;6
9580751,CONTROL,0,0,0,,train,0,,,,4;5;6
9593769,CONTROL,0,0,0,,train,0,,,,4;5;6
9593825,CONTROL,0,0,0,,train,0,,,,4;5;6
9598425,CONTROL,0,0,0,,train,0,,,,4;5;6
9601554,CONTROL,0,0,0,,train,0,,,,4;5;6
9602495,CONTROL,0,0,0,,train,0,,,,4;5;6
9606914,CONTROL,0,0,0,,train,0,,,,4;5;6
9612933,CONTROL,0,0,0,,train,0,,,,4;5;6
9613488,CONTROL,0,0,0,,train,0,,,,4;5;6
9631944,CONTROL,0,0,0,,train,0,,,,4;5;6
9635223,CONTROL,0,0,0,,train,0,,,,4;5;6
9635812,CONTROL,0,0,0,,train,0,,,,4;5;6
9636545,CONTROL,0,0,0,,train,0,,,,4;5;6
9637596,CONTROL,0,0,0,,train,0,,,,4;5;6
9640048,CONTROL,0,0,0,,train,0,,,,4;5;6
9641358,CONTROL,0,0,0,,train,0,,,,4;5;6
9655271,CONTROL,0,0,0,,train,0,,,,4;5;6
9655753,CONTROL,0,0,0,,train,0,,,,4;5;6
9657174,CONTROL,0,0,0,,train,0,,,,4;5;6
9666662,CONTROL,0,0,0,,train,0,,,,4;5;6
9672605,CONTROL,0,0,0,,train,0,,,,4;5;6
9691432,CONTROL,0,0,0,,train,0,,,,4;5;6
9693765,CONTROL,0,0,0,,train,0,,,,4;5;6
9700855,CONTROL,0,0,0,,train,0,,,,4;5;6
9702326,CONTROL,0,0,0,,train,0,,,,4;5;6
9704943,CONTROL,0,0,0,,train,0,,,,4;5;6
9714102,CONTROL,0,0,0,,train,0,,,,4;5;6
9716902,CONTROL,0,0,0,,train,0,,,,4;5;6
9717161,CONTROL,0,0,0,,train,0,,,,4;5;6
9717962,CONTROL,0,0,0,,train,0,,,,4;5;6
9718321,CONTROL,0,0,0,,train,0,,,,4;5;6
9718856,CONTROL,0,0,0,,train,0,,,,4;5;6
9724181,CONTROL,0,0,0,,train,0,,,,4;5;6
9724404,CONTROL,0,0,0,,train,0,,,,4;5;6
9724793,CONTROL,0,0,0,,train,0,,,,4;5;6
9767253,CONTROL,0,0,0,,train,0,,,,4;5;6
9768004,CONTROL,0,0,0,,train,0,,,,4;5;6
9772060,CONTROL,0,0,0,,train,0,,,,4;5;6
9772204,CONTROL,0,0,0,,train,0,,,,4;5;6
9773909,CONTROL,0,0,0,,train,0,,,,4;5;6
9775446,CONTROL,0,0,0,,train,0,,,,4;5;6
9775499,CONTROL,0,0,0,,train,0,,,,4;5;6
9775707,CONTROL,0,0,0,,train,0,,,,4;5;6
9776814,CONTROL,0,0,0,,train,0,,,,4;5;6
9778067,CONTROL,0,0,0,,train,0,,,,4;5;6
9783829,CONTROL,0,0,0,,train,0,,,,4;5;6
9783880,CONTROL,0,0,0,,train,0,,,,4;5;6
9783919,CONTROL,0,0,0,,train,0,,,,4;5;6
9784619,CONTROL,0,0,0,,train,0,,,,4;5;6
9787534,CONTROL,0,0,0,,train,0,,,,4;5;6
9815461,CONTROL,0,0,0,,train,0,,,,4;5;6
9821084,CONTROL,0,0,0,,train,0,,,,4;5;6
9826950,CONTROL,0,0,0,,train,0,,,,4;5;6
9839918,CONTROL,0,0,0,,train,0,,,,4;5;6
9842792,CONTROL,0,0,0,,train,0,,,,4;5;6
9843676,CONTROL,0,0,0,,train,0,,,,4;5;6
9846150,CONTROL,0,0,0,,train,0,,,,4;5;6
9847159,CONTROL,0,0,0,,train,0,,,,4;5;6
9847707,CONTROL,0,0,0,,train,0,,,,4;5;6
9848190,CONTROL,0,0,0,,train,0,,,,4;5;6
9851786,CONTROL,0,0,0,,train,0,,,,4;5;6
9875793,CONTROL,0,0,0,,train,0,,,,4;5;6
9884019,CONTROL,0,0,0,,train,0,,,,4;5;6
9884176,CONTROL,0,0,0,,train,0,,,,4;5;6
9884705,CONTROL,0,0,0,,train,0,,,,4;5;6
9893216,CONTROL,0,0,0,,train,0,,,,4;5;6
9893368,CONTROL,0,0,0,,train,0,,,,4;5;6
9896743,CONTROL,0,0,0,,train,0,,,,4;5;6
9896883,CONTROL,0,0,0,,train,0,,,,4;5;6
9897010,CONTROL,0,0,0,,train,0,,,,4;5;6
9897024,CONTROL,0,0,0,,train,0,,,,4;5;6
9897266,CONTROL,0,0,0,,train,0,,,,4;5;6
9897652,CONTROL,0,0,0,,train,0,,,,4;5;6
9897830,CONTROL,0,0,0,,train,0,,,,4;5;6
9899948,CONTROL,0,0,0,,train,0,,,,4;5;6
9903125,CONTROL,0,0,0,,train,0,,,,4;5;6
9907329,CONTROL,0,0,0,,train,0,,,,4;5;6
9907651,CONTROL,0,0,0,,train,0,,,,4;5;6
9934492,CONTROL,0,0,0,,train,0,,,,4;5;6
9935683,CONTROL,0,0,0,,train,0,,,,4;5;6
9936481,CONTROL,0,0,0,,train,0,,,,4;5;6
9942639,CONTROL,0,0,0,,train,0,,,,4;5;6
9944814,CONTROL,0,0,0,,train,0,,,,4;5;6
9945595,CONTROL,0,0,0,,train,0,,,,4;5;6
9946667,CONTROL,0,0,0,,train,0,,,,4;5;6
9947052,CONTROL,0,0,0,,train,0,,,,4;5;6
9953754,CONTROL,0,0,0,,train,0,,,,4;5;6
9956345,CONTROL,0,0,0,,train,0,,,,4;5;6
9957131,CONTROL,0,0,0,,train,0,,,,4;5;6
9958431,CONTROL,0,0,0,,train,0,,,,4;5;6
9959007,CONTROL,0,0,0,,train,0,,,,4;5;6
9965124,CONTROL,0,0,0,,train,0,,,,4;5;6
9965735,CONTROL,0,0,0,,train,0,,,,4;5;6
9966394,CONTROL,0,0,0,,train,0,,,,4;5;6
9991230,CONTROL,0,0,0,,train,0,,,,4;5;6
9995365,CONTROL,0,0,0,,train,0,,,,4;5;6
10004537,CONTROL,0,0,0,,train,0,,,,4;5;6
10005982,CONTROL,0,0,0,,train,0,,,,4;5;6
10014558,CONTROL,0,0,0,,train,0,,,,4;5;6
10018442,CONTROL,0,0,0,,train,0,,,,4;5;6
10018923,CONTROL,0,0,0,,train,0,,,,4;5;6
10018967,CONTROL,0,0,0,,train,0,,,,4;5;6
10023555,CONTROL,0,0,0,,train,0,,,,4;5;6
10028164,CONTROL,0,0,0,,train,0,,,,4;5;6
10030943,CONTROL,0,0,0,,train,0,,,,4;5;6
10031468,CONTROL,0,0,0,,train,0,,,,4;5;6
10034197,CONTROL,0,0,0,,train,0,,,,4;5;6
10053594,CONTROL,0,0,0,,train,0,,,,4;5;6
10054489,CONTROL,0,0,0,,train,0,,,,4;5;6
10066091,CONTROL,0,0,0,,train,0,,,,4;5;6
10066323,CONTROL,0,0,0,,train,0,,,,4;5;6
10070178,CONTROL,0,0,0,,train,0,,,,4;5;6
10070579,CONTROL,0,0,0,,train,0,,,,4;5;6
10080344,CONTROL,0,0,0,,train,0,,,,4;5;6
10087158,CONTROL,0,0,0,,train,0,,,,4;5;6
10088793,CONTROL,0,0,0,,train,0,,,,4;5;6
10091441,CONTROL,0,0,0,,train,0,,,,4;5;6
10093978,CONTROL,0,0,0,,train,0,,,,4;5;6
10122250,CONTROL,0,0,0,,train,0,,,,4;5;6
10129332,CONTROL,0,0,0,,train,0,,,,4;5;6
10146793,CONTROL,0,0,0,,train,0,,,,4;5;6
10154141,CONTROL,0,0,0,,train,0,,,,4;5;6
10154792,CONTROL,0,0,0,,train,0,,,,4;5;6
10158164,CONTROL,0,0,0,,train,0,,,,4;5;6
10158776,CONTROL,0,0,0,,train,0,,,,4;5;6
10160966,CONTROL,0,0,0,,train,0,,,,4;5;6
10162869,CONTROL,0,0,0,,train,0,,,,4;5;6
10187835,CONTROL,0,0,0,,train,0,,,,4;5;6
10188898,CONTROL,0,0,0,,train,0,,,,4;5;6
10197694,CONTROL,0,0,0,,train,0,,,,4;5;6
10199844,CONTROL,0,0,0,,train,0,,,,4;5;6
10207524,CONTROL,0,0,0,,train,0,,,,4;5;6
10209292,CONTROL,0,0,0,,train,0,,,,4;5;6
10212725,CONTROL,0,0,0,,train,0,,,,4;5;6
10215673,CONTROL,0,0,0,,train,0,,,,4;5;6
10216186,CONTROL,0,0,0,,train,0,,,,4;5;6
10220613,CONTROL,0,0,0,,train,0,,,,4;5;6
10221564,CONTROL,0,0,0,,train,0,,,,4;5;6
10226392,CONTROL,0,0,0,,train,0,,,,4;5;6
10230684,CONTROL,0,0,0,,train,0,,,,4;5;6
10251796,CONTROL,0,0,0,,train,0,,,,4;5;6
10259530,CONTROL,0,0,0,,train,0,,,,4;5;6
10264639,CONTROL,0,0,0,,train,0,,,,4;5;6
10265341,CONTROL,0,0,0,,train,0,,,,4;5;6
10269059,CONTROL,0,0,0,,train,0,,,,4;5;6
10271703,CONTROL,0,0,0,,train,0,,,,4;5;6
10287341,CONTROL,0,0,0,,train,0,,,,4;5;6
10294538,CONTROL,0,0,0,,train,0,,,,4;5;6
10318013,CONTROL,0,0,0,,train,0,,,,4;5;6
10331496,CONTROL,0,0,0,,train,0,,,,4;5;6
10357329,CONTROL,0,0,0,,train,0,,,,4;5;6
10358453,CONTROL,0,0,0,,train,0,,,,4;5;6
10362470,CONTROL,0,0,0,,train,0,,,,4;5;6
10384318,CONTROL,0,0,0,,train,0,,,,4;5;6
10387500,CONTROL,0,0,0,,train,0,,,,4;5;6
10396501,CONTROL,0,0,0,,train,0,,,,4;5;6
10403240,CONTROL,0,0,0,,train,0,,,,4;5;6
10405903,CONTROL,0,0,0,,train,0,,,,4;5;6
10419991,CONTROL,0,0,0,,train,0,,,,4;5;6
10421610,CONTROL,0,0,0,,train,0,,,,4;5;6
10427630,CONTROL,0,0,0,,train,0,,,,4;5;6
10452551,CONTROL,0,0,0,,train,0,,,,4;5;6
10453574,CONTROL,0,0,0,,train,0,,,,4;5;6
10454913,CONTROL,0,0,0,,train,0,,,,4;5;6
10464486,CONTROL,0,0,0,,train,0,,,,4;5;6
10472288,CONTROL,0,0,0,,train,0,,,,4;5;6
10513604,CONTROL,0,0,0,,train,0,,,,4;5;6
10514656,CONTROL,0,0,0,,train,0,,,,4;5;6
10515142,CONTROL,0,0,0,,train,0,,,,4;5;6
10522264,CONTROL,0,0,0,,train,0,,,,4;5;6
10526137,CONTROL,0,0,0,,train,0,,,,4;5;6
10526585,CONTROL,0,0,0,,train,0,,,,4;5;6
10527883,CONTROL,0,0,0,,train,0,,,,4;5;6
10532431,CONTROL,0,0,0,,train,0,,,,4;5;6
10538733,CONTROL,0,0,0,,train,0,,,,4;5;6
10545353,CONTROL,0,0,0,,train,0,,,,4;5;6
10546002,CONTROL,0,0,0,,train,0,,,,4;5;6
10548623,CONTROL,0,0,0,,train,0,,,,4;5;6
10549497,CONTROL,0,0,0,,train,0,,,,4;5;6
10554118,CONTROL,0,0,0,,train,0,,,,4;5;6
10578922,CONTROL,0,0,0,,train,0,,,,4;5;6
10581263,CONTROL,0,0,0,,train,0,,,,4;5;6
10593528,CONTROL,0,0,0,,train,0,,,,4;5;6
10598186,CONTROL,0,0,0,,train,0,,,,4;5;6
10599800,CONTROL,0,0,0,,train,0,,,,4;5;6
10601760,CONTROL,0,0,0,,train,0,,,,4;5;6
10603161,CONTROL,0,0,0,,train,0,,,,4;5;6
10643786,CONTROL,0,0,0,,train,0,,,,4;5;6
10648857,CONTROL,0,0,0,,train,0,,,,4;5;6
10649530,CONTROL,0,0,0,,train,0,,,,4;5;6
10652904,CONTROL,0,0,0,,train,0,,,,4;5;6
10658486,CONTROL,0,0,0,,train,0,,,,4;5;6
10663379,CONTROL,0,0,0,,train,0,,,,4;5;6
10667611,CONTROL,0,0,0,,train,0,,,,4;5;6
10667806,CONTROL,0,0,0,,train,0,,,,4;5;6
10676422,CONTROL,0,0,0,,train,0,,,,4;5;6
10716928,CONTROL,0,0,0,,train,0,,,,4;5;6
10716968,CONTROL,0,0,0,,train,0,,,,4;5;6
10717107,CONTROL,0,0,0,,train,0,,,,4;5;6
10722313,CONTROL,0,0,0,,train,0,,,,4;5;6
10723937,CONTROL,0,0,0,,train,0,,,,4;5;6
10728290,CONTROL,0,0,0,,train,0,,,,4;5;6
10743019,CONTROL,0,0,0,,train,0,,,,4;5;6
10750206,CONTROL,0,0,0,,train,0,,,,4;5;6
10777361,CONTROL,0,0,0,,train,0,,,,4;5;6
10779479,CONTROL,0,0,0,,train,0,,,,4;5;6
10790120,CONTROL,0,0,0,,train,0,,,,4;5;6
10794621,CONTROL,0,0,0,,train,0,,,,4;5;6
10796683,CONTROL,0,0,0,,train,0,,,,4;5;6
10809316,CONTROL,0,0,0,,train,0,,,,4;5;6
10809571,CONTROL,0,0,0,,train,0,,,,4;5;6
10812774,CONTROL,0,0,0,,train,0,,,,4;5;6
10817440,CONTROL,0,0,0,,train,0,,,,4;5;6
10844708,CONTROL,0,0,0,,train,0,,,,4;5;6
10849586,CONTROL,0,0,0,,train,0,,,,4;5;6
10857462,CONTROL,0,0,0,,train,0,,,,4;5;6
10858071,CONTROL,0,0,0,,train,0,,,,4;5;6
10861387,CONTROL,0,0,0,,train,0,,,,4;5;6
10862368,CONTROL,0,0,0,,train,0,,,,4;5;6
10863107,CONTROL,0,0,0,,train,0,,,,4;5;6
10867073,CONTROL,0,0,0,,train,0,,,,4;5;6
10874987,CONTROL,0,0,0,,train,0,,,,4;5;6
10879154,CONTROL,0,0,0,,train,0,,,,4;5;6
10905711,CONTROL,0,0,0,,train,0,,,,4;5;6
10973027,CONTROL,0,0,0,,train,0,,,,4;5;6
10974449,CONTROL,0,0,0,,train,0,,,,4;5;6
10977235,CONTROL,0,0,0,,train,0,,,,4;5;6
10980032,CONTROL,0,0,0,,train,0,,,,4;5;6
10980281,CONTROL,0,0,0,,train,0,,,,4;5;6
10983221,CONTROL,0,0,0,,train,0,,,,4;5;6
10988513,CONTROL,0,0,0,,train,0,,,,4;5;6
10989971,CONTROL,0,0,0,,train,0,,,,4;5;6
10990672,CONTROL,0,0,0,,train,0,,,,4;5;6
11013864,CONTROL,0,0,0,,train,0,,,,4;5;6
11019557,CONTROL,0,0,0,,train,0,,,,4;5;6
11025737,CONTROL,0,0,0,,train,0,,,,4;5;6
11027708,CONTROL,0,0,0,,train,0,,,,4;5;6
11028946,CONTROL,0,0,0,,train,0,,,,4;5;6
11033373,CONTROL,0,0,0,,train,0,,,,4;5;6
11036966,CONTROL,0,0,0,,train,0,,,,4;5;6
11044326,CONTROL,0,0,0,,train,0,,,,4;5;6
11069333,CONTROL,0,0,0,,train,0,,,,4;5;6
11071009,CONTROL,0,0,0,,train,0,,,,4;5;6
11074022,CONTROL,0,0,0,,train,0,,,,4;5;6
11074255,CONTROL,0,0,0,,train,0,,,,4;5;6
11080555,CONTROL,0,0,0,,train,0,,,,4;5;6
11080665,CONTROL,0,0,0,,train,0,,,,4;5;6
11091510,CONTROL,0,0,0,,train,0,,,,4;5;6
11099314,CONTROL,0,0,0,,train,0,,,,4;5;6
11129582,CONTROL,0,0,0,,train,0,,,,4;5;6
11134392,CONTROL,0,0,0,,train,0,,,,4;5;6
11135100,CONTROL,0,0,0,,train,0,,,,4;5;6
11136940,CONTROL,0,0,0,,train,0,,,,4;5;6
11140355,CONTROL,0,0,0,,train,0,,,,4;5;6
11141358,CONTROL,0,0,0,,train,0,,,,4;5;6
11146452,CONTROL,0,0,0,,train,0,,,,4;5;6
11152016,CONTROL,0,0,0,,train,0,,,,4;5;6
11177727,CONTROL,0,0,0,,train,0,,,,4;5;6
11177822,CONTROL,0,0,0,,train,0,,,,4;5;6
11188159,CONTROL,0,0,0,,train,0,,,,4;5;6
11188196,CONTROL,0,0,0,,train,0,,,,4;5;6
11191464,CONTROL,0,0,0,,train,0,,,,4;5;6
11191514,CONTROL,0,0,0,,train,0,,,,4;5;6
11191732,CONTROL,0,0,0,,train,0,,,,4;5;6
11228490,CONTROL,0,0,0,,train,0,,,,4;5;6
11241326,CONTROL,0,0,0,,train,0,,,,4;5;6
11241985,CONTROL,0,0,0,,train,0,,,,4;5;6
11251473,CONTROL,0,0,0,,train,0,,,,4;5;6
11255378,CONTROL,0,0,0,,train,0,,,,4;5;6
11284821,CONTROL,0,0,0,,train,0,,,,4;5;6
11285544,CONTROL,0,0,0,,train,0,,,,4;5;6
11288932,CONTROL,0,0,0,,train,0,,,,4;5;6
11294665,CONTROL,0,0,0,,train,0,,,,4;5;6
11295125,CONTROL,0,0,0,,train,0,,,,4;5;6
11297367,CONTROL,0,0,0,,train,0,,,,4;5;6
11303706,CONTROL,0,0,0,,train,0,,,,4;5;6
11308209,CONTROL,0,0,0,,train,0,,,,4;5;6
11308587,CONTROL,0,0,0,,train,0,,,,4;5;6
11341237,CONTROL,0,0,0,,train,0,,,,4;5;6
11349012,CONTROL,0,0,0,,train,0,,,,4;5;6
11355746,CONTROL,0,0,0,,train,0,,,,4;5;6
11390418,CONTROL,0,0,0,,train,0,,,,4;5;6
11392990,CONTROL,0,0,0,,train,0,,,,4;5;6
11393732,CONTROL,0,0,0,,train,0,,,,4;5;6
11394058,CONTROL,0,0,0,,train,0,,,,4;5;6
11394063,CONTROL,0,0,0,,train,0,,,,4;5;6
11394570,CONTROL,0,0,0,,train,0,,,,4;5;6
11400756,CONTROL,0,0,0,,train,0,,,,4;5;6
11404191,CONTROL,0,0,0,,train,0,,,,4;5;6
11404661,CONTROL,0,0,0,,train,0,,,,4;5;6
11408245,CONTROL,0,0,0,,train,0,,,,4;5;6
11409562,CONTROL,0,0,0,,train,0,,,,4;5;6
11410415,CONTROL,0,0,0,,train,0,,,,4;5;6
11412774,CONTROL,0,0,0,,train,0,,,,4;5;6
11448240,CONTROL,0,0,0,,train,0,,,,4;5;6
11456083,CONTROL,0,0,0,,train,0,,,,4;5;6
11457007,CONTROL,0,0,0,,train,0,,,,4;5;6
11457357,CONTROL,0,0,0,,train,0,,,,4;5;6
11461112,CONTROL,0,0,0,,train,0,,,,4;5;6
11462234,CONTROL,0,0,0,,train,0,,,,4;5;6
11507962,CONTROL,0,0,0,,train,0,,,,4;5;6
11512961,CONTROL,0,0,0,,train,0,,,,4;5;6
11513465,CONTROL,0,0,0,,train,0,,,,4;5;6
11516366,CONTROL,0,0,0,,train,0,,,,4;5;6
11519475,CONTROL,0,0,0,,train,0,,,,4;5;6
11521116,CONTROL,0,0,0,,train,0,,,,4;5;6
11547271,CONTROL,0,0,0,,train,0,,,,4;5;6
11549921,CONTROL,0,0,0,,train,0,,,,4;5;6
11554045,CONTROL,0,0,0,,train,0,,,,4;5;6
11563895,CONTROL,0,0,0,,train,0,,,,4;5;6
11568512,CONTROL,0,0,0,,train,0,,,,4;5;6
11598134,CONTROL,0,0,0,,train,0,,,,4;5;6
11605699,CONTROL,0,0,0,,train,0,,,,4;5;6
11606085,CONTROL,0,0,0,,train,0,,,,4;5;6
11611923,CONTROL,0,0,0,,train,0,,,,4;5;6
11612112,CONTROL,0,0,0,,train,0,,,,4;5;6
11612707,CONTROL,0,0,0,,train,0,,,,4;5;6
11615617,CONTROL,0,0,0,,train,0,,,,4;5;6
11618859,CONTROL,0,0,0,,train,0,,,,4;5;6
11651240,CONTROL,0,0,0,,train,0,,,,4;5;6
11674585,CONTROL,0,0,0,,train,0,,,,4;5;6
11701518,CONTROL,0,0,0,,train,0,,,,4;5;6
11703047,CONTROL,0,0,0,,train,0,,,,4;5;6
11709694,CONTROL,0,0,0,,train,0,,,,4;5;6
11713590,CONTROL,0,0,0,,train,0,,,,4;5;6
11752135,CONTROL,0,0,0,,train,0,,,,4;5;6
11766846,CONTROL,0,0,0,,train,0,,,,4;5;6
11773616,CONTROL,0,0,0,,train,0,,,,4;5;6
11805520,CONTROL,0,0,0,,train,0,,,,4;5;6
11807310,CONTROL,0,0,0,,train,0,,,,4;5;6
11808481,CONTROL,0,0,0,,train,0,,,,4;5;6
11817651,CONTROL,0,0,0,,train,0,,,,4;5;6
11819975,CONTROL,0,0,0,,train,0,,,,4;5;6
11820798,CONTROL,0,0,0,,train,0,,,,4;5;6
11822102,CONTROL,0,0,0,,train,0,,,,4;5;6
11822489,CONTROL,0,0,0,,train,0,,,,4;5;6
11852910,CONTROL,0,0,0,,train,0,,,,4;5;6
11853603,CONTROL,0,0,0,,train,0,,,,4;5;6
11862020,CONTROL,0,0,0,,train,0,,,,4;5;6
11903568,CONTROL,0,0,0,,train,0,,,,4;5;6
11905831,CONTROL,0,0,0,,train,0,,,,4;5;6
11911820,CONTROL,0,0,0,,train,0,,,,4;5;6
11912709,CONTROL,0,0,0,,train,0,,,,4;5;6
11919374,CONTROL,0,0,0,,train,0,,,,4;5;6
11919829,CONTROL,0,0,0,,train,0,,,,4;5;6
11958229,CONTROL,0,0,0,,train,0,,,,4;5;6
11966336,CONTROL,0,0,0,,train,0,,,,4;5;6
11966515,CONTROL,0,0,0,,train,0,,,,4;5;6
11972725,CONTROL,0,0,0,,train,0,,,,4;5;6
11973853,CONTROL,0,0,0,,train,0,,,,4;5;6
11975356,CONTROL,0,0,0,,train,0,,,,4;5;6
12010678,CONTROL,0,0,0,,train,0,,,,4;5;6
12018834,CONTROL,0,0,0,,train,0,,,,4;5;6
12018926,CONTROL,0,0,0,,train,0,,,,4;5;6
12052230,CONTROL,0,0,0,,train,0,,,,4;5;6
12056151,CONTROL,0,0,0,,train,0,,,,4;5;6
12061216,CONTROL,0,0,0,,train,0,,,,4;5;6
12069210,CONTROL,0,0,0,,train,0,,,,4;5;6
12071489,CONTROL,0,0,0,,train,0,,,,4;5;6
12102913,CONTROL,0,0,0,,train,0,,,,4;5;6
12105255,CONTROL,0,0,0,,train,0,,,,4;5;6
12108985,CONTROL,0,0,0,,train,0,,,,4;5;6
12110946,CONTROL,0,0,0,,train,0,,,,4;5;6
12116041,CONTROL,0,0,0,,train,0,,,,4;5;6
12119800,CONTROL,0,0,0,,train,0,,,,4;5;6
12157485,CONTROL,0,0,0,,train,0,,,,4;5;6
12159151,CONTROL,0,0,0,,train,0,,,,4;5;6
12164354,CONTROL,0,0,0,,train,0,,,,4;5;6
12170052,CONTROL,0,0,0,,train,0,,,,4;5;6
12170213,CONTROL,0,0,0,,train,0,,,,4;5;6
12204645,CONTROL,0,0,0,,train,0,,,,4;5;6
12204887,CONTROL,0,0,0,,train,0,,,,4;5;6
12215444,CONTROL,0,0,0,,train,0,,,,4;5;6
12217805,CONTROL,0,0,0,,train,0,,,,4;5;6
12251483,CONTROL,0,0,0,,train,0,,,,4;5;6
12258568,CONTROL,0,0,0,,train,0,,,,4;5;6
12265345,CONTROL,0,0,0,,train,0,,,,4;5;6
12266083,CONTROL,0,0,0,,train,0,,,,4;5;6
12301975,CONTROL,0,0,0,,train,0,,,,4;5;6
12350386,CONTROL,0,0,0,,train,0,,,,4;5;6
12351280,CONTROL,0,0,0,,train,0,,,,4;5;6
12353477,CONTROL,0,0,0,,train,0,,,,4;5;6
12353501,CONTROL,0,0,0,,train,0,,,,4;5;6
12355379,CONTROL,0,0,0,,train,0,,,,4;5;6
12365432,CONTROL,0,0,0,,train,0,,,,4;5;6
12401090,CONTROL,0,0,0,,train,0,,,,4;5;6
12403907,CONTROL,0,0,0,,train,0,,,,4;5;6
12406850,CONTROL,0,0,0,,train,0,,,,4;5;6
12418977,CONTROL,0,0,0,,train,0,,,,4;5;6
12456693,CONTROL,0,0,0,,train,0,,,,4;5;6
12456844,CONTROL,0,0,0,,train,0,,,,4;5;6
12457270,CONTROL,0,0,0,,train,0,,,,4;5;6
12457754,CONTROL,0,0,0,,train,0,,,,4;5;6
12458003,CONTROL,0,0,0,,train,0,,,,4;5;6
12458692,CONTROL,0,0,0,,train,0,,,,4;5;6
12504711,CONTROL,0,0,0,,train,0,,,,4;5;6
12504729,CONTROL,0,0,0,,train,0,,,,4;5;6
12506681,CONTROL,0,0,0,,train,0,,,,4;5;6
12553217,CONTROL,0,0,0,,train,0,,,,4;5;6
12736716,CONTROL,0,0,0,,train,0,,,,4;5;6
12783016,CONTROL,0,0,0,,train,0,,,,4;5;6
12784697,CONTROL,0,0,0,,train,0,,,,4;5;6
12884923,CONTROL,0,0,0,,train,0,,,,4;5;6
1717722,CONFIRMED,1,1,1,Kepler-1977 b,validation,1,4.53702121,132.1846,1.813,4;5;6
1865042,CONFIRMED,1,1,1,Kepler-746 b,validation,1,3.4815917,132.98828,1.8069,4;5;6
2692377,CONFIRMED,1,1,1,Kepler-98 b,validation,1,1.541676547,170.543719,1.9118,4;5;6
2715135,CONFIRMED,1,1,1,Kepler-753 b,validation,1,5.747711909,133.29939,1.8923,4;5;6
2715695,CONFIRMED,1,1,1,Kepler-1899 b,validation,1,4.09578199,131.61992,1.704,4;5;6
2854914,CONFIRMED,1,2,1,Kepler-268 b;Kepler-268 c,validation,1,25.93406406,149.76273,4.6142,4;5;6
2985767,CONFIRMED,1,1,1,Kepler-1063 b,validation,1,14.07969236,139.96053,1.375,4;5;6
3239945,CONFIRMED,1,4,3,Kepler-167 b;Kepler-167 c;Kepler-167 d;Kepler-167 e,validation,3,4.393157678;7.40611676;21.803708,172.867528;134.07481;139.07199,2.4455;2.8826;3.369,4;5;6
3351888,CONFIRMED,1,1,1,Kepler-685 b,validation,1,1.625522174,170.8266564,2.38963,4;5;6
3660924,CONFIRMED,1,1,1,Kepler-793 b,validation,1,4.24153629,133.45522,2.971,4;5;6
3728432,CONFIRMED,1,1,1,Kepler-1526 b,validation,1,3.90863457,133.92971,1.7704,4;5;6
3749134,CONFIRMED,1,1,1,Kepler-792 b,validation,1,11.30123036,134.91855,4.022,4;5;6
3831053,CONFIRMED,1,1,1,Kepler-1719 b,validation,1,6.14955931,169.55182,5.5694,4;5;6
3835670,CONFIRMED,1,1,1,Kepler-473 b,validation,1,14.55730897,145.095012,7.7643,4;5;6
3867615,CONFIRMED,1,2,1,Kepler-379 b;Kepler-379 c,validation,1,20.0983676,207.57757,5.207,4;5;6
3869014,CONFIRMED,1,1,1,Kepler-789 b,validation,1,8.63847391,139.94684,5.4566,4;5;6
3935914,CONFIRMED,1,1,1,Kepler-686 b,validation,1,1.594745374,170.6483505,1.9604,4;5;6
3966801,CONFIRMED,1,1,1,Kepler-577 b,validation,1,25.69581456,188.78889,4.0251,4;5;6
3969687,CONFIRMED,1,1,1,Kepler-1382 b,validation,1,16.3583482,141.25354,9.858,4;5;6
4056616,CONFIRMED,1,1,1,Kepler-1053 b,validation,1,2.41434868,132.42878,1.2701,4;5;6
4142847,CONFIRMED,1,2,1,Kepler-1143 b;Kepler-1143 c,validation,1,2.888904439,132.15271,1.6043,4;5;6
4165473,CONFIRMED,1,1,1,Kepler-597 b,validation,1,13.02363236,178.52482,3.9734,4;5;6
4249725,CONFIRMED,1,2,2,Kepler-120 b;Kepler-120 c,validation,2,6.312508525;12.7945474,132.654418;130.7668,2.7455;3.4197,4;5;6
4263293,CONFIRMED,1,3,2,Kepler-331 b;Kepler-331 c;Kepler-331 d,validation,2,8.45746636;17.28116957,133.87132;136.00718,2.2906;2.829,4;5;6
4385148,CONFIRMED,1,1,1,Kepler-1886 b,validation,1,24.2758992,152.43133,4.59,4;5;6
4458082,CONFIRMED,1,2,2,Kepler-1181 b;Kepler-1181 c,validation,2,4.89336495;8.93484887,133.6449;133.39108,3.485;2.579,4;5;6
4473226,CONFIRMED,1,1,1,Kepler-1682 b,validation,1,14.83340944,135.44213,3.927,4;5;6
4473613,CONFIRMED,1,1,1,Kepler-1623 b,validation,1,4.36125889,132.53228,2.174,4;5;6
4545570,CONFIRMED,1,1,1,Kepler-1961 b,validation,1,5.60473115,131.62861,2.885,4;5;6
4664847,CONFIRMED,1,1,1,Kepler-690 b,validation,1,7.748094239,174.997206,3.5957,4;5;6
4725681,CONFIRMED,1,2,2,Kepler-236 b;Kepler-236 c,validation,2,8.29561738;23.96793669,135.79284;186.22182,1.3421;3.827,4;5;6
4741126,CONFIRMED,1,2,2,Kepler-887 c;Kepler-887 b,validation,2,7.63846084;20.4222447,138.24557;146.9837,3.957;6.22,4;5;6
5020319,CONFIRMED,1,1,1,Kepler-1725 b,validation,1,16.71987303,171.40143,3.317,4;5;6
5021899,CONFIRMED,1,1,1,Kepler-692 b,validation,1,21.81295996,174.01085,4.3791,4;5;6
5096590,CONFIRMED,1,1,1,Kepler-1424 b,validation,1,29.6099055,137.3316,7.433,4;5;6
5125347,CONFIRMED,1,1,1,Kepler-1812 b,validation,1,7.16520428,132.96921,1.705,4;5;6
5177104,CONFIRMED,1,1,1,Kepler-904 b,validation,1,3.02168007,133.47243,2.8264,4;5;6
5177859,CONFIRMED,1,1,1,Kepler-1576 b,validation,1,6.98472143,135.99731,2.724,4;5;6
5184911,CONFIRMED,1,1,1,Kepler-1324 b,validation,1,4.11585514,134.11726,1.4858,4;5;6
5211199,CONFIRMED,1,1,1,Kepler-1800 b,validation,1,4.5620407,132.64295,2.8521,4;5;6
5308537,CONFIRMED,1,1,1,Kepler-1955 b,validation,1,14.2651545,143.22024,3.601,4;5;6
5340878,CONFIRMED,1,1,1,Kepler-1566 b,validation,1,0.539915033,131.55207,1.1466,4;5;6
5436338,CONFIRMED,1,1,1,Kepler-1880 b,validation,1,6.30922043,133.99677,1.3251,4;5;6
5438757,CONFIRMED,1,2,1,Kepler-903 b;Kepler-903 c,validation,1,10.35078415,133.71163,6.253,4;5;6
5470739,CONFIRMED,1,1,1,Kepler-899 b,validation,1,19.17893976,139.74552,5.144,4;5;6
5531576,CONFIRMED,1,2,2,Kepler-240 b;Kepler-240 c,validation,2,4.14451656;7.953547,135.92831;174.66224,2.3421;2.6312,4;5;6
5551240,CONFIRMED,1,1,1,Kepler-1626 b,validation,1,4.13960513,134.04705,3.31,4;5;6
5629538,CONFIRMED,1,1,1,Kepler-1201 b,validation,1,15.18727049,134.05495,4.509,4;5;6
5651104,CONFIRMED,1,1,1,Kepler-695 b,validation,1,3.04033046,169.9490106,1.8411,4;5;6
5695396,CONFIRMED,1,2,2,Kepler-131 b;Kepler-131 c,validation,2,16.09196369;25.5172744,170.598832;154.4165,2.8943;4.735,4;5;6
5780930,CONFIRMED,1,1,1,Kepler-1492 b,validation,1,16.7525077,131.59834,3.174,4;5;6
5812701,CONFIRMED,1,1,1,Kepler-448 b,validation,1,17.855221681,146.596466,7.41287,4;5;6
5812960,CONFIRMED,1,1,1,Kepler-582 b,validation,1,18.49234792,173.49816,3.4744,4;5;6
5959753,CONFIRMED,1,1,1,Kepler-496 b,validation,1,8.30865307,138.10788,3.2747,4;5;6
5966154,CONFIRMED,1,2,1,Kepler-201 b;Kepler-201 c,validation,1,25.6721559,192.09679,5.9629,4;5;6
5978361,CONFIRMED,1,1,1,Kepler-1722 b,validation,1,9.17858526,173.08746,2.1945,4;5;6
6021275,CONFIRMED,1,4,3,Kepler-132 b;Kepler-132 c;Kepler-132 d;Kepler-132 e,validation,3,6.17817366;6.41491277;18.01019956,168.8626;169.64044;179.42137,3.2601;3.3629;3.516,4;5;6
6034945,CONFIRMED,1,1,1,Kepler-927 b,validation,1,9.11500269,133.97523,4.558,4;5;6
6037581,CONFIRMED,1,3,3,Kepler-336 b;Kepler-336 c;Kepler-336 d,validation,3,2.0248205;9.59993246;20.67876365,132.35465;136.58227;151.69245,2.55;4.3206;4.6395,4;5;6
6125481,CONFIRMED,1,1,1,Kepler-637 b,validation,1,23.20579353,180.7628,4.3243,4;5;6
6186964,CONFIRMED,1,1,1,Kepler-1366 b,validation,1,2.164570593,131.83142,1.2862,4;5;6
6197215,CONFIRMED,1,1,1,Kepler-1879 b,validation,1,10.61345333,135.6898,0.9829,4;5;6
6198999,CONFIRMED,1,1,1,Kepler-928 b,validation,1,3.93246069,132.55435,2.1763,4;5;6
6200235,CONFIRMED,1,1,1,Kepler-1205 b,validation,1,1.078389713,133.25041,1.3394,4;5;6
6206214,CONFIRMED,1,1,1,Kepler-1158 b,validation,1,13.53953595,143.15629,4.389,4;5;6
6272413,CONFIRMED,1,1,1,Kepler-776 b,validation,1,4.89721006,133.39852,1.812,4;5;6
6289257,CONFIRMED,1,2,2,Kepler-520 c;Kepler-520 b,validation,2,5.21104597;19.67409703,131.53797;176.27119,3.3447;3.7535,4;5;6
6343170,CONFIRMED,1,1,1,Kepler-1230 b,validation,1,9.95667035,136.5827,3.534,4;5;6
6362874,CONFIRMED,1,1,1,Kepler-775 b,validation,1,0.974868896,133.076265,1.6191,4;5;6
6365156,CONFIRMED,1,1,1,Kepler-639 b,validation,1,10.21418792,170.70466,5.8201,4;5;6
6383785,CONFIRMED,1,2,2,Kepler-501 c;Kepler-501 b,validation,2,3.62275506;5.640676975,132.99267;138.556259,2.7868;2.8354,4;5;6
6444896,CONFIRMED,1,2,2,Kepler-1649 b;Kepler-1649 c,validation,2,8.68910764;19.5352551,133.23559;148.20374,1.1627;1.013,4;5;6
6451936,CONFIRMED,1,2,2,Kepler-173 b;Kepler-173 c,validation,2,4.26374378;8.00579096,133.72073;170.50325,2.2725;3.0549,4;5;6
6528464,CONFIRMED,1,2,1,Kepler-449 b;Kepler-449 c,validation,1,12.58229808,175.02129,6.375,4;5;6
6685526,CONFIRMED,1,1,1,Kepler-707 b,validation,1,2.237489571,170.81914,1.8119,4;5;6
6690836,CONFIRMED,1,1,1,Kepler-1317 b,validation,1,0.568874717,132.048771,1.2177,4;5;6
6697756,CONFIRMED,1,1,1,Kepler-1351 b,validation,1,0.916142298,132.02221,1.1555,4;5;6
6707833,CONFIRMED,1,1,1,Kepler-602 b,validation,1,15.28467725,175.62345,6.0768,4;5;6
6716545,CONFIRMED,1,1,1,Kepler-1383 b,validation,1,13.9093544,142.8769,6.765,4;5;6
6755944,CONFIRMED,1,1,1,Kepler-1547 b,validation,1,0.692978457,131.80142,1.1366,4;5;6
6776401,CONFIRMED,1,1,1,Kepler-977 b,validation,1,26.85323647,143.31303,4.4557,4;5;6
6838050,CONFIRMED,1,1,1,Kepler-583 b,validation,1,6.51003001,172.91588,3.3095,4;5;6
6850504,CONFIRMED,1,5,4,Kepler-20 b;Kepler-20 e;Kepler-20 c;Kepler-20 f;Kepler-20 d,validation,4,3.696121272;6.09855603;10.854095934;19.5776073,134.5014;135.92906;138.608031;135.2032,2.463;2.9815;3.7768;3.382,4;5;6
6867555,CONFIRMED,1,1,1,Kepler-1239 b,validation,1,5.19103699,135.21628,4.222,4;5;6
6878240,CONFIRMED,1,2,1,Kepler-397 b;Kepler-397 c,validation,1,22.2508509,149.43326,1.745,4;5;6
6879171,CONFIRMED,1,1,1,Kepler-1947 b,validation,1,6.96352699,133.01717,3.192,4;5;6
6949061,CONFIRMED,1,2,2,Kepler-343 b;Kepler-343 c,validation,2,8.96847034;23.2218115,139.39473;151.06904,4.4073;2.744,4;5;6
6949607,CONFIRMED,1,2,2,Kepler-28 b;Kepler-28 c,validation,2,5.912273234;8.98581901,172.184012;175.68418,2.3254;2.8606,4;5;6
6962977,CONFIRMED,1,5,5,Kepler-292 b;Kepler-292 c;Kepler-292 d;Kepler-292 e;Kepler-292 f,validation,5,2.58083264;3.71545593;7.0556584;11.97884409;20.8341497,171.56048;169.78318;181.91205;178.96957;186.03921,2.1729;2.558;3.0479;3.751;4.522,4;5;6
6964929,CONFIRMED,1,1,1,Kepler-1340 b,validation,1,0.665025941,131.65962,1.7542,4;5;6
7033671,CONFIRMED,1,1,1,Kepler-641 b,validation,1,9.48965527,171.92604,3.587,4;5;6
7047922,CONFIRMED,1,1,1,Kepler-1006 b,validation,1,19.76169247,135.17794,3.9097,4;5;6
7090524,CONFIRMED,1,1,1,Kepler-1386 b,validation,1,6.73968289,132.29296,4.183,4;5;6
7094486,CONFIRMED,1,1,1,Kepler-1009 b,validation,1,11.35010642,134.04612,2.2792,4;5;6
7097965,CONFIRMED,1,1,1,Kepler-1791 b,validation,1,7.72085047,136.563,1.8264,4;5;6
7107802,CONFIRMED,1,1,1,Kepler-1231 b,validation,1,10.41728722,137.45784,4.125,4;5;6
7119481,CONFIRMED,1,1,1,Kepler-604 b,validation,1,25.85499978,192.57484,3.8737,4;5;6
7120108,CONFIRMED,1,1,1,Kepler-1825 b,validation,1,1.025857984,131.655621,0.8069,4;5;6
7133294,CONFIRMED,1,1,1,Kepler-1607 b,validation,1,13.6471211,132.2552,8.331,4;5;6
7183745,CONFIRMED,1,2,2,Kepler-1266 c;Kepler-1266 b,validation,2,4.86634094;28.4750006,353.34131;154.5706,1.885;4.718,4;5;6
7207061,CONFIRMED,1,2,2,Kepler-417 b;Kepler-417 c,validation,2,12.33087921;15.94248453,361.9744;146.33157,3.0664;3.4894,4;5;6
7269974,CONFIRMED,1,2,2,Kepler-160 b;Kepler-160 c,validation,2,4.309381978;13.69942266,134.03552;171.48036,2.8977;4.3409,4;5;6
7350067,CONFIRMED,1,1,1,Kepler-1646 b,validation,1,4.48559215,135.43172,0.8161,4;5;6
7386827,CONFIRMED,1,1,1,Kepler-1765 b,validation,1,10.4188915,137.74971,3.0069,4;5;6
7434875,CONFIRMED,1,3,3,Kepler-247 b;Kepler-247 c;Kepler-247 d,validation,3,3.336123113;9.439459486;20.47748843,135.31623;177.186096;178.66786,1.9616;2.8979;2.8364,4;5;6
7447200,CONFIRMED,1,2,2,Kepler-210 b;Kepler-210 c,validation,2,2.453236139;7.972510087,170.892059;171.585057,1.6691;2.9754,4;5;6
7455287,CONFIRMED,1,3,3,Kepler-54 b;Kepler-54 c;Kepler-54 d,validation,3,8.01078456;12.07134205;20.99587872,170.20739;143.45948;152.31554,2.312;4.3224;2.6333,4;5;6
7457296,CONFIRMED,1,1,1,Kepler-1145 b,validation,1,3.97076603,134.63962,1.814,4;5;6
7463685,CONFIRMED,1,1,1,Kepler-1884 b,validation,1,8.98826122,138.83733,4.96,4;5;6
7532973,CONFIRMED,1,1,1,Kepler-854 b,validation,1,2.144632238,133.984128,6.2701,4;5;6
7542813,CONFIRMED,1,1,1,Kepler-1180 b,validation,1,16.8600805,139.84916,5.557,4;5;6
7582689,CONFIRMED,1,3,3,Kepler-431 b;Kepler-431 c;Kepler-431 d,validation,3,6.80257947;8.70312154;11.9216035,138.0478;140.15531;137.47581,4.608;4.807;5.009,4;5;6
7603200,CONFIRMED,1,3,3,Kepler-138 b;Kepler-138 c;Kepler-138 d,validation,3,10.31282204;13.78109471;23.08902241,133.53528;177.852785;171.007634,2.0138;2.3188;1.7012,4;5;6
7610663,CONFIRMED,1,1,1,Kepler-1560 b,validation,1,3.03196812,133.98825,1.723,4;5;6
7626506,CONFIRMED,1,2,2,Kepler-112 b;Kepler-112 c,validation,2,8.408878137;28.5742692,134.006366;143.8315,3.4967;4.9427,4;5;6
7672097,CONFIRMED,1,1,1,Kepler-1160 b,validation,1,7.97033985,136.55775,2.6675,4;5;6
7673841,CONFIRMED,1,2,2,Kepler-392 b;Kepler-392 c,validation,2,5.34182466;10.42317343,136.3186;135.15208,3.577;2.341,4;5;6
7691260,CONFIRMED,1,1,1,Kepler-882 b,validation,1,3.989544192,134.0989,1.591,4;5;6
7778621,CONFIRMED,1,1,1,Kepler-1967 b,validation,1,7.28171395,137.30085,1.723,4;5;6
7825899,CONFIRMED,1,2,2,Kepler-248 b;Kepler-248 c,validation,2,6.308201629;16.23947096,174.047661;175.569907,2.9785;4.0374,4;5;6
7871954,CONFIRMED,1,2,2,Kepler-303 b;Kepler-303 c,validation,2,1.937029968;7.06117322,134.72107;136.27344,1.4727;1.0406,4;5;6
7901948,CONFIRMED,1,1,1,Kepler-872 b,validation,1,2.578852119,133.2237,2.3581,4;5;6
7935997,CONFIRMED,1,1,1,Kepler-1629 b,validation,1,3.87594316,134.84758,2.314,4;5;6
7938496,CONFIRMED,1,1,1,Kepler-1730 b,validation,1,13.81020318,172.33533,3.048,4;5;6
7977197,CONFIRMED,1,2,2,Kepler-162 b;Kepler-162 c,validation,2,6.91986988;19.44639139,134.11594;170.10238,3.4253;3.6227,4;5;6
7987866,CONFIRMED,1,1,1,Kepler-1832 b,validation,1,3.13877646,133.65614,1.6663,4;5;6
8013439,CONFIRMED,1,3,3,Kepler-381 b;Kepler-381 d;Kepler-381 c,validation,3,5.62904396;8.2562857;13.39155154,134.74679;137.9267;133.05499,3.7295;2.0378;3.391,4;5;6
8022489,CONFIRMED,1,3,2,Kepler-1311 c;Kepler-1311 b;Kepler-1311 d,validation,2,2.53573284;11.1726723,133.01581;140.00764,3.989;6.106,4;5;6
8025596,CONFIRMED,1,1,1,Kepler-1290 b,validation,1,4.69505576,133.93643,3.058,4;5;6
8051946,CONFIRMED,1,1,1,Kepler-1416 b,validation,1,1.4951513,132.66025,3.43,4;5;6
8077137,CONFIRMED,1,2,2,Kepler-128 b;Kepler-128 c,validation,2,15.0896415;22.8030252,175.95371;153.37541,4.3349;4.768,4;5;6
8081905,CONFIRMED,1,1,1,Kepler-1292 b,validation,1,3.27645723,131.97924,2.219,4;5;6
8162789,CONFIRMED,1,1,1,Kepler-1989 b,validation,1,10.161023528,172.000736,3.1627,4;5;6
8164012,CONFIRMED,1,1,1,Kepler-1106 b,validation,1,1.252753881,133.17054,2.1472,4;5;6
8197343,CONFIRMED,1,1,1,Kepler-946 b,validation,1,11.79161234,134.54064,3.036,4;5;6
8212002,CONFIRMED,1,1,1,Kepler-1285 b,validation,1,14.7966306,142.74484,5.613,4;5;6
8222813,CONFIRMED,1,2,2,Kepler-760 c;Kepler-760 b,validation,2,2.46697039;8.70420525,354.93093;357.55941,1.6345;2.9385,4;5;6
8230616,CONFIRMED,1,2,2,Kepler-316 b;Kepler-316 c,validation,2,2.240486703;6.82778157,137.82477;131.78839,1.3988;2.3726,4;5;6
8235924,CONFIRMED,1,1,1,Kepler-1203 b,validation,1,0.588001053,132.058754,1.1451,4;5;6
8240797,CONFIRMED,1,2,2,Kepler-321 b;Kepler-321 c,validation,2,4.915385452;13.09390911,132.69448;144.525,2.7757;2.2805,4;5;6
8331612,CONFIRMED,1,1,1,Kepler-1915 b,validation,1,13.8353959,134.3082,4.961,4;5;6
8346392,CONFIRMED,1,1,1,Kepler-777 b,validation,1,5.72812616,135.18066,2.0295,4;5;6
8355239,CONFIRMED,1,2,2,Kepler-189 b;Kepler-189 c,validation,2,10.39986173;20.13490007,141.51366;171.36734,3.377;3.7962,4;5;6
8359498,CONFIRMED,1,1,1,Kepler-77 b,validation,1,3.578780566,134.0304187,2.91089,4;5;6
8379705,CONFIRMED,1,1,1,Kepler-1847 b,validation,1,11.1296971,138.57573,2.942,4;5;6
8381204,CONFIRMED,1,1,1,Kepler-1119 b,validation,1,8.32651854,135.58655,5.483,4;5;6
8394721,CONFIRMED,1,4,2,Kepler-79 b;Kepler-79 c;Kepler-79 d;Kepler-79 e,validation,2,13.48457668;27.40229859,136.61808;133.6284,5.0197;6.8491,4;5;6
8424002,CONFIRMED,1,1,1,Kepler-1512 b,validation,1,20.35971899,134.29123,2.1521,4;5;6
8481129,CONFIRMED,1,1,1,Kepler-1223 b,validation,1,16.3012727,133.79446,3.974,4;5;6
8505670,CONFIRMED,1,2,2,Kepler-252 b;Kepler-252 c,validation,2,6.66833241;10.8484518,137.43988;171.80584,1.915;2.9993,4;5;6
8507475,CONFIRMED,1,1,1,Kepler-1585 b,validation,1,3.58273837,134.95108,1.523,4;5;6
8540376,CONFIRMED,1,1,1,Kepler-457 d,validation,1,10.692115,141.116,4.657,4;5;6
8561231,CONFIRMED,1,1,1,Kepler-1202 b,validation,1,28.6853212,159.87094,6.307,4;5;6
8564587,CONFIRMED,1,2,2,Kepler-57 b;Kepler-57 c,validation,2,5.729317577;11.60908533,138.559971;133.99324,1.1816;2.2603,4;5;6
8573193,CONFIRMED,1,1,1,Kepler-1591 b,validation,1,8.18504859,134.554,4.673,4;5;6
8609450,CONFIRMED,1,4,3,Kepler-282 b;Kepler-282 c;Kepler-282 d;Kepler-282 e,validation,3,9.2207691;13.6396648;24.8056775,138.0072;141.7301;145.07526,4.907;5.425;6.148,4;5;6
8628973,CONFIRMED,1,1,1,Kepler-724 b,validation,1,3.314947362,171.313058,1.8007,4;5;6
8644365,CONFIRMED,1,1,1,Kepler-1485 b,validation,1,19.9158863,139.36828,6.191,4;5;6
8653134,CONFIRMED,1,1,1,Kepler-1643 b,validation,1,5.34264143,134.38122,2.453,4;5;6
8685497,CONFIRMED,1,1,1,Kepler-914 b,validation,1,4.4096675,132.45003,2.1418,4;5;6
8689031,CONFIRMED,1,1,1,Kepler-726 b,validation,1,21.80451611,190.49737,3.4097,4;5;6
8738735,CONFIRMED,1,2,2,Kepler-214 b;Kepler-214 c,validation,2,15.66057688;28.7796446,146.3487;193.30374,7.012;8.349,4;5;6
8780959,CONFIRMED,1,2,2,Kepler-1518 b;Kepler-1518 c,validation,2,5.1117547;9.6310258,133.76122;132.7273,3.281;5.255,4;5;6
8824737,CONFIRMED,1,1,1,Kepler-1917 b,validation,1,12.90235874,139.15105,2.446,4;5;6
8845205,CONFIRMED,1,1,1,Kepler-560 b,validation,1,18.47762694,185.269061,1.94,4;5;6
8883329,CONFIRMED,1,2,2,Kepler-393 b;Kepler-393 c,validation,2,9.18244299;14.6134781,134.04601;140.41368,4.318;5.266,4;5;6
8959839,CONFIRMED,1,1,1,Kepler-1159 b,validation,1,22.7082375,133.72114,3.503,4;5;6
9002278,CONFIRMED,1,5,3,Kepler-62 b;Kepler-62 c;Kepler-62 d;Kepler-62 e;Kepler-62 f,validation,3,5.71489692;12.4418003;18.16407304,170.921904;134.6507;180.812425,2.3572;3.572;2.9355,4;5;6
9015738,CONFIRMED,1,1,1,Kepler-909 b,validation,1,13.93291548,139.41058,2.6239,4;5;6
9034103,CONFIRMED,1,1,1,Kepler-832 b,validation,1,7.13969705,137.18652,3.981,4;5;6
9139084,CONFIRMED,1,1,1,Kepler-523 b,validation,1,5.83599485,169.87446,2.062,4;5;6
9153570,CONFIRMED,1,1,1,Kepler-1295 b,validation,1,3.81371423,132.57465,1.973,4;5;6
9177629,CONFIRMED,1,1,1,Kepler-1848 b,validation,1,5.60402307,133.82508,1.0273,4;5;6
9216775,CONFIRMED,1,1,1,Kepler-1612 b,validation,1,3.91794676,132.86384,2.549,4;5;6
9221517,CONFIRMED,1,1,1,Kepler-1173 b,validation,1,0.769854899,132.51944,1.0243,4;5;6
9279354,CONFIRMED,1,1,1,Kepler-1788 b,validation,1,2.800111267,132.04865,1.0237,4;5;6
9334289,CONFIRMED,1,3,3,Kepler-254 b;Kepler-254 c;Kepler-254 d,validation,3,5.826657508;12.41216347;18.74649011,173.011411;142.54039;147.13074,2.9183;3.739;3.895,4;5;6
9395719,CONFIRMED,1,1,1,Kepler-1250 b,validation,1,2.607545159,131.83453,1.3916,4;5;6
9412623,CONFIRMED,1,1,1,Kepler-1618 b,validation,1,6.1082945,131.8756,3.493,4;5;6
9467404,CONFIRMED,1,1,1,Kepler-1323 b,validation,1,0.929906166,132.25126,1.743,4;5;6
9475552,CONFIRMED,1,2,2,Kepler-1315 b;Kepler-1315 c,validation,2,0.843379985;6.56606941,131.966174;134.49512,1.4474;1.8455,4;5;6
9478990,CONFIRMED,1,1,1,Kepler-39 b,validation,1,21.0871953,202.858405,5.92691,4;5;6
9527334,CONFIRMED,1,1,1,Kepler-461 b,validation,1,8.31377304,175.99137,2.964,4;5;6
9527915,CONFIRMED,1,1,1,Kepler-478 b,validation,1,13.22175358,139.570627,2.7884,4;5;6
9570741,CONFIRMED,1,1,1,Kepler-613 b,validation,1,15.77980122,175.96934,4.0369,4;5;6
9589524,CONFIRMED,1,1,1,Kepler-563 b,validation,1,22.18431824,174.597325,3.0397,4;5;6
9631995,CONFIRMED,1,1,1,Kepler-422 b,validation,1,7.891448838,177.2499624,4.2854,4;5;6
9643874,CONFIRMED,1,1,1,Kepler-856 b,validation,1,8.027681123,360.171355,3.0942,4;5;6
9649706,CONFIRMED,1,1,1,Kepler-1072 b,validation,1,1.569066598,133.04032,2.7803,4;5;6
9656252,CONFIRMED,1,1,1,Kepler-1068 b,validation,1,16.92342126,145.81407,4.1864,4;5;6
9714550,CONFIRMED,1,1,1,Kepler-1695 b,validation,1,4.73292061,131.579,1.746,4;5;6
9729691,CONFIRMED,1,2,2,Kepler-949 b;Kepler-949 c,validation,2,8.689301216;20.99757968,133.661284;132.05689,2.563;2.454,4;5;6
9730163,CONFIRMED,1,2,2,Kepler-445 b;Kepler-445 c,validation,2,2.984157711;4.871223664,133.11908;133.64255,1.2637;1.5916,4;5;6
9757613,CONFIRMED,1,4,3,Kepler-26 d;Kepler-26 b;Kepler-26 c;Kepler-26 e,validation,3,3.543919702;12.282998287;17.25121397,136.26075;170.39809;149.886479,1.8717;2.7096;2.0371,4;5;6
9787239,CONFIRMED,1,5,5,Kepler-32 f;Kepler-32 e;Kepler-32 b;Kepler-32 c;Kepler-32 d,validation,5,0.742957911;2.896005211;5.90127815;8.75209691;22.78078241,133.27936;133.61228;171.40674;170.63671;155.20408,0.6688;1.6776;2.1979;2.3742;3.3002,4;5;6
9813499,CONFIRMED,1,1,1,Kepler-868 b,validation,1,5.03257009,137.32638,4.213,4;5;6
9825174,CONFIRMED,1,1,1,Kepler-1377 b,validation,1,0.740926358,131.91163,1.0163,4;5;6
9836149,CONFIRMED,1,1,1,Kepler-66 b,validation,1,17.8159689,134.4832,3.6765,4;5;6
9844088,CONFIRMED,1,1,1,Kepler-564 b,validation,1,3.750832927,171.151696,1.9457,4;5;6
9851662,CONFIRMED,1,1,1,Kepler-1252 b,validation,1,15.0539886,135.53329,4.422,4;5;6
9872283,CONFIRMED,1,1,1,Kepler-960 b,validation,1,3.126861192,133.724959,1.1926,4;5;6
9872831,CONFIRMED,1,1,1,Kepler-1572 b,validation,1,5.49548533,133.63966,2.461,4;5;6
9873254,CONFIRMED,1,2,2,Kepler-653 c;Kepler-653 b,validation,2,0.900375925;14.70749512,133.11787;175.79267,1.257;3.1506,4;5;6
9875711,CONFIRMED,1,1,1,Kepler-742 b,validation,1,8.360870704,175.64459,2.7144,4;5;6
9885417,CONFIRMED,1,1,1,Kepler-1446 b,validation,1,0.689967868,131.63498,1.1688,4;5;6
9886361,CONFIRMED,1,3,2,Kepler-403 b;Kepler-403 d;Kepler-403 c,validation,2,7.03146295;13.61165024,134.4525;144.16808,5.922;7.617,4;5;6
9896018,CONFIRMED,1,2,2,Kepler-1859 b;Kepler-1859 c,validation,2,2.7296036;3.59645081,133.28661;132.77209,2.721;2.661,4;5;6
9941066,CONFIRMED,1,1,1,Kepler-898 b,validation,1,5.87063416,137.24813,2.5736,4;5;6
9946525,CONFIRMED,1,3,2,Kepler-148 b;Kepler-148 c;Kepler-148 d,validation,2,1.729367077;4.180048081,133.81929;173.719249,1.7442;2.4479,4;5;6
9962455,CONFIRMED,1,2,2,Kepler-1336 c;Kepler-1336 b,validation,2,5.77721259;23.1985852,137.16696;142.62801,2.462;9.821,4;5;6
9965957,CONFIRMED,1,1,1,Kepler-1011 b,validation,1,5.75321539,136.75617,1.7948,4;5;6
9995771,CONFIRMED,1,1,1,Kepler-1509 b,validation,1,25.4337864,143.1302,6.514,4;5;6
10019643,CONFIRMED,1,2,2,Kepler-163 b;Kepler-163 c,validation,2,7.81100952;21.34736612,132.30566;171.73531,3.231;4.184,4;5;6
10019708,CONFIRMED,1,1,1,Kepler-490 b,validation,1,3.268695042,137.4817205,3.45188,4;5;6
10057494,CONFIRMED,1,1,1,Kepler-1443 b,validation,1,2.41810158,132.38894,2.144,4;5;6
10123064,CONFIRMED,1,1,1,Kepler-565 b,validation,1,4.243748097,173.563074,3.3603,4;5;6
10154388,CONFIRMED,1,1,1,Kepler-744 b,validation,1,12.06222962,138.22229,2.0584,4;5;6
10157458,CONFIRMED,1,1,1,Kepler-764 b,validation,1,7.33685101,138.5829,3.548,4;5;6
10187017,CONFIRMED,1,5,5,Kepler-102 b;Kepler-102 c;Kepler-102 d;Kepler-102 e;Kepler-102 f,validation,5,5.28691996;7.07136119;10.31174786;16.145671932;27.4536146,135.85427;139.98763;134.07991;134.754877;145.02866,2.579;2.757;3.1818;3.7236;3.747,4;5;6
10190777,CONFIRMED,1,1,1,Kepler-1019 b,validation,1,1.411230023,132.641925,1.4325,4;5;6
10203349,CONFIRMED,1,1,1,Kepler-1144 b,validation,1,17.14648756,140.66122,4.2354,4;5;6
10220837,CONFIRMED,1,1,1,Kepler-1963 b,validation,1,1.962282625,131.53585,1.45,4;5;6
10328393,CONFIRMED,1,3,2,Kepler-332 b;Kepler-332 c;Kepler-332 d,validation,2,7.62635494;15.99560373,136.01585;144.2399,2.4168;3.471,4;5;6
10330115,CONFIRMED,1,1,1,Kepler-781 b,validation,1,13.21409607,140.58492,3.5641,4;5;6
10353968,CONFIRMED,1,1,1,Kepler-623 b,validation,1,9.07098164,178.3435,2.6903,4;5;6
10387742,CONFIRMED,1,1,1,Kepler-1998 b,validation,1,3.03267135,134.0668,1.774,4;5;6
10388286,CONFIRMED,1,1,1,Kepler-617 b,validation,1,1.682695938,170.453117,1.3867,4;5;6
10418224,CONFIRMED,1,1,1,Kepler-40 b,validation,1,6.8731664,172.518826,6.8569,4;5;6
10426656,CONFIRMED,1,3,3,Kepler-272 b;Kepler-272 c;Kepler-272 d,validation,3,2.97136658;6.05729966;10.93725572,134.38662;135.92756;136.98549,2.716;3.7419;3.0822,4;5;6
10464050,CONFIRMED,1,1,1,Kepler-981 b,validation,1,4.469754641,131.84402,1.813,4;5;6
10489345,CONFIRMED,1,1,1,Kepler-1167 b,validation,1,1.003931703,132.09988,1.4361,4;5;6
10513530,CONFIRMED,1,2,2,Kepler-589 c;Kepler-589 b,validation,2,3.52467888;16.54967098,131.63994;171.69398,2.484;4.3808,4;5;6
10526549,CONFIRMED,1,1,1,Kepler-660 b,validation,1,9.27358173,173.258155,3.2875,4;5;6
10583066,CONFIRMED,1,1,1,Kepler-661 b,validation,1,6.02930329,171.602959,1.5821,4;5;6
10586004,CONFIRMED,1,2,1,Kepler-129 b;Kepler-129 c,validation,1,15.79196594,176.81888,7.2772,4;5;6
10601284,CONFIRMED,1,3,3,Kepler-226 b;Kepler-226 c;Kepler-226 d,validation,3,3.94105221;5.349553819;8.10904807,136.08662;171.80694;132.8031,2.5984;3.0278;3.596,4;5;6
10615440,CONFIRMED,1,1,1,Kepler-1622 b,validation,1,10.8118317,137.13426,2.627,4;5;6
10617017,CONFIRMED,1,1,1,Kepler-1121 b,validation,1,13.15140223,144.16237,5.439,4;5;6
10657406,CONFIRMED,1,2,1,Kepler-969 c;Kepler-969 b,validation,1,1.682934607,131.96807,1.8846,4;5;6
10666592,CONFIRMED,1,1,1,Kepler-2 b,validation,1,2.204735417,121.3585417,3.88864,4;5;6
10717220,CONFIRMED,1,1,1,Kepler-1644 b,validation,1,21.0907909,133.96316,4.751,4;5;6
10854546,CONFIRMED,1,1,1,Kepler-1099 b,validation,1,2.168451063,132.14107,1.458,4;5;6
10854768,CONFIRMED,1,1,1,Kepler-812 b,validation,1,10.1171684,137.44489,4.6677,4;5;6
10874614,CONFIRMED,1,1,1,Kepler-6 b,validation,1,3.234699282,121.4865708,3.59385,4;5;6
10905746,CONFIRMED,1,1,1,Kepler-1651 b,validation,1,9.8786461,138.41159,1.8915,4;5;6
10934674,CONFIRMED,1,1,1,Kepler-567 b,validation,1,16.54295261,169.65031,3.8516,4;5;6
10978763,CONFIRMED,1,3,3,Kepler-339 b;Kepler-339 c;Kepler-339 d,validation,3,4.97760447;6.98800953;10.55840479,134.67304;132.56964;136.34449,2.5719;3.103;3.366,4;5;6
10982872,CONFIRMED,1,3,2,Kepler-142 b;Kepler-142 c;Kepler-142 d,validation,2,2.024143568;4.761705895,170.496204;170.335759,2.5273;3.3061,4;5;6
10989274,CONFIRMED,1,1,1,Kepler-1645 b,validation,1,16.17803,132.326,5.18,4;5;6
11013201,CONFIRMED,1,1,1,K00972.01,validation,1,13.118962443,261.539434,4.3045,4;5;6
11032227,CONFIRMED,1,1,1,Kepler-850 b,validation,1,7.19304935,136.05065,3.407,4;5;6
11086270,CONFIRMED,1,2,1,Kepler-110 b;Kepler-110 c,validation,1,12.69104387,137.12594,3.7727,4;5;6
11100383,CONFIRMED,1,1,1,Kepler-532 b,validation,1,12.92489803,170.78679,2.6811,4;5;6
11125613,CONFIRMED,1,3,3,Kepler-1254 c;Kepler-1254 d;Kepler-1254 b,validation,3,3.60082855;5.72716067;9.99115241,134.037;133.96409;134.39335,1.938;2.23;2.657,4;5;6
11129738,CONFIRMED,1,1,1,Kepler-844 b,validation,1,2.613020421,133.11283,1.9588,4;5;6
11134879,CONFIRMED,1,1,1,Kepler-570 b,validation,1,4.30165843,172.311001,2.1055,4;5;6
11138155,CONFIRMED,1,1,1,Kepler-1976 b,validation,1,4.959319244,172.2585292,2.22739,4;5;6
11153539,CONFIRMED,1,1,1,Kepler-666 b,validation,1,4.49876511,171.34905,3.7362,4;5;6
11192998,CONFIRMED,1,3,2,Kepler-166 d;Kepler-166 b;Kepler-166 c,validation,2,1.55400389;7.650243513,169.830304;171.972352,1.7664;2.752,4;5;6
11241912,CONFIRMED,1,1,1,Kepler-1473 b,validation,1,14.42735088,138.84024,4.857,4;5;6
11244137,CONFIRMED,1,1,1,Kepler-1402 b,validation,1,2.03387483,131.91927,3.097,4;5;6
11254382,CONFIRMED,1,1,1,Kepler-843 b,validation,1,2.05388477,133.73432,2.1635,4;5;6
11361646,CONFIRMED,1,2,2,Kepler-524 c;Kepler-524 b,validation,2,1.88899036;7.97420583,132.09517;174.52718,3.486;5.3503,4;5;6
11389771,CONFIRMED,1,3,3,Kepler-301 b;Kepler-301 c;Kepler-301 d,validation,3,2.508553286;5.41908491;13.75129636,135.0112;131.6422;144.61389,2.2664;2.3379;3.853,4;5;6
11391957,CONFIRMED,1,1,1,Kepler-668 b,validation,1,8.35389523,171.63257,2.2514,4;5;6
11402995,CONFIRMED,1,1,1,Kepler-481 b,validation,1,10.06083238,138.96723,4.5718,4;5;6
11403044,CONFIRMED,1,1,1,Kepler-669 b,validation,1,4.125543472,169.752585,3.1744,4;5;6
11414465,CONFIRMED,1,1,1,Kepler-1363 b,validation,1,2.94194296,133.1044,2.056,4;5;6
11442793,CONFIRMED,1,7,2,Kepler-90 b;Kepler-90 c;Kepler-90 d;Kepler-90 e;Kepler-90 f;Kepler-90 g;Kepler-90 h,validation,2,7.00821787;8.71980135,137.67164;139.52134,3.812;3.7454,4;5;6
11460018,CONFIRMED,1,1,1,Kepler-671 b,validation,1,4.280963604,171.89659,2.875,4;5;6
11461844,CONFIRMED,1,1,1,Kepler-1207 b,validation,1,13.6823798,139.18611,4.153,4;5;6
11495458,CONFIRMED,1,1,1,Kepler-1190 b,validation,1,10.45839865,137.65416,3.154,4;5;6
11499192,CONFIRMED,1,1,1,Kepler-1433 b,validation,1,4.13592927,133.53763,2.377,4;5;6
11502867,CONFIRMED,1,1,1,Kepler-426 b,validation,1,3.217518511,133.6320632,2.11481,4;5;6
11508644,CONFIRMED,1,1,1,Kepler-1426 b,validation,1,14.2563272,133.40971,4.796,4;5;6
11519187,CONFIRMED,1,1,1,Kepler-1964 b,validation,1,2.440839436,133.8407,0.968,4;5;6
11521793,CONFIRMED,1,2,2,Kepler-143 b;Kepler-143 c,validation,2,16.00747237;27.08239734,142.63787;191.80728,1.267;5.0119,4;5;6
11611600,CONFIRMED,1,1,1,Kepler-842 b,validation,1,1.219568047,133.460233,1.5681,4;5;6
11718144,CONFIRMED,1,1,1,Kepler-1821 b,validation,1,16.4581861,134.01969,1.9637,4;5;6
11754553,CONFIRMED,1,3,2,Kepler-52 b;Kepler-52 c;Kepler-52 d,validation,2,7.8774163;16.38489988,176.3759;172.72782,2.0805;3.0249,4;5;6
11823054,CONFIRMED,1,2,2,Kepler-181 b;Kepler-181 c,validation,2,3.137845914;4.302139338,133.55689;173.438922,1.91;2.0289,4;5;6
11853878,CONFIRMED,1,3,3,Kepler-968 b;Kepler-968 c;Kepler-968 d,validation,3,3.69298623;5.70940795;7.68433346,132.73624;137.12208;133.36007,1.7744;1.622;1.4346,4;5;6
11962284,CONFIRMED,1,1,1,Kepler-1302 b,validation,1,8.83929462,135.54125,1.719,4;5;6
11968463,CONFIRMED,1,3,2,Kepler-385 b;Kepler-385 c;Kepler-385 d,validation,2,10.04378351;15.1622287,353.61859;144.474,5.548;7.332,4;5;6
12008872,CONFIRMED,1,1,1,Kepler-1327 b,validation,1,14.8877665,141.95432,4.981,4;5;6
12020329,CONFIRMED,1,1,1,Kepler-678 b,validation,1,7.275040844,169.994217,7.5377,4;5;6
12055539,CONFIRMED,1,1,1,Kepler-1448 b,validation,1,12.27057043,137.57434,3.002,4;5;6
12058147,CONFIRMED,1,1,1,Kepler-1082 b,validation,1,1.54320541,131.5554,2.5779,4;5;6
12061969,CONFIRMED,1,2,2,Kepler-2001 b;Kepler-2001 c,validation,2,1.090011003;14.092583189,131.58066;141.1447066,1.5;4.1536,4;5;6
12066335,CONFIRMED,1,2,2,Kepler-231 b;Kepler-231 c,validation,2,10.06524317;19.27153892,136.28906;186.77093,1.369;2.7594,4;5;6
12068975,CONFIRMED,1,4,4,Kepler-197 b;Kepler-197 c;Kepler-197 d;Kepler-197 e,validation,4,5.59931543;10.34973276;15.67750191;25.2100146,171.47391;174.06193;179.47311;154.41122,3.8944;4.4859;5.5082;6.553,4;5;6
12116380,CONFIRMED,1,1,1,Kepler-1123 b,validation,1,4.3394569,132.80309,2.3652,4;5;6
12120484,CONFIRMED,1,1,1,Kepler-1226 b,validation,1,17.2922631,135.75448,7.042,4;5;6
12156347,CONFIRMED,1,1,1,Kepler-1687 b,validation,1,5.77957133,136.53014,2.5213,4;5;6
12159249,CONFIRMED,1,1,1,Kepler-889 b,validation,1,3.74443645,133.55997,2.9191,4;5;6
12401863,CONFIRMED,1,1,1,Kepler-1193 b,validation,1,2.832647249,131.82642,2.306,4;5;6
12404954,CONFIRMED,1,1,1,Kepler-537 b,validation,1,3.247548814,171.27807,2.5146,4;5;6
12470844,CONFIRMED,1,2,1,Kepler-233 b;Kepler-233 c,validation,1,8.47237911,174.16212,2.7245,4;5;6
12602568,CONFIRMED,1,1,1,Kepler-897 b,validation,1,8.04727721,137.2073,5.159,4;5;6
12834874,CONFIRMED,1,1,1,Kepler-574 b,validation,1,7.65880048,173.03964,3.0427,4;5;6
1027397,CONTROL,0,0,0,,validation,0,,,,4;5;6
1577073,CONTROL,0,0,0,,validation,0,,,,4;5;6
2301487,CONTROL,0,0,0,,validation,0,,,,4;5;6
2423932,CONTROL,0,0,0,,validation,0,,,,4;5;6
2448335,CONTROL,0,0,0,,validation,0,,,,4;5;6
2555899,CONTROL,0,0,0,,validation,0,,,,4;5;6
2577756,CONTROL,0,0,0,,validation,0,,,,4;5;6
3003642,CONTROL,0,0,0,,validation,0,,,,4;5;6
3098623,CONTROL,0,0,0,,validation,0,,,,4;5;6
3102053,CONTROL,0,0,0,,validation,0,,,,4;5;6
3238744,CONTROL,0,0,0,,validation,0,,,,4;5;6
3338612,CONTROL,0,0,0,,validation,0,,,,4;5;6
3530397,CONTROL,0,0,0,,validation,0,,,,4;5;6
3534438,CONTROL,0,0,0,,validation,0,,,,4;5;6
3556011,CONTROL,0,0,0,,validation,0,,,,4;5;6
3627380,CONTROL,0,0,0,,validation,0,,,,4;5;6
3641239,CONTROL,0,0,0,,validation,0,,,,4;5;6
3662690,CONTROL,0,0,0,,validation,0,,,,4;5;6
3854052,CONTROL,0,0,0,,validation,0,,,,4;5;6
3858640,CONTROL,0,0,0,,validation,0,,,,4;5;6
3964085,CONTROL,0,0,0,,validation,0,,,,4;5;6
3975102,CONTROL,0,0,0,,validation,0,,,,4;5;6
4044831,CONTROL,0,0,0,,validation,0,,,,4;5;6
4064296,CONTROL,0,0,0,,validation,0,,,,4;5;6
4068391,CONTROL,0,0,0,,validation,0,,,,4;5;6
4070235,CONTROL,0,0,0,,validation,0,,,,4;5;6
4075549,CONTROL,0,0,0,,validation,0,,,,4;5;6
4149934,CONTROL,0,0,0,,validation,0,,,,4;5;6
4276924,CONTROL,0,0,0,,validation,0,,,,4;5;6
4278232,CONTROL,0,0,0,,validation,0,,,,4;5;6
4364377,CONTROL,0,0,0,,validation,0,,,,4;5;6
4378816,CONTROL,0,0,0,,validation,0,,,,4;5;6
4380556,CONTROL,0,0,0,,validation,0,,,,4;5;6
4386137,CONTROL,0,0,0,,validation,0,,,,4;5;6
4446865,CONTROL,0,0,0,,validation,0,,,,4;5;6
4556139,CONTROL,0,0,0,,validation,0,,,,4;5;6
4633631,CONTROL,0,0,0,,validation,0,,,,4;5;6
4637661,CONTROL,0,0,0,,validation,0,,,,4;5;6
4648209,CONTROL,0,0,0,,validation,0,,,,4;5;6
4658537,CONTROL,0,0,0,,validation,0,,,,4;5;6
4659851,CONTROL,0,0,0,,validation,0,,,,4;5;6
4736537,CONTROL,0,0,0,,validation,0,,,,4;5;6
4736611,CONTROL,0,0,0,,validation,0,,,,4;5;6
4757289,CONTROL,0,0,0,,validation,0,,,,4;5;6
4757931,CONTROL,0,0,0,,validation,0,,,,4;5;6
4772809,CONTROL,0,0,0,,validation,0,,,,4;5;6
4847030,CONTROL,0,0,0,,validation,0,,,,4;5;6
4908318,CONTROL,0,0,0,,validation,0,,,,4;5;6
4909449,CONTROL,0,0,0,,validation,0,,,,4;5;6
4915365,CONTROL,0,0,0,,validation,0,,,,4;5;6
4917121,CONTROL,0,0,0,,validation,0,,,,4;5;6
4927364,CONTROL,0,0,0,,validation,0,,,,4;5;6
5004640,CONTROL,0,0,0,,validation,0,,,,4;5;6
5018092,CONTROL,0,0,0,,validation,0,,,,4;5;6
5109220,CONTROL,0,0,0,,validation,0,,,,4;5;6
5122808,CONTROL,0,0,0,,validation,0,,,,4;5;6
5176994,CONTROL,0,0,0,,validation,0,,,,4;5;6
5271902,CONTROL,0,0,0,,validation,0,,,,4;5;6
5301361,CONTROL,0,0,0,,validation,0,,,,4;5;6
5389480,CONTROL,0,0,0,,validation,0,,,,4;5;6
5397524,CONTROL,0,0,0,,validation,0,,,,4;5;6
5436455,CONTROL,0,0,0,,validation,0,,,,4;5;6
5446668,CONTROL,0,0,0,,validation,0,,,,4;5;6
5546446,CONTROL,0,0,0,,validation,0,,,,4;5;6
5562244,CONTROL,0,0,0,,validation,0,,,,4;5;6
5566623,CONTROL,0,0,0,,validation,0,,,,4;5;6
5612154,CONTROL,0,0,0,,validation,0,,,,4;5;6
5613804,CONTROL,0,0,0,,validation,0,,,,4;5;6
5629783,CONTROL,0,0,0,,validation,0,,,,4;5;6
5633167,CONTROL,0,0,0,,validation,0,,,,4;5;6
5637620,CONTROL,0,0,0,,validation,0,,,,4;5;6
5651498,CONTROL,0,0,0,,validation,0,,,,4;5;6
5707352,CONTROL,0,0,0,,validation,0,,,,4;5;6
5721441,CONTROL,0,0,0,,validation,0,,,,4;5;6
5735519,CONTROL,0,0,0,,validation,0,,,,4;5;6
5768311,CONTROL,0,0,0,,validation,0,,,,4;5;6
5779846,CONTROL,0,0,0,,validation,0,,,,4;5;6
5790827,CONTROL,0,0,0,,validation,0,,,,4;5;6
5810112,CONTROL,0,0,0,,validation,0,,,,4;5;6
5860444,CONTROL,0,0,0,,validation,0,,,,4;5;6
5895712,CONTROL,0,0,0,,validation,0,,,,4;5;6
5905183,CONTROL,0,0,0,,validation,0,,,,4;5;6
6024237,CONTROL,0,0,0,,validation,0,,,,4;5;6
6029198,CONTROL,0,0,0,,validation,0,,,,4;5;6
6126257,CONTROL,0,0,0,,validation,0,,,,4;5;6
6128580,CONTROL,0,0,0,,validation,0,,,,4;5;6
6140161,CONTROL,0,0,0,,validation,0,,,,4;5;6
6208921,CONTROL,0,0,0,,validation,0,,,,4;5;6
6307086,CONTROL,0,0,0,,validation,0,,,,4;5;6
6365668,CONTROL,0,0,0,,validation,0,,,,4;5;6
6367682,CONTROL,0,0,0,,validation,0,,,,4;5;6
6516806,CONTROL,0,0,0,,validation,0,,,,4;5;6
6527623,CONTROL,0,0,0,,validation,0,,,,4;5;6
6551391,CONTROL,0,0,0,,validation,0,,,,4;5;6
6619547,CONTROL,0,0,0,,validation,0,,,,4;5;6
6669196,CONTROL,0,0,0,,validation,0,,,,4;5;6
6678553,CONTROL,0,0,0,,validation,0,,,,4;5;6
6691209,CONTROL,0,0,0,,validation,0,,,,4;5;6
6693625,CONTROL,0,0,0,,validation,0,,,,4;5;6
6878972,CONTROL,0,0,0,,validation,0,,,,4;5;6
6935322,CONTROL,0,0,0,,validation,0,,,,4;5;6
6951370,CONTROL,0,0,0,,validation,0,,,,4;5;6
6956650,CONTROL,0,0,0,,validation,0,,,,4;5;6
6965426,CONTROL,0,0,0,,validation,0,,,,4;5;6
7037130,CONTROL,0,0,0,,validation,0,,,,4;5;6
7038193,CONTROL,0,0,0,,validation,0,,,,4;5;6
7105991,CONTROL,0,0,0,,validation,0,,,,4;5;6
7122249,CONTROL,0,0,0,,validation,0,,,,4;5;6
7125553,CONTROL,0,0,0,,validation,0,,,,4;5;6
7131995,CONTROL,0,0,0,,validation,0,,,,4;5;6
7139200,CONTROL,0,0,0,,validation,0,,,,4;5;6
7173271,CONTROL,0,0,0,,validation,0,,,,4;5;6
7188818,CONTROL,0,0,0,,validation,0,,,,4;5;6
7206060,CONTROL,0,0,0,,validation,0,,,,4;5;6
7287701,CONTROL,0,0,0,,validation,0,,,,4;5;6
7294746,CONTROL,0,0,0,,validation,0,,,,4;5;6
7365557,CONTROL,0,0,0,,validation,0,,,,4;5;6
7381046,CONTROL,0,0,0,,validation,0,,,,4;5;6
7423110,CONTROL,0,0,0,,validation,0,,,,4;5;6
7428825,CONTROL,0,0,0,,validation,0,,,,4;5;6
7430397,CONTROL,0,0,0,,validation,0,,,,4;5;6
7469367,CONTROL,0,0,0,,validation,0,,,,4;5;6
7513014,CONTROL,0,0,0,,validation,0,,,,4;5;6
7532812,CONTROL,0,0,0,,validation,0,,,,4;5;6
7624699,CONTROL,0,0,0,,validation,0,,,,4;5;6
7659417,CONTROL,0,0,0,,validation,0,,,,4;5;6
7664373,CONTROL,0,0,0,,validation,0,,,,4;5;6
7670807,CONTROL,0,0,0,,validation,0,,,,4;5;6
7709128,CONTROL,0,0,0,,validation,0,,,,4;5;6
7732335,CONTROL,0,0,0,,validation,0,,,,4;5;6
7756571,CONTROL,0,0,0,,validation,0,,,,4;5;6
7761331,CONTROL,0,0,0,,validation,0,,,,4;5;6
7766103,CONTROL,0,0,0,,validation,0,,,,4;5;6
7770745,CONTROL,0,0,0,,validation,0,,,,4;5;6
7798722,CONTROL,0,0,0,,validation,0,,,,4;5;6
7809361,CONTROL,0,0,0,,validation,0,,,,4;5;6
7812178,CONTROL,0,0,0,,validation,0,,,,4;5;6
7826301,CONTROL,0,0,0,,validation,0,,,,4;5;6
7834847,CONTROL,0,0,0,,validation,0,,,,4;5;6
7870339,CONTROL,0,0,0,,validation,0,,,,4;5;6
7941407,CONTROL,0,0,0,,validation,0,,,,4;5;6
7984934,CONTROL,0,0,0,,validation,0,,,,4;5;6
8018172,CONTROL,0,0,0,,validation,0,,,,4;5;6
8022404,CONTROL,0,0,0,,validation,0,,,,4;5;6
8056874,CONTROL,0,0,0,,validation,0,,,,4;5;6
8081397,CONTROL,0,0,0,,validation,0,,,,4;5;6
8095742,CONTROL,0,0,0,,validation,0,,,,4;5;6
8104614,CONTROL,0,0,0,,validation,0,,,,4;5;6
8124729,CONTROL,0,0,0,,validation,0,,,,4;5;6
8191398,CONTROL,0,0,0,,validation,0,,,,4;5;6
8196252,CONTROL,0,0,0,,validation,0,,,,4;5;6
8197620,CONTROL,0,0,0,,validation,0,,,,4;5;6
8197733,CONTROL,0,0,0,,validation,0,,,,4;5;6
8232983,CONTROL,0,0,0,,validation,0,,,,4;5;6
8234394,CONTROL,0,0,0,,validation,0,,,,4;5;6
8236292,CONTROL,0,0,0,,validation,0,,,,4;5;6
8278120,CONTROL,0,0,0,,validation,0,,,,4;5;6
8343785,CONTROL,0,0,0,,validation,0,,,,4;5;6
8364923,CONTROL,0,0,0,,validation,0,,,,4;5;6
8380342,CONTROL,0,0,0,,validation,0,,,,4;5;6
8396643,CONTROL,0,0,0,,validation,0,,,,4;5;6
8415982,CONTROL,0,0,0,,validation,0,,,,4;5;6
8431390,CONTROL,0,0,0,,validation,0,,,,4;5;6
8443235,CONTROL,0,0,0,,validation,0,,,,4;5;6
8481033,CONTROL,0,0,0,,validation,0,,,,4;5;6
8499713,CONTROL,0,0,0,,validation,0,,,,4;5;6
8504543,CONTROL,0,0,0,,validation,0,,,,4;5;6
8506123,CONTROL,0,0,0,,validation,0,,,,4;5;6
8521801,CONTROL,0,0,0,,validation,0,,,,4;5;6
8545246,CONTROL,0,0,0,,validation,0,,,,4;5;6
8558419,CONTROL,0,0,0,,validation,0,,,,4;5;6
8570253,CONTROL,0,0,0,,validation,0,,,,4;5;6
8588464,CONTROL,0,0,0,,validation,0,,,,4;5;6
8612350,CONTROL,0,0,0,,validation,0,,,,4;5;6
8620688,CONTROL,0,0,0,,validation,0,,,,4;5;6
8678674,CONTROL,0,0,0,,validation,0,,,,4;5;6
8690386,CONTROL,0,0,0,,validation,0,,,,4;5;6
8751107,CONTROL,0,0,0,,validation,0,,,,4;5;6
8758338,CONTROL,0,0,0,,validation,0,,,,4;5;6
8819754,CONTROL,0,0,0,,validation,0,,,,4;5;6
8840929,CONTROL,0,0,0,,validation,0,,,,4;5;6
8841113,CONTROL,0,0,0,,validation,0,,,,4;5;6
8867218,CONTROL,0,0,0,,validation,0,,,,4;5;6
8889790,CONTROL,0,0,0,,validation,0,,,,4;5;6
8915593,CONTROL,0,0,0,,validation,0,,,,4;5;6
8934640,CONTROL,0,0,0,,validation,0,,,,4;5;6
8939379,CONTROL,0,0,0,,validation,0,,,,4;5;6
8955854,CONTROL,0,0,0,,validation,0,,,,4;5;6
9017730,CONTROL,0,0,0,,validation,0,,,,4;5;6
9053461,CONTROL,0,0,0,,validation,0,,,,4;5;6
9156829,CONTROL,0,0,0,,validation,0,,,,4;5;6
9160683,CONTROL,0,0,0,,validation,0,,,,4;5;6
9163321,CONTROL,0,0,0,,validation,0,,,,4;5;6
9215818,CONTROL,0,0,0,,validation,0,,,,4;5;6
9222625,CONTROL,0,0,0,,validation,0,,,,4;5;6
9223887,CONTROL,0,0,0,,validation,0,,,,4;5;6
9349996,CONTROL,0,0,0,,validation,0,,,,4;5;6
9350337,CONTROL,0,0,0,,validation,0,,,,4;5;6
9351844,CONTROL,0,0,0,,validation,0,,,,4;5;6
9412702,CONTROL,0,0,0,,validation,0,,,,4;5;6
9453370,CONTROL,0,0,0,,validation,0,,,,4;5;6
9514377,CONTROL,0,0,0,,validation,0,,,,4;5;6
9519736,CONTROL,0,0,0,,validation,0,,,,4;5;6
9532489,CONTROL,0,0,0,,validation,0,,,,4;5;6
9533372,CONTROL,0,0,0,,validation,0,,,,4;5;6
9570409,CONTROL,0,0,0,,validation,0,,,,4;5;6
9594280,CONTROL,0,0,0,,validation,0,,,,4;5;6
9602869,CONTROL,0,0,0,,validation,0,,,,4;5;6
9631844,CONTROL,0,0,0,,validation,0,,,,4;5;6
9640599,CONTROL,0,0,0,,validation,0,,,,4;5;6
9655660,CONTROL,0,0,0,,validation,0,,,,4;5;6
9657548,CONTROL,0,0,0,,validation,0,,,,4;5;6
9664986,CONTROL,0,0,0,,validation,0,,,,4;5;6
9693303,CONTROL,0,0,0,,validation,0,,,,4;5;6
9716918,CONTROL,0,0,0,,validation,0,,,,4;5;6
9717117,CONTROL,0,0,0,,validation,0,,,,4;5;6
9771987,CONTROL,0,0,0,,validation,0,,,,4;5;6
9776614,CONTROL,0,0,0,,validation,0,,,,4;5;6
9827900,CONTROL,0,0,0,,validation,0,,,,4;5;6
9873638,CONTROL,0,0,0,,validation,0,,,,4;5;6
9881770,CONTROL,0,0,0,,validation,0,,,,4;5;6
9902994,CONTROL,0,0,0,,validation,0,,,,4;5;6
9903965,CONTROL,0,0,0,,validation,0,,,,4;5;6
9957185,CONTROL,0,0,0,,validation,0,,,,4;5;6
9965345,CONTROL,0,0,0,,validation,0,,,,4;5;6
9971915,CONTROL,0,0,0,,validation,0,,,,4;5;6
9999899,CONTROL,0,0,0,,validation,0,,,,4;5;6
10006172,CONTROL,0,0,0,,validation,0,,,,4;5;6
10091848,CONTROL,0,0,0,,validation,0,,,,4;5;6
10122175,CONTROL,0,0,0,,validation,0,,,,4;5;6
10156695,CONTROL,0,0,0,,validation,0,,,,4;5;6
10165116,CONTROL,0,0,0,,validation,0,,,,4;5;6
10187071,CONTROL,0,0,0,,validation,0,,,,4;5;6
10198664,CONTROL,0,0,0,,validation,0,,,,4;5;6
10200957,CONTROL,0,0,0,,validation,0,,,,4;5;6
10205584,CONTROL,0,0,0,,validation,0,,,,4;5;6
10290349,CONTROL,0,0,0,,validation,0,,,,4;5;6
10322062,CONTROL,0,0,0,,validation,0,,,,4;5;6
10331937,CONTROL,0,0,0,,validation,0,,,,4;5;6
10382946,CONTROL,0,0,0,,validation,0,,,,4;5;6
10385173,CONTROL,0,0,0,,validation,0,,,,4;5;6
10388696,CONTROL,0,0,0,,validation,0,,,,4;5;6
10427487,CONTROL,0,0,0,,validation,0,,,,4;5;6
10480850,CONTROL,0,0,0,,validation,0,,,,4;5;6
10482885,CONTROL,0,0,0,,validation,0,,,,4;5;6
10483301,CONTROL,0,0,0,,validation,0,,,,4;5;6
10526899,CONTROL,0,0,0,,validation,0,,,,4;5;6
10581734,CONTROL,0,0,0,,validation,0,,,,4;5;6
10584004,CONTROL,0,0,0,,validation,0,,,,4;5;6
10585857,CONTROL,0,0,0,,validation,0,,,,4;5;6
10600816,CONTROL,0,0,0,,validation,0,,,,4;5;6
10604174,CONTROL,0,0,0,,validation,0,,,,4;5;6
10649356,CONTROL,0,0,0,,validation,0,,,,4;5;6
10663699,CONTROL,0,0,0,,validation,0,,,,4;5;6
10670842,CONTROL,0,0,0,,validation,0,,,,4;5;6
10684711,CONTROL,0,0,0,,validation,0,,,,4;5;6
10730649,CONTROL,0,0,0,,validation,0,,,,4;5;6
10732596,CONTROL,0,0,0,,validation,0,,,,4;5;6
10735104,CONTROL,0,0,0,,validation,0,,,,4;5;6
10736473,CONTROL,0,0,0,,validation,0,,,,4;5;6
10790868,CONTROL,0,0,0,,validation,0,,,,4;5;6
10813522,CONTROL,0,0,0,,validation,0,,,,4;5;6
10861311,CONTROL,0,0,0,,validation,0,,,,4;5;6
10873604,CONTROL,0,0,0,,validation,0,,,,4;5;6
10925099,CONTROL,0,0,0,,validation,0,,,,4;5;6
11018281,CONTROL,0,0,0,,validation,0,,,,4;5;6
11026430,CONTROL,0,0,0,,validation,0,,,,4;5;6
11029069,CONTROL,0,0,0,,validation,0,,,,4;5;6
11038340,CONTROL,0,0,0,,validation,0,,,,4;5;6
11091117,CONTROL,0,0,0,,validation,0,,,,4;5;6
11145242,CONTROL,0,0,0,,validation,0,,,,4;5;6
11242501,CONTROL,0,0,0,,validation,0,,,,4;5;6
11245422,CONTROL,0,0,0,,validation,0,,,,4;5;6
11308439,CONTROL,0,0,0,,validation,0,,,,4;5;6
11308785,CONTROL,0,0,0,,validation,0,,,,4;5;6
11395052,CONTROL,0,0,0,,validation,0,,,,4;5;6
11498102,CONTROL,0,0,0,,validation,0,,,,4;5;6
11546374,CONTROL,0,0,0,,validation,0,,,,4;5;6
11551135,CONTROL,0,0,0,,validation,0,,,,4;5;6
11565235,CONTROL,0,0,0,,validation,0,,,,4;5;6
11658776,CONTROL,0,0,0,,validation,0,,,,4;5;6
11708997,CONTROL,0,0,0,,validation,0,,,,4;5;6
11716315,CONTROL,0,0,0,,validation,0,,,,4;5;6
11824328,CONTROL,0,0,0,,validation,0,,,,4;5;6
11862482,CONTROL,0,0,0,,validation,0,,,,4;5;6
11867251,CONTROL,0,0,0,,validation,0,,,,4;5;6
11870183,CONTROL,0,0,0,,validation,0,,,,4;5;6
11905369,CONTROL,0,0,0,,validation,0,,,,4;5;6
11925071,CONTROL,0,0,0,,validation,0,,,,4;5;6
11959189,CONTROL,0,0,0,,validation,0,,,,4;5;6
11960120,CONTROL,0,0,0,,validation,0,,,,4;5;6
12008461,CONTROL,0,0,0,,validation,0,,,,4;5;6
12011501,CONTROL,0,0,0,,validation,0,,,,4;5;6
12052312,CONTROL,0,0,0,,validation,0,,,,4;5;6
12069240,CONTROL,0,0,0,,validation,0,,,,4;5;6
12159032,CONTROL,0,0,0,,validation,0,,,,4;5;6
12215141,CONTROL,0,0,0,,validation,0,,,,4;5;6
12252387,CONTROL,0,0,0,,validation,0,,,,4;5;6
12300863,CONTROL,0,0,0,,validation,0,,,,4;5;6
12884646,CONTROL,0,0,0,,validation,0,,,,4;5;6
