kepid,label,has_confirmed_planet,confirmed_planet_count,detectable_planet_count,confirmed_planet_names,split,signal_count,periods_days,epochs_bkjd,durations_hours,quarters
5542466,CONFIRMED,1,1,1,Kepler-1756 b,test,1,2.35574505,177.88824,1.796,4;5;6
5881688,CONFIRMED,1,1,1,Kepler-696 b,test,1,4.190425659,171.44122,2.8589,4;5;6
7849854,CONFIRMED,1,1,1,Kepler-718 b,test,1,2.052349884,169.890622,2.0778,4;5;6
8878187,CONFIRMED,1,1,1,Kepler-650 b,test,1,3.032147946,171.734281,3.8627,4;5;6
9995402,CONFIRMED,1,1,1,Kepler-1361 b,test,1,3.57551429,132.86125,2.364,4;5;6
1026356,CONTROL,0,0,0,,test,0,,,,4;5;6
1578131,CONTROL,0,0,0,,test,0,,,,4;5;6
2016219,CONTROL,0,0,0,,test,0,,,,4;5;6
2140552,CONTROL,0,0,0,,test,0,,,,4;5;6
2163634,CONTROL,0,0,0,,test,0,,,,4;5;6
2167548,CONTROL,0,0,0,,test,0,,,,4;5;6
2306909,CONTROL,0,0,0,,test,0,,,,4;5;6
2307473,CONTROL,0,0,0,,test,0,,,,4;5;6
2452180,CONTROL,0,0,0,,test,0,,,,4;5;6
2846375,CONTROL,0,0,0,,test,0,,,,4;5;6
2986893,CONTROL,0,0,0,,test,0,,,,4;5;6
2987113,CONTROL,0,0,0,,test,0,,,,4;5;6
3100129,CONTROL,0,0,0,,test,0,,,,4;5;6
3120841,CONTROL,0,0,0,,test,0,,,,4;5;6
3121430,CONTROL,0,0,0,,test,0,,,,4;5;6
3247527,CONTROL,0,0,0,,test,0,,,,4;5;6
3248077,CONTROL,0,0,0,,test,0,,,,4;5;6
3330307,CONTROL,0,0,0,,test,0,,,,4;5;6
3347135,CONTROL,0,0,0,,test,0,,,,4;5;6
3439208,CONTROL,0,0,0,,test,0,,,,4;5;6
3446319,CONTROL,0,0,0,,test,0,,,,4;5;6
3456968,CONTROL,0,0,0,,test,0,,,,4;5;6
3531292,CONTROL,0,0,0,,test,0,,,,4;5;6
3545749,CONTROL,0,0,0,,test,0,,,,4;5;6
3630934,CONTROL,0,0,0,,test,0,,,,4;5;6
3645684,CONTROL,0,0,0,,test,0,,,,4;5;6
3649649,CONTROL,0,0,0,,test,0,,,,4;5;6
3650921,CONTROL,0,0,0,,test,0,,,,4;5;6
3660527,CONTROL,0,0,0,,test,0,,,,4;5;6
3662552,CONTROL,0,0,0,,test,0,,,,4;5;6
3743834,CONTROL,0,0,0,,test,0,,,,4;5;6
3750393,CONTROL,0,0,0,,test,0,,,,4;5;6
3762434,CONTROL,0,0,0,,test,0,,,,4;5;6
3854607,CONTROL,0,0,0,,test,0,,,,4;5;6
3857900,CONTROL,0,0,0,,test,0,,,,4;5;6
3935653,CONTROL,0,0,0,,test,0,,,,4;5;6
3940884,CONTROL,0,0,0,,test,0,,,,4;5;6
3967678,CONTROL,0,0,0,,test,0,,,,4;5;6
3970223,CONTROL,0,0,0,,test,0,,,,4;5;6
4035207,CONTROL,0,0,0,,test,0,,,,4;5;6
4049544,CONTROL,0,0,0,,test,0,,,,4;5;6
4055387,CONTROL,0,0,0,,test,0,,,,4;5;6
4055787,CONTROL,0,0,0,,test,0,,,,4;5;6
4066422,CONTROL,0,0,0,,test,0,,,,4;5;6
4073543,CONTROL,0,0,0,,test,0,,,,4;5;6
4073914,CONTROL,0,0,0,,test,0,,,,4;5;6
4075223,CONTROL,0,0,0,,test,0,,,,4;5;6
4165739,CONTROL,0,0,0,,test,0,,,,4;5;6
4169257,CONTROL,0,0,0,,test,0,,,,4;5;6
4170868,CONTROL,0,0,0,,test,0,,,,4;5;6
4241503,CONTROL,0,0,0,,test,0,,,,4;5;6
4263929,CONTROL,0,0,0,,test,0,,,,4;5;6
4279080,CONTROL,0,0,0,,test,0,,,,4;5;6
4284937,CONTROL,0,0,0,,test,0,,,,4;5;6
4347369,CONTROL,0,0,0,,test,0,,,,4;5;6
4365609,CONTROL,0,0,0,,test,0,,,,4;5;6
4378778,CONTROL,0,0,0,,test,0,,,,4;5;6
4470930,CONTROL,0,0,0,,test,0,,,,4;5;6
4472375,CONTROL,0,0,0,,test,0,,,,4;5;6
4546541,CONTROL,0,0,0,,test,0,,,,4;5;6
4553079,CONTROL,0,0,0,,test,0,,,,4;5;6
4562532,CONTROL,0,0,0,,test,0,,,,4;5;6
4566086,CONTROL,0,0,0,,test,0,,,,4;5;6
4574338,CONTROL,0,0,0,,test,0,,,,4;5;6
4581434,CONTROL,0,0,0,,test,0,,,,4;5;6
4662585,CONTROL,0,0,0,,test,0,,,,4;5;6
4672743,CONTROL,0,0,0,,test,0,,,,4;5;6
4679110,CONTROL,0,0,0,,test,0,,,,4;5;6
4742425,CONTROL,0,0,0,,test,0,,,,4;5;6
4755907,CONTROL,0,0,0,,test,0,,,,4;5;6
4757012,CONTROL,0,0,0,,test,0,,,,4;5;6
4761172,CONTROL,0,0,0,,test,0,,,,4;5;6
4814629,CONTROL,0,0,0,,test,0,,,,4;5;6
4830861,CONTROL,0,0,0,,test,0,,,,4;5;6
4862558,CONTROL,0,0,0,,test,0,,,,4;5;6
4916718,CONTROL,0,0,0,,test,0,,,,4;5;6
4928898,CONTROL,0,0,0,,test,0,,,,4;5;6
4933206,CONTROL,0,0,0,,test,0,,,,4;5;6
5041192,CONTROL,0,0,0,,test,0,,,,4;5;6
5078391,CONTROL,0,0,0,,test,0,,,,4;5;6
5087860,CONTROL,0,0,0,,test,0,,,,4;5;6
5095098,CONTROL,0,0,0,,test,0,,,,4;5;6
5104125,CONTROL,0,0,0,,test,0,,,,4;5;6
5109872,CONTROL,0,0,0,,test,0,,,,4;5;6
5127947,CONTROL,0,0,0,,test,0,,,,4;5;6
5183031,CONTROL,0,0,0,,test,0,,,,4;5;6
5186318,CONTROL,0,0,0,,test,0,,,,4;5;6
5196838,CONTROL,0,0,0,,test,0,,,,4;5;6
5202452,CONTROL,0,0,0,,test,0,,,,4;5;6
5217984,CONTROL,0,0,0,,test,0,,,,4;5;6
5270719,CONTROL,0,0,0,,test,0,,,,4;5;6
5281201,CONTROL,0,0,0,,test,0,,,,4;5;6
5288607,CONTROL,0,0,0,,test,0,,,,4;5;6
5350200,CONTROL,0,0,0,,test,0,,,,4;5;6
5357262,CONTROL,0,0,0,,test,0,,,,4;5;6
5387225,CONTROL,0,0,0,,test,0,,,,4;5;6
5388853,CONTROL,0,0,0,,test,0,,,,4;5;6
5437905,CONTROL,0,0,0,,test,0,,,,4;5;6
5450127,CONTROL,0,0,0,,test,0,,,,4;5;6
5450347,CONTROL,0,0,0,,test,0,,,,4;5;6
5475309,CONTROL,0,0,0,,test,0,,,,4;5;6
5513956,CONTROL,0,0,0,,test,0,,,,4;5;6
5524660,CONTROL,0,0,0,,test,0,,,,4;5;6
5530974,CONTROL,0,0,0,,test,0,,,,4;5;6
5550495,CONTROL,0,0,0,,test,0,,,,4;5;6
5554141,CONTROL,0,0,0,,test,0,,,,4;5;6
5554197,CONTROL,0,0,0,,test,0,,,,4;5;6
5557392,CONTROL,0,0,0,,test,0,,,,4;5;6
5559104,CONTROL,0,0,0,,test,0,,,,4;5;6
5602891,CONTROL,0,0,0,,test,0,,,,4;5;6
5603605,CONTROL,0,0,0,,test,0,,,,4;5;6
5647701,CONTROL,0,0,0,,test,0,,,,4;5;6
5650964,CONTROL,0,0,0,,test,0,,,,4;5;6
5688791,CONTROL,0,0,0,,test,0,,,,4;5;6
5707157,CONTROL,0,0,0,,test,0,,,,4;5;6
5707412,CONTROL,0,0,0,,test,0,,,,4;5;6
5775302,CONTROL,0,0,0,,test,0,,,,4;5;6
5779626,CONTROL,0,0,0,,test,0,,,,4;5;6
5792146,CONTROL,0,0,0,,test,0,,,,4;5;6
5802605,CONTROL,0,0,0,,test,0,,,,4;5;6
5814117,CONTROL,0,0,0,,test,0,,,,4;5;6
5817578,CONTROL,0,0,0,,test,0,,,,4;5;6
5870827,CONTROL,0,0,0,,test,0,,,,4;5;6
5878783,CONTROL,0,0,0,,test,0,,,,4;5;6
5939212,CONTROL,0,0,0,,test,0,,,,4;5;6
5949986,CONTROL,0,0,0,,test,0,,,,4;5;6
5960889,CONTROL,0,0,0,,test,0,,,,4;5;6
5961696,CONTROL,0,0,0,,test,0,,,,4;5;6
6057293,CONTROL,0,0,0,,test,0,,,,4;5;6
6073090,CONTROL,0,0,0,,test,0,,,,4;5;6
6104158,CONTROL,0,0,0,,test,0,,,,4;5;6
6129657,CONTROL,0,0,0,,test,0,,,,4;5;6
6141215,CONTROL,0,0,0,,test,0,,,,4;5;6
6185083,CONTROL,0,0,0,,test,0,,,,4;5;6
6211757,CONTROL,0,0,0,,test,0,,,,4;5;6
6212391,CONTROL,0,0,0,,test,0,,,,4;5;6
6303052,CONTROL,0,0,0,,test,0,,,,4;5;6
6305367,CONTROL,0,0,0,,test,0,,,,4;5;6
6312503,CONTROL,0,0,0,,test,0,,,,4;5;6
6314177,CONTROL,0,0,0,,test,0,,,,4;5;6
6356088,CONTROL,0,0,0,,test,0,,,,4;5;6
6369520,CONTROL,0,0,0,,test,0,,,,4;5;6
6423911,CONTROL,0,0,0,,test,0,,,,4;5;6
6430699,CONTROL,0,0,0,,test,0,,,,4;5;6
6446681,CONTROL,0,0,0,,test,0,,,,4;5;6
6507302,CONTROL,0,0,0,,test,0,,,,4;5;6
6534993,CONTROL,0,0,0,,test,0,,,,4;5;6
6544490,CONTROL,0,0,0,,test,0,,,,4;5;6
6551250,CONTROL,0,0,0,,test,0,,,,4;5;6
6584502,CONTROL,0,0,0,,test,0,,,,4;5;6
6612232,CONTROL,0,0,0,,test,0,,,,4;5;6
6689065,CONTROL,0,0,0,,test,0,,,,4;5;6
6696362,CONTROL,0,0,0,,test,0,,,,4;5;6
6705706,CONTROL,0,0,0,,test,0,,,,4;5;6
6719411,CONTROL,0,0,0,,test,0,,,,4;5;6
6765146,CONTROL,0,0,0,,test,0,,,,4;5;6
6767829,CONTROL,0,0,0,,test,0,,,,4;5;6
6779491,CONTROL,0,0,0,,test,0,,,,4;5;6
6785089,CONTROL,0,0,0,,test,0,,,,4;5;6
6785683,CONTROL,0,0,0,,test,0,,,,4;5;6
6849767,CONTROL,0,0,0,,test,0,,,,4;5;6
6852895,CONTROL,0,0,0,,test,0,,,,4;5;6
6870946,CONTROL,0,0,0,,test,0,,,,4;5;6
6876635,CONTROL,0,0,0,,test,0,,,,4;5;6
6929160,CONTROL,0,0,0,,test,0,,,,4;5;6
6966135,CONTROL,0,0,0,,test,0,,,,4;5;6
7007558,CONTROL,0,0,0,,test,0,,,,4;5;6
7053250,CONTROL,0,0,0,,test,0,,,,4;5;6
7106918,CONTROL,0,0,0,,test,0,,,,4;5;6
7107807,CONTROL,0,0,0,,test,0,,,,4;5;6
7174813,CONTROL,0,0,0,,test,0,,,,4;5;6
7177420,CONTROL,0,0,0,,test,0,,,,4;5;6
7188323,CONTROL,0,0,0,,test,0,,,,4;5;6
7189610,CONTROL,0,0,0,,test,0,,,,4;5;6
7189801,CONTROL,0,0,0,,test,0,,,,4;5;6
7205861,CONTROL,0,0,0,,test,0,,,,4;5;6
7207319,CONTROL,0,0,0,,test,0,,,,4;5;6
7212639,CONTROL,0,0,0,,test,0,,,,4;5;6
7257979,CONTROL,0,0,0,,test,0,,,,4;5;6
7267928,CONTROL,0,0,0,,test,0,,,,4;5;6
7284787,CONTROL,0,0,0,,test,0,,,,4;5;6
7286004,CONTROL,0,0,0,,test,0,,,,4;5;6
7289465,CONTROL,0,0,0,,test,0,,,,4;5;6
7337072,CONTROL,0,0,0,,test,0,,,,4;5;6
7341060,CONTROL,0,0,0,,test,0,,,,4;5;6
7347954,CONTROL,0,0,0,,test,0,,,,4;5;6
7348982,CONTROL,0,0,0,,test,0,,,,4;5;6
7350707,CONTROL,0,0,0,,test,0,,,,4;5;6
7416801,CONTROL,0,0,0,,test,0,,,,4;5;6
7429448,CONTROL,0,0,0,,test,0,,,,4;5;6
7448760,CONTROL,0,0,0,,test,0,,,,4;5;6
7515023,CONTROL,0,0,0,,test,0,,,,4;5;6
7519122,CONTROL,0,0,0,,test,0,,,,4;5;6
7523299,CONTROL,0,0,0,,test,0,,,,4;5;6
7546429,CONTROL,0,0,0,,test,0,,,,4;5;6
7617832,CONTROL,0,0,0,,test,0,,,,4;5;6
7622796,CONTROL,0,0,0,,test,0,,,,4;5;6
7622847,CONTROL,0,0,0,,test,0,,,,4;5;6
7629101,CONTROL,0,0,0,,test,0,,,,4;5;6
7629944,CONTROL,0,0,0,,test,0,,,,4;5;6
7671776,CONTROL,0,0,0,,test,0,,,,4;5;6
7708292,CONTROL,0,0,0,,test,0,,,,4;5;6
7751876,CONTROL,0,0,0,,test,0,,,,4;5;6
7779339,CONTROL,0,0,0,,test,0,,,,4;5;6
7826536,CONTROL,0,0,0,,test,0,,,,4;5;6
7840132,CONTROL,0,0,0,,test,0,,,,4;5;6
7869198,CONTROL,0,0,0,,test,0,,,,4;5;6
7870112,CONTROL,0,0,0,,test,0,,,,4;5;6
7880963,CONTROL,0,0,0,,test,0,,,,4;5;6
7895206,CONTROL,0,0,0,,test,0,,,,4;5;6
7899796,CONTROL,0,0,0,,test,0,,,,4;5;6
7900767,CONTROL,0,0,0,,test,0,,,,4;5;6
7904470,CONTROL,0,0,0,,test,0,,,,4;5;6
7906607,CONTROL,0,0,0,,test,0,,,,4;5;6
7914624,CONTROL,0,0,0,,test,0,,,,4;5;6
7915020,CONTROL,0,0,0,,test,0,,,,4;5;6
7938403,CONTROL,0,0,0,,test,0,,,,4;5;6
7967985,CONTROL,0,0,0,,test,0,,,,4;5;6
7971008,CONTROL,0,0,0,,test,0,,,,4;5;6
7976305,CONTROL,0,0,0,,test,0,,,,4;5;6
8008374,CONTROL,0,0,0,,test,0,,,,4;5;6
8017961,CONTROL,0,0,0,,test,0,,,,4;5;6
8026771,CONTROL,0,0,0,,test,0,,,,4;5;6
8027872,CONTROL,0,0,0,,test,0,,,,4;5;6
8028158,CONTROL,0,0,0,,test,0,,,,4;5;6
8040428,CONTROL,0,0,0,,test,0,,,,4;5;6
8051985,CONTROL,0,0,0,,test,0,,,,4;5;6
8105884,CONTROL,0,0,0,,test,0,,,,4;5;6
8113359,CONTROL,0,0,0,,test,0,,,,4;5;6
8142304,CONTROL,0,0,0,,test,0,,,,4;5;6
8161562,CONTROL,0,0,0,,test,0,,,,4;5;6
8162117,CONTROL,0,0,0,,test,0,,,,4;5;6
8174183,CONTROL,0,0,0,,test,0,,,,4;5;6
8174193,CONTROL,0,0,0,,test,0,,,,4;5;6
8179150,CONTROL,0,0,0,,test,0,,,,4;5;6
8189504,CONTROL,0,0,0,,test,0,,,,4;5;6
8193511,CONTROL,0,0,0,,test,0,,,,4;5;6
8212884,CONTROL,0,0,0,,test,0,,,,4;5;6
8223463,CONTROL,0,0,0,,test,0,,,,4;5;6
8241424,CONTROL,0,0,0,,test,0,,,,4;5;6
8246695,CONTROL,0,0,0,,test,0,,,,4;5;6
8248894,CONTROL,0,0,0,,test,0,,,,4;5;6
8264804,CONTROL,0,0,0,,test,0,,,,4;5;6
8264850,CONTROL,0,0,0,,test,0,,,,4;5;6
8285635,CONTROL,0,0,0,,test,0,,,,4;5;6
8295644,CONTROL,0,0,0,,test,0,,,,4;5;6
8299808,CONTROL,0,0,0,,test,0,,,,4;5;6
8312493,CONTROL,0,0,0,,test,0,,,,4;5;6
8346638,CONTROL,0,0,0,,test,0,,,,4;5;6
8376290,CONTROL,0,0,0,,test,0,,,,4;5;6
8451941,CONTROL,0,0,0,,test,0,,,,4;5;6
8492542,CONTROL,0,0,0,,test,0,,,,4;5;6
8494812,CONTROL,0,0,0,,test,0,,,,4;5;6
8553191,CONTROL,0,0,0,,test,0,,,,4;5;6
8556222,CONTROL,0,0,0,,test,0,,,,4;5;6
8587777,CONTROL,0,0,0,,test,0,,,,4;5;6
8588056,CONTROL,0,0,0,,test,0,,,,4;5;6
8630185,CONTROL,0,0,0,,test,0,,,,4;5;6
8631294,CONTROL,0,0,0,,test,0,,,,4;5;6
8637164,CONTROL,0,0,0,,test,0,,,,4;5;6
8639888,CONTROL,0,0,0,,test,0,,,,4;5;6
8672783,CONTROL,0,0,0,,test,0,,,,4;5;6
8681969,CONTROL,0,0,0,,test,0,,,,4;5;6
8692930,CONTROL,0,0,0,,test,0,,,,4;5;6
8736331,CONTROL,0,0,0,,test,0,,,,4;5;6
8741487,CONTROL,0,0,0,,test,0,,,,4;5;6
8748295,CONTROL,0,0,0,,test,0,,,,4;5;6
8801269,CONTROL,0,0,0,,test,0,,,,4;5;6
8847885,CONTROL,0,0,0,,test,0,,,,4;5;6
8946262,CONTROL,0,0,0,,test,0,,,,4;5;6
8947323,CONTROL,0,0,0,,test,0,,,,4;5;6
8960818,CONTROL,0,0,0,,test,0,,,,4;5;6
8962694,CONTROL,0,0,0,,test,0,,,,4;5;6
9004448,CONTROL,0,0,0,,test,0,,,,4;5;6
9008353,CONTROL,0,0,0,,test,0,,,,4;5;6
9141116,CONTROL,0,0,0,,test,0,,,,4;5;6
9142156,CONTROL,0,0,0,,test,0,,,,4;5;6
9156636,CONTROL,0,0,0,,test,0,,,,4;5;6
9207328,CONTROL,0,0,0,,test,0,,,,4;5;6
9219997,CONTROL,0,0,0,,test,0,,,,4;5;6
9242780,CONTROL,0,0,0,,test,0,,,,4;5;6
9268922,CONTROL,0,0,0,,test,0,,,,4;5;6
9271989,CONTROL,0,0,0,,test,0,,,,4;5;6
9278250,CONTROL,0,0,0,,test,0,,,,4;5;6
9305114,CONTROL,0,0,0,,test,0,,,,4;5;6
9307823,CONTROL,0,0,0,,test,0,,,,4;5;6
9330194,CONTROL,0,0,0,,test,0,,,,4;5;6
9335678,CONTROL,0,0,0,,test,0,,,,4;5;6
9339612,CONTROL,0,0,0,,test,0,,,,4;5;6
9347477,CONTROL,0,0,0,,test,0,,,,4;5;6
9388752,CONTROL,0,0,0,,test,0,,,,4;5;6
9392000,CONTROL,0,0,0,,test,0,,,,4;5;6
9409414,CONTROL,0,0,0,,test,0,,,,4;5;6
9412429,CONTROL,0,0,0,,test,0,,,,4;5;6
9418004,CONTROL,0,0,0,,test,0,,,,4;5;6
9428790,CONTROL,0,0,0,,test,0,,,,4;5;6
9456489,CONTROL,0,0,0,,test,0,,,,4;5;6
9471315,CONTROL,0,0,0,,test,0,,,,4;5;6
9491409,CONTROL,0,0,0,,test,0,,,,4;5;6
9531115,CONTROL,0,0,0,,test,0,,,,4;5;6
9532792,CONTROL,0,0,0,,test,0,,,,4;5;6
9532798,CONTROL,0,0,0,,test,0,,,,4;5;6
9550005,CONTROL,0,0,0,,test,0,,,,4;5;6
9569557,CONTROL,0,0,0,,test,0,,,,4;5;6
9583496,CONTROL,0,0,0,,test,0,,,,4;5;6
9631235,CONTROL,0,0,0,,test,0,,,,4;5;6
9649809,CONTROL,0,0,0,,test,0,,,,4;5;6
9655280,CONTROL,0,0,0,,test,0,,,,4;5;6
9655432,CONTROL,0,0,0,,test,0,,,,4;5;6
9655543,CONTROL,0,0,0,,test,0,,,,4;5;6
9664653,CONTROL,0,0,0,,test,0,,,,4;5;6
9713011,CONTROL,0,0,0,,test,0,,,,4;5;6
9717425,CONTROL,0,0,0,,test,0,,,,4;5;6
9725295,CONTROL,0,0,0,,test,0,,,,4;5;6
9725680,CONTROL,0,0,0,,test,0,,,,4;5;6
9752375,CONTROL,0,0,0,,test,0,,,,4;5;6
9775955,CONTROL,0,0,0,,test,0,,,,4;5;6
9778123,CONTROL,0,0,0,,test,0,,,,4;5;6
9783102,CONTROL,0,0,0,,test,0,,,,4;5;6
9787747,CONTROL,0,0,0,,test,0,,,,4;5;6
9820618,CONTROL,0,0,0,,test,0,,,,4;5;6
9825180,CONTROL,0,0,0,,test,0,,,,4;5;6
9827743,CONTROL,0,0,0,,test,0,,,,4;5;6
9837091,CONTROL,0,0,0,,test,0,,,,4;5;6
9845044,CONTROL,0,0,0,,test,0,,,,4;5;6
9905363,CONTROL,0,0,0,,test,0,,,,4;5;6
9942658,CONTROL,0,0,0,,test,0,,,,4;5;6
9946020,CONTROL,0,0,0,,test,0,,,,4;5;6
9946067,CONTROL,0,0,0,,test,0,,,,4;5;6
9955921,CONTROL,0,0,0,,test,0,,,,4;5;6
9957055,CONTROL,0,0,0,,test,0,,,,4;5;6
9960005,CONTROL,0,0,0,,test,0,,,,4;5;6
9999784,CONTROL,0,0,0,,test,0,,,,4;5;6
10067001,CONTROL,0,0,0,,test,0,,,,4;5;6
10071264,CONTROL,0,0,0,,test,0,,,,4;5;6
10080157,CONTROL,0,0,0,,test,0,,,,4;5;6
10083675,CONTROL,0,0,0,,test,0,,,,4;5;6
10096864,CONTROL,0,0,0,,test,0,,,,4;5;6
10098539,CONTROL,0,0,0,,test,0,,,,4;5;6
10136854,CONTROL,0,0,0,,test,0,,,,4;5;6
10141106,CONTROL,0,0,0,,test,0,,,,4;5;6
10145965,CONTROL,0,0,0,,test,0,,,,4;5;6
10155322,CONTROL,0,0,0,,test,0,,,,4;5;6
10219431,CONTROL,0,0,0,,test,0,,,,4;5;6
10252616,CONTROL,0,0,0,,test,0,,,,4;5;6
10258126,CONTROL,0,0,0,,test,0,,,,4;5;6
10273467,CONTROL,0,0,0,,test,0,,,,4;5;6
10287354,CONTROL,0,0,0,,test,0,,,,4;5;6
10290612,CONTROL,0,0,0,,test,0,,,,4;5;6
10320103,CONTROL,0,0,0,,test,0,,,,4;5;6
10346926,CONTROL,0,0,0,,test,0,,,,4;5;6
10350968,CONTROL,0,0,0,,test,0,,,,4;5;6
10397646,CONTROL,0,0,0,,test,0,,,,4;5;6
10402884,CONTROL,0,0,0,,test,0,,,,4;5;6
10405369,CONTROL,0,0,0,,test,0,,,,4;5;6
10414935,CONTROL,0,0,0,,test,0,,,,4;5;6
10450561,CONTROL,0,0,0,,test,0,,,,4;5;6
10460894,CONTROL,0,0,0,,test,0,,,,4;5;6
10463476,CONTROL,0,0,0,,test,0,,,,4;5;6
10464501,CONTROL,0,0,0,,test,0,,,,4;5;6
10472467,CONTROL,0,0,0,,test,0,,,,4;5;6
10480715,CONTROL,0,0,0,,test,0,,,,4;5;6
10534056,CONTROL,0,0,0,,test,0,,,,4;5;6
10534398,CONTROL,0,0,0,,test,0,,,,4;5;6
10579993,CONTROL,0,0,0,,test,0,,,,4;5;6
10586110,CONTROL,0,0,0,,test,0,,,,4;5;6
10611229,CONTROL,0,0,0,,test,0,,,,4;5;6
10612451,CONTROL,0,0,0,,test,0,,,,4;5;6
10717866,CONTROL,0,0,0,,test,0,,,,4;5;6
10723473,CONTROL,0,0,0,,test,0,,,,4;5;6
10736779,CONTROL,0,0,0,,test,0,,,,4;5;6
10777410,CONTROL,0,0,0,,test,0,,,,4;5;6
10782640,CONTROL,0,0,0,,test,0,,,,4;5;6
10814170,CONTROL,0,0,0,,test,0,,,,4;5;6
10874557,CONTROL,0,0,0,,test,0,,,,4;5;6
10936814,CONTROL,0,0,0,,test,0,,,,4;5;6
10964814,CONTROL,0,0,0,,test,0,,,,4;5;6
10982413,CONTROL,0,0,0,,test,0,,,,4;5;6
10990223,CONTROL,0,0,0,,test,0,,,,4;5;6
11014791,CONTROL,0,0,0,,test,0,,,,4;5;6
11025640,CONTROL,0,0,0,,test,0,,,,4;5;6
11028080,CONTROL,0,0,0,,test,0,,,,4;5;6
11032944,CONTROL,0,0,0,,test,0,,,,4;5;6
11036749,CONTROL,0,0,0,,test,0,,,,4;5;6
11068944,CONTROL,0,0,0,,test,0,,,,4;5;6
11076477,CONTROL,0,0,0,,test,0,,,,4;5;6
11082056,CONTROL,0,0,0,,test,0,,,,4;5;6
11134473,CONTROL,0,0,0,,test,0,,,,4;5;6
11196514,CONTROL,0,0,0,,test,0,,,,4;5;6
11198578,CONTROL,0,0,0,,test,0,,,,4;5;6
11234101,CONTROL,0,0,0,,test,0,,,,4;5;6
11234835,CONTROL,0,0,0,,test,0,,,,4;5;6
11235079,CONTROL,0,0,0,,test,0,,,,4;5;6
11243050,CONTROL,0,0,0,,test,0,,,,4;5;6
11260279,CONTROL,0,0,0,,test,0,,,,4;5;6
11287114,CONTROL,0,0,0,,test,0,,,,4;5;6
11309209,CONTROL,0,0,0,,test,0,,,,4;5;6
11337859,CONTROL,0,0,0,,test,0,,,,4;5;6
11340104,CONTROL,0,0,0,,test,0,,,,4;5;6
11342457,CONTROL,0,0,0,,test,0,,,,4;5;6
11390297,CONTROL,0,0,0,,test,0,,,,4;5;6
11442381,CONTROL,0,0,0,,test,0,,,,4;5;6
11442831,CONTROL,0,0,0,,test,0,,,,4;5;6
11443763,CONTROL,0,0,0,,test,0,,,,4;5;6
11448287,CONTROL,0,0,0,,test,0,,,,4;5;6
11453937,CONTROL,0,0,0,,test,0,,,,4;5;6
11460921,CONTROL,0,0,0,,test,0,,,,4;5;6
11462151,CONTROL,0,0,0,,test,0,,,,4;5;6
11495966,CONTROL,0,0,0,,test,0,,,,4;5;6
11496597,CONTROL,0,0,0,,test,0,,,,4;5;6
11512045,CONTROL,0,0,0,,test,0,,,,4;5;6
11610389,CONTROL,0,0,0,,test,0,,,,4;5;6
11619768,CONTROL,0,0,0,,test,0,,,,4;5;6
11671162,CONTROL,0,0,0,,test,0,,,,4;5;6
11672254,CONTROL,0,0,0,,test,0,,,,4;5;6
11700149,CONTROL,0,0,0,,test,0,,,,4;5;6
11702321,CONTROL,0,0,0,,test,0,,,,4;5;6
11770410,CONTROL,0,0,0,,test,0,,,,4;5;6
11773467,CONTROL,0,0,0,,test,0,,,,4;5;6
11802481,CONTROL,0,0,0,,test,0,,,,4;5;6
11803911,CONTROL,0,0,0,,test,0,,,,4;5;6
11805217,CONTROL,0,0,0,,test,0,,,,4;5;6
11820528,CONTROL,0,0,0,,test,0,,,,4;5;6
11821923,CONTROL,0,0,0,,test,0,,,,4;5;6
11824540,CONTROL,0,0,0,,test,0,,,,4;5;6
11825010,CONTROL,0,0,0,,test,0,,,,4;5;6
11876010,CONTROL,0,0,0,,test,0,,,,4;5;6
11903627,CONTROL,0,0,0,,test,0,,,,4;5;6
11954424,CONTROL,0,0,0,,test,0,,,,4;5;6
11954841,CONTROL,0,0,0,,test,0,,,,4;5;6
11967587,CONTROL,0,0,0,,test,0,,,,4;5;6
12010827,CONTROL,0,0,0,,test,0,,,,4;5;6
12018798,CONTROL,0,0,0,,test,0,,,,4;5;6
12022772,CONTROL,0,0,0,,test,0,,,,4;5;6
12055127,CONTROL,0,0,0,,test,0,,,,4;5;6
12060281,CONTROL,0,0,0,,test,0,,,,4;5;6
12101990,CONTROL,0,0,0,,test,0,,,,4;5;6
12156378,CONTROL,0,0,0,,test,0,,,,4;5;6
12207988,CONTROL,0,0,0,,test,0,,,,4;5;6
12252486,CONTROL,0,0,0,,test,0,,,,4;5;6
12304173,CONTROL,0,0,0,,test,0,,,,4;5;6
12305237,CONTROL,0,0,0,,test,0,,,,4;5;6
12406297,CONTROL,0,0,0,,test,0,,,,4;5;6
12470827,CONTROL,0,0,0,,test,0,,,,4;5;6
12600068,CONTROL,0,0,0,,test,0,,,,4;5;6
2987027,CONFIRMED,1,1,1,Kepler-489 b,train,1,17.276296682,133.839172,3.94738,4;5;6
3749365,CONFIRMED,1,1,1,Kepler-785 b,train,1,1.97376085,178.6894194,1.82542,4;5;6
3756264,CONFIRMED,1,1,1,Kepler-1906 b,train,1,7.36272124,136.86143,1.3287,4;5;6
4055304,CONFIRMED,1,1,1,Kepler-1107 b,train,1,0.571038347,131.653752,1.1267,4;5;6
4349452,CONFIRMED,1,2,2,Kepler-25 b;Kepler-25 c,train,2,6.238535444;12.720370263,171.706325;178.528297,3.5255;2.7306,4;5;6
4770365,CONFIRMED,1,3,3,Kepler-1669 c;Kepler-1669 d;Kepler-1669 b,train,3,1.609321941;4.72941177;9.51220046,178.94178;132.93871;185.47893,1.6067;2.234;2.9497,4;5;6
5339567,CONFIRMED,1,1,1,Kepler-1240 b,train,1,4.86638504,134.01501,2.296,4;5;6
5358241,CONFIRMED,1,3,2,Kepler-53 d;Kepler-53 b;Kepler-53 c,train,2,9.75192101;18.64932728,138.78608;174.771,4.793;4.4056,4;5;6
5688790,CONFIRMED,1,1,1,Kepler-1439 b,train,1,8.07394097,540.04161,2.455,4;5;6
5775129,CONFIRMED,1,1,1,Kepler-1691 b,train,1,3.84822189,131.9185,2.013,4;5;6
5942808,CONFIRMED,1,2,2,Kepler-1814 c;Kepler-1814 b,train,2,0.626281766;2.935362067,131.90594;136.18415,1.1812;1.5043,4;5;6
6226290,CONFIRMED,1,1,1,Kepler-1057 b,train,1,14.08826442,137.34334,4.1847,4;5;6
6425957,CONFIRMED,1,2,2,Kepler-205 b;Kepler-205 c,train,2,2.755637216;20.30652862,170.845854;172.6581,1.8559;2.8014,4;5;6
6863998,CONFIRMED,1,1,1,Kepler-709 b,train,1,16.08518937,180.28319,3.984,4;5;6
7304449,CONFIRMED,1,1,1,Kepler-1650 b,train,1,1.538180949,131.822823,1.2635,4;5;6
7755636,CONFIRMED,1,1,1,Kepler-1015 b,train,1,16.00496657,135.25305,6.5047,4;5;6
7983117,CONFIRMED,1,1,1,Kepler-1988 b,train,1,11.49500229,141.27511,7.602,4;5;6
8081239,CONFIRMED,1,1,1,Kepler-1476 b,train,1,10.35857039,138.30794,2.577,4;5;6
8120608,CONFIRMED,1,5,4,Kepler-186 b;Kepler-186 c;Kepler-186 d;Kepler-186 e;Kepler-186 f,train,4,3.886795001;7.26731094;13.3430025;22.40777833,133.32959;174.31292;176.90387;153.79858,1.7574;2.2691;2.7399;3.2881,4;5;6
8439323,CONFIRMED,1,1,1,Kepler-1942 b,train,1,4.62602867,134.68092,0.643,4;5;6
8478994,CONFIRMED,1,2,1,Kepler-37 c;Kepler-37 d,train,1,21.30181863,191.84136,3.8763,4;5;6
8956206,CONFIRMED,1,1,1,Kepler-1071 b,train,1,6.17998508,132.72278,2.1094,4;5;6
9272070,CONFIRMED,1,1,1,Kepler-1555 b,train,1,8.10503551,135.88389,4.459,4;5;6
9455325,CONFIRMED,1,1,1,Kepler-958 b,train,1,9.76785911,139.43968,2.1649,4;5;6
9579641,CONFIRMED,1,2,2,Kepler-105 b;Kepler-105 c,train,2,5.412203927;7.12594387,133.143089;139.00492,2.9472;3.0014,4;5;6
9590976,CONFIRMED,1,3,3,Kepler-217 d;Kepler-217 b;Kepler-217 c,train,3,3.88688862;5.37493289;8.58600968,132.4955;170.93379;137.95984,3.683;3.9567;3.3443,4;5;6
10722485,CONFIRMED,1,1,1,Kepler-1588 b,train,1,7.84931877,134.8747,3.747,4;5;6
10842192,CONFIRMED,1,1,1,Kepler-1329 b,train,1,9.33648141,140.67893,2.5449,4;5;6
10880507,CONFIRMED,1,1,1,Kepler-1390 b,train,1,6.4802138,132.8598,3.27,4;5;6
11337372,CONFIRMED,1,2,1,Kepler-920 b;Kepler-920 c,train,1,6.53194024,136.03223,3.3351,4;5;6
11824786,CONFIRMED,1,1,1,Kepler-1212 b,train,1,12.94123564,139.89901,4.636,4;5;6
12352520,CONFIRMED,1,1,1,Kepler-1904 b,train,1,4.5770016,132.09921,0.949,4;5;6
1026321,CONTROL,0,0,0,,train,0,,,,4;5;6
1163621,CONTROL,0,0,0,,train,0,,,,4;5;6
1164333,CONTROL,0,0,0,,train,0,,,,4;5;6
1572802,CONTROL,0,0,0,,train,0,,,,4;5;6
1573742,CONTROL,0,0,0,,train,0,,,,4;5;6
1577221,CONTROL,0,0,0,,train,0,,,,4;5;6
1718743,CONTROL,0,0,0,,train,0,,,,4;5;6
1849341,CONTROL,0,0,0,,train,0,,,,4;5;6
1863995,CONTROL,0,0,0,,train,0,,,,4;5;6
1865159,CONTROL,0,0,0,,train,0,,,,4;5;6
1865174,CONTROL,0,0,0,,train,0,,,,4;5;6
1865305,CONTROL,0,0,0,,train,0,,,,4;5;6
2011883,CONTROL,0,0,0,,train,0,,,,4;5;6
2019140,CONTROL,0,0,0,,train,0,,,,4;5;6
2020185,CONTROL,0,0,0,,train,0,,,,4;5;6
2021216,CONTROL,0,0,0,,train,0,,,,4;5;6
2142244,CONTROL,0,0,0,,train,0,,,,4;5;6
2156693,CONTROL,0,0,0,,train,0,,,,4;5;6
2157024,CONTROL,0,0,0,,train,0,,,,4;5;6
2163808,CONTROL,0,0,0,,train,0,,,,4;5;6
2166322,CONTROL,0,0,0,,train,0,,,,4;5;6
2282919,CONTROL,0,0,0,,train,0,,,,4;5;6
2297232,CONTROL,0,0,0,,train,0,,,,4;5;6
2297815,CONTROL,0,0,0,,train,0,,,,4;5;6
2300284,CONTROL,0,0,0,,train,0,,,,4;5;6
2300433,CONTROL,0,0,0,,train,0,,,,4;5;6
2303414,CONTROL,0,0,0,,train,0,,,,4;5;6
2307327,CONTROL,0,0,0,,train,0,,,,4;5;6
2307838,CONTROL,0,0,0,,train,0,,,,4;5;6
2309148,CONTROL,0,0,0,,train,0,,,,4;5;6
2309598,CONTROL,0,0,0,,train,0,,,,4;5;6
2309690,CONTROL,0,0,0,,train,0,,,,4;5;6
2422920,CONTROL,0,0,0,,train,0,,,,4;5;6
2423549,CONTROL,0,0,0,,train,0,,,,4;5;6
2436900,CONTROL,0,0,0,,train,0,,,,4;5;6
2437145,CONTROL,0,0,0,,train,0,,,,4;5;6
2437240,CONTROL,0,0,0,,train,0,,,,4;5;6
2438191,CONTROL,0,0,0,,train,0,,,,4;5;6
2442726,CONTROL,0,0,0,,train,0,,,,4;5;6
2443945,CONTROL,0,0,0,,train,0,,,,4;5;6
2444435,CONTROL,0,0,0,,train,0,,,,4;5;6
2445964,CONTROL,0,0,0,,train,0,,,,4;5;6
2447893,CONTROL,0,0,0,,train,0,,,,4;5;6
2554433,CONTROL,0,0,0,,train,0,,,,4;5;6
2558065,CONTROL,0,0,0,,train,0,,,,4;5;6
2570462,CONTROL,0,0,0,,train,0,,,,4;5;6
2572839,CONTROL,0,0,0,,train,0,,,,4;5;6
2572877,CONTROL,0,0,0,,train,0,,,,4;5;6
2573548,CONTROL,0,0,0,,train,0,,,,4;5;6
2575616,CONTROL,0,0,0,,train,0,,,,4;5;6
2576050,CONTROL,0,0,0,,train,0,,,,4;5;6
2577005,CONTROL,0,0,0,,train,0,,,,4;5;6
2578198,CONTROL,0,0,0,,train,0,,,,4;5;6
2581472,CONTROL,0,0,0,,train,0,,,,4;5;6
2693428,CONTROL,0,0,0,,train,0,,,,4;5;6
2694875,CONTROL,0,0,0,,train,0,,,,4;5;6
2715041,CONTROL,0,0,0,,train,0,,,,4;5;6
2715495,CONTROL,0,0,0,,train,0,,,,4;5;6
2717569,CONTROL,0,0,0,,train,0,,,,4;5;6
2831087,CONTROL,0,0,0,,train,0,,,,4;5;6
2831923,CONTROL,0,0,0,,train,0,,,,4;5;6
2832272,CONTROL,0,0,0,,train,0,,,,4;5;6
2834230,CONTROL,0,0,0,,train,0,,,,4;5;6
2848378,CONTROL,0,0,0,,train,0,,,,4;5;6
2848415,CONTROL,0,0,0,,train,0,,,,4;5;6
2850399,CONTROL,0,0,0,,train,0,,,,4;5;6
2857345,CONTROL,0,0,0,,train,0,,,,4;5;6
2857528,CONTROL,0,0,0,,train,0,,,,4;5;6
2858292,CONTROL,0,0,0,,train,0,,,,4;5;6
2860126,CONTROL,0,0,0,,train,0,,,,4;5;6
2866023,CONTROL,0,0,0,,train,0,,,,4;5;6
2973432,CONTROL,0,0,0,,train,0,,,,4;5;6
2973469,CONTROL,0,0,0,,train,0,,,,4;5;6
2983511,CONTROL,0,0,0,,train,0,,,,4;5;6
2984409,CONTROL,0,0,0,,train,0,,,,4;5;6
2986505,CONTROL,0,0,0,,train,0,,,,4;5;6
2988113,CONTROL,0,0,0,,train,0,,,,4;5;6
2992573,CONTROL,0,0,0,,train,0,,,,4;5;6
2992956,CONTROL,0,0,0,,train,0,,,,4;5;6
2995995,CONTROL,0,0,0,,train,0,,,,4;5;6
3002386,CONTROL,0,0,0,,train,0,,,,4;5;6
3099759,CONTROL,0,0,0,,train,0,,,,4;5;6
3103779,CONTROL,0,0,0,,train,0,,,,4;5;6
3110297,CONTROL,0,0,0,,train,0,,,,4;5;6
3111524,CONTROL,0,0,0,,train,0,,,,4;5;6
3121204,CONTROL,0,0,0,,train,0,,,,4;5;6
3121786,CONTROL,0,0,0,,train,0,,,,4;5;6
3124582,CONTROL,0,0,0,,train,0,,,,4;5;6
3128866,CONTROL,0,0,0,,train,0,,,,4;5;6
3129822,CONTROL,0,0,0,,train,0,,,,4;5;6
3129842,CONTROL,0,0,0,,train,0,,,,4;5;6
3216742,CONTROL,0,0,0,,train,0,,,,4;5;6
3218743,CONTROL,0,0,0,,train,0,,,,4;5;6
3219735,CONTROL,0,0,0,,train,0,,,,4;5;6
3232726,CONTROL,0,0,0,,train,0,,,,4;5;6
3236003,CONTROL,0,0,0,,train,0,,,,4;5;6
3239348,CONTROL,0,0,0,,train,0,,,,4;5;6
3240916,CONTROL,0,0,0,,train,0,,,,4;5;6
3242053,CONTROL,0,0,0,,train,0,,,,4;5;6
3247882,CONTROL,0,0,0,,train,0,,,,4;5;6
3249726,CONTROL,0,0,0,,train,0,,,,4;5;6
3323996,CONTROL,0,0,0,,train,0,,,,4;5;6
3324568,CONTROL,0,0,0,,train,0,,,,4;5;6
3328751,CONTROL,0,0,0,,train,0,,,,4;5;6
3329865,CONTROL,0,0,0,,train,0,,,,4;5;6
3336937,CONTROL,0,0,0,,train,0,,,,4;5;6
3340127,CONTROL,0,0,0,,train,0,,,,4;5;6
3341174,CONTROL,0,0,0,,train,0,,,,4;5;6
3341457,CONTROL,0,0,0,,train,0,,,,4;5;6
3342478,CONTROL,0,0,0,,train,0,,,,4;5;6
3343166,CONTROL,0,0,0,,train,0,,,,4;5;6
3343285,CONTROL,0,0,0,,train,0,,,,4;5;6
3343409,CONTROL,0,0,0,,train,0,,,,4;5;6
3347286,CONTROL,0,0,0,,train,0,,,,4;5;6
3353144,CONTROL,0,0,0,,train,0,,,,4;5;6
3354488,CONTROL,0,0,0,,train,0,,,,4;5;6
3355435,CONTROL,0,0,0,,train,0,,,,4;5;6
3356332,CONTROL,0,0,0,,train,0,,,,4;5;6
3437031,CONTROL,0,0,0,,train,0,,,,4;5;6
3437392,CONTROL,0,0,0,,train,0,,,,4;5;6
3441608,CONTROL,0,0,0,,train,0,,,,4;5;6
3442085,CONTROL,0,0,0,,train,0,,,,4;5;6
3445068,CONTROL,0,0,0,,train,0,,,,4;5;6
3445235,CONTROL,0,0,0,,train,0,,,,4;5;6
3446842,CONTROL,0,0,0,,train,0,,,,4;5;6
3449458,CONTROL,0,0,0,,train,0,,,,4;5;6
3449861,CONTROL,0,0,0,,train,0,,,,4;5;6
3453030,CONTROL,0,0,0,,train,0,,,,4;5;6
3456743,CONTROL,0,0,0,,train,0,,,,4;5;6
3459709,CONTROL,0,0,0,,train,0,,,,4;5;6
3526812,CONTROL,0,0,0,,train,0,,,,4;5;6
3528656,CONTROL,0,0,0,,train,0,,,,4;5;6
3528684,CONTROL,0,0,0,,train,0,,,,4;5;6
3529031,CONTROL,0,0,0,,train,0,,,,4;5;6
3530486,CONTROL,0,0,0,,train,0,,,,4;5;6
3533681,CONTROL,0,0,0,,train,0,,,,4;5;6
3534349,CONTROL,0,0,0,,train,0,,,,4;5;6
3534770,CONTROL,0,0,0,,train,0,,,,4;5;6
3539791,CONTROL,0,0,0,,train,0,,,,4;5;6
3545147,CONTROL,0,0,0,,train,0,,,,4;5;6
3546978,CONTROL,0,0,0,,train,0,,,,4;5;6
3547198,CONTROL,0,0,0,,train,0,,,,4;5;6
3548628,CONTROL,0,0,0,,train,0,,,,4;5;6
3549573,CONTROL,0,0,0,,train,0,,,,4;5;6
3555512,CONTROL,0,0,0,,train,0,,,,4;5;6
3556875,CONTROL,0,0,0,,train,0,,,,4;5;6
3557305,CONTROL,0,0,0,,train,0,,,,4;5;6
3557421,CONTROL,0,0,0,,train,0,,,,4;5;6
3558635,CONTROL,0,0,0,,train,0,,,,4;5;6
3560300,CONTROL,0,0,0,,train,0,,,,4;5;6
3628188,CONTROL,0,0,0,,train,0,,,,4;5;6
3641330,CONTROL,0,0,0,,train,0,,,,4;5;6
3642661,CONTROL,0,0,0,,train,0,,,,4;5;6
3643764,CONTROL,0,0,0,,train,0,,,,4;5;6
3646855,CONTROL,0,0,0,,train,0,,,,4;5;6
3648735,CONTROL,0,0,0,,train,0,,,,4;5;6
3651360,CONTROL,0,0,0,,train,0,,,,4;5;6
3655689,CONTROL,0,0,0,,train,0,,,,4;5;6
3656015,CONTROL,0,0,0,,train,0,,,,4;5;6
3733169,CONTROL,0,0,0,,train,0,,,,4;5;6
3746445,CONTROL,0,0,0,,train,0,,,,4;5;6
3747352,CONTROL,0,0,0,,train,0,,,,4;5;6
3748095,CONTROL,0,0,0,,train,0,,,,4;5;6
3748918,CONTROL,0,0,0,,train,0,,,,4;5;6
3750796,CONTROL,0,0,0,,train,0,,,,4;5;6
3756737,CONTROL,0,0,0,,train,0,,,,4;5;6
3758774,CONTROL,0,0,0,,train,0,,,,4;5;6
3761576,CONTROL,0,0,0,,train,0,,,,4;5;6
3762464,CONTROL,0,0,0,,train,0,,,,4;5;6
3763500,CONTROL,0,0,0,,train,0,,,,4;5;6
3764211,CONTROL,0,0,0,,train,0,,,,4;5;6
3764578,CONTROL,0,0,0,,train,0,,,,4;5;6
3830862,CONTROL,0,0,0,,train,0,,,,4;5;6
3834728,CONTROL,0,0,0,,train,0,,,,4;5;6
3835611,CONTROL,0,0,0,,train,0,,,,4;5;6
3847707,CONTROL,0,0,0,,train,0,,,,4;5;6
3849002,CONTROL,0,0,0,,train,0,,,,4;5;6
3850233,CONTROL,0,0,0,,train,0,,,,4;5;6
3858331,CONTROL,0,0,0,,train,0,,,,4;5;6
3861094,CONTROL,0,0,0,,train,0,,,,4;5;6
3868382,CONTROL,0,0,0,,train,0,,,,4;5;6
3937857,CONTROL,0,0,0,,train,0,,,,4;5;6
3942297,CONTROL,0,0,0,,train,0,,,,4;5;6
3946899,CONTROL,0,0,0,,train,0,,,,4;5;6
3946978,CONTROL,0,0,0,,train,0,,,,4;5;6
3955891,CONTROL,0,0,0,,train,0,,,,4;5;6
3963225,CONTROL,0,0,0,,train,0,,,,4;5;6
3965810,CONTROL,0,0,0,,train,0,,,,4;5;6
3965915,CONTROL,0,0,0,,train,0,,,,4;5;6
3970168,CONTROL,0,0,0,,train,0,,,,4;5;6
3971905,CONTROL,0,0,0,,train,0,,,,4;5;6
3975840,CONTROL,0,0,0,,train,0,,,,4;5;6
4043400,CONTROL,0,0,0,,train,0,,,,4;5;6
4043767,CONTROL,0,0,0,,train,0,,,,4;5;6
4058265,CONTROL,0,0,0,,train,0,,,,4;5;6
4065607,CONTROL,0,0,0,,train,0,,,,4;5;6
4066213,CONTROL,0,0,0,,train,0,,,,4;5;6
4069039,CONTROL,0,0,0,,train,0,,,,4;5;6
4070074,CONTROL,0,0,0,,train,0,,,,4;5;6
4070217,CONTROL,0,0,0,,train,0,,,,4;5;6
4073814,CONTROL,0,0,0,,train,0,,,,4;5;6
4075975,CONTROL,0,0,0,,train,0,,,,4;5;6
4077931,CONTROL,0,0,0,,train,0,,,,4;5;6
4078087,CONTROL,0,0,0,,train,0,,,,4;5;6
4137896,CONTROL,0,0,0,,train,0,,,,4;5;6
4138687,CONTROL,0,0,0,,train,0,,,,4;5;6
4142137,CONTROL,0,0,0,,train,0,,,,4;5;6
4143645,CONTROL,0,0,0,,train,0,,,,4;5;6
4147960,CONTROL,0,0,0,,train,0,,,,4;5;6
4155520,CONTROL,0,0,0,,train,0,,,,4;5;6
4158847,CONTROL,0,0,0,,train,0,,,,4;5;6
4161030,CONTROL,0,0,0,,train,0,,,,4;5;6
4161497,CONTROL,0,0,0,,train,0,,,,4;5;6
4169721,CONTROL,0,0,0,,train,0,,,,4;5;6
4173011,CONTROL,0,0,0,,train,0,,,,4;5;6
4178049,CONTROL,0,0,0,,train,0,,,,4;5;6
4179201,CONTROL,0,0,0,,train,0,,,,4;5;6
4180705,CONTROL,0,0,0,,train,0,,,,4;5;6
4242196,CONTROL,0,0,0,,train,0,,,,4;5;6
4242506,CONTROL,0,0,0,,train,0,,,,4;5;6
4243354,CONTROL,0,0,0,,train,0,,,,4;5;6
4243803,CONTROL,0,0,0,,train,0,,,,4;5;6
4256388,CONTROL,0,0,0,,train,0,,,,4;5;6
4269066,CONTROL,0,0,0,,train,0,,,,4;5;6
4271431,CONTROL,0,0,0,,train,0,,,,4;5;6
4276535,CONTROL,0,0,0,,train,0,,,,4;5;6
4279279,CONTROL,0,0,0,,train,0,,,,4;5;6
4280866,CONTROL,0,0,0,,train,0,,,,4;5;6
4283965,CONTROL,0,0,0,,train,0,,,,4;5;6
4350116,CONTROL,0,0,0,,train,0,,,,4;5;6
4355819,CONTROL,0,0,0,,train,0,,,,4;5;6
4358631,CONTROL,0,0,0,,train,0,,,,4;5;6
4358892,CONTROL,0,0,0,,train,0,,,,4;5;6
4370861,CONTROL,0,0,0,,train,0,,,,4;5;6
4372761,CONTROL,0,0,0,,train,0,,,,4;5;6
4375039,CONTROL,0,0,0,,train,0,,,,4;5;6
4377855,CONTROL,0,0,0,,train,0,,,,4;5;6
4378946,CONTROL,0,0,0,,train,0,,,,4;5;6
4380834,CONTROL,0,0,0,,train,0,,,,4;5;6
4390773,CONTROL,0,0,0,,train,0,,,,4;5;6
4390919,CONTROL,0,0,0,,train,0,,,,4;5;6
4449674,CONTROL,0,0,0,,train,0,,,,4;5;6
4451068,CONTROL,0,0,0,,train,0,,,,4;5;6
4451255,CONTROL,0,0,0,,train,0,,,,4;5;6
4454505,CONTROL,0,0,0,,train,0,,,,4;5;6
4455561,CONTROL,0,0,0,,train,0,,,,4;5;6
4458260,CONTROL,0,0,0,,train,0,,,,4;5;6
4458800,CONTROL,0,0,0,,train,0,,,,4;5;6
4466647,CONTROL,0,0,0,,train,0,,,,4;5;6
4470828,CONTROL,0,0,0,,train,0,,,,4;5;6
4471953,CONTROL,0,0,0,,train,0,,,,4;5;6
4474193,CONTROL,0,0,0,,train,0,,,,4;5;6
4479666,CONTROL,0,0,0,,train,0,,,,4;5;6
4479806,CONTROL,0,0,0,,train,0,,,,4;5;6
4480705,CONTROL,0,0,0,,train,0,,,,4;5;6
4543737,CONTROL,0,0,0,,train,0,,,,4;5;6
4550872,CONTROL,0,0,0,,train,0,,,,4;5;6
4552970,CONTROL,0,0,0,,train,0,,,,4;5;6
4556646,CONTROL,0,0,0,,train,0,,,,4;5;6
4562260,CONTROL,0,0,0,,train,0,,,,4;5;6
4569115,CONTROL,0,0,0,,train,0,,,,4;5;6
4571582,CONTROL,0,0,0,,train,0,,,,4;5;6
4574841,CONTROL,0,0,0,,train,0,,,,4;5;6
4578949,CONTROL,0,0,0,,train,0,,,,4;5;6
4579125,CONTROL,0,0,0,,train,0,,,,4;5;6
4581122,CONTROL,0,0,0,,train,0,,,,4;5;6
4585007,CONTROL,0,0,0,,train,0,,,,4;5;6
4587268,CONTROL,0,0,0,,train,0,,,,4;5;6
4639266,CONTROL,0,0,0,,train,0,,,,4;5;6
4639895,CONTROL,0,0,0,,train,0,,,,4;5;6
4640657,CONTROL,0,0,0,,train,0,,,,4;5;6
4640771,CONTROL,0,0,0,,train,0,,,,4;5;6
4641549,CONTROL,0,0,0,,train,0,,,,4;5;6
4645964,CONTROL,0,0,0,,train,0,,,,4;5;6
4655929,CONTROL,0,0,0,,train,0,,,,4;5;6
4662519,CONTROL,0,0,0,,train,0,,,,4;5;6
4662822,CONTROL,0,0,0,,train,0,,,,4;5;6
4668568,CONTROL,0,0,0,,train,0,,,,4;5;6
4673247,CONTROL,0,0,0,,train,0,,,,4;5;6
4678250,CONTROL,0,0,0,,train,0,,,,4;5;6
4680923,CONTROL,0,0,0,,train,0,,,,4;5;6
4730331,CONTROL,0,0,0,,train,0,,,,4;5;6
4736432,CONTROL,0,0,0,,train,0,,,,4;5;6
4737094,CONTROL,0,0,0,,train,0,,,,4;5;6
4737364,CONTROL,0,0,0,,train,0,,,,4;5;6
4737779,CONTROL,0,0,0,,train,0,,,,4;5;6
4738015,CONTROL,0,0,0,,train,0,,,,4;5;6
4742509,CONTROL,0,0,0,,train,0,,,,4;5;6
4750925,CONTROL,0,0,0,,train,0,,,,4;5;6
4751745,CONTROL,0,0,0,,train,0,,,,4;5;6
4753723,CONTROL,0,0,0,,train,0,,,,4;5;6
4754306,CONTROL,0,0,0,,train,0,,,,4;5;6
4755515,CONTROL,0,0,0,,train,0,,,,4;5;6
4758269,CONTROL,0,0,0,,train,0,,,,4;5;6
4762130,CONTROL,0,0,0,,train,0,,,,4;5;6
4818952,CONTROL,0,0,0,,train,0,,,,4;5;6
4820384,CONTROL,0,0,0,,train,0,,,,4;5;6
4828031,CONTROL,0,0,0,,train,0,,,,4;5;6
4830178,CONTROL,0,0,0,,train,0,,,,4;5;6
4830491,CONTROL,0,0,0,,train,0,,,,4;5;6
4831169,CONTROL,0,0,0,,train,0,,,,4;5;6
4842003,CONTROL,0,0,0,,train,0,,,,4;5;6
4842151,CONTROL,0,0,0,,train,0,,,,4;5;6
4842436,CONTROL,0,0,0,,train,0,,,,4;5;6
4844332,CONTROL,0,0,0,,train,0,,,,4;5;6
4845734,CONTROL,0,0,0,,train,0,,,,4;5;6
4846411,CONTROL,0,0,0,,train,0,,,,4;5;6
4851182,CONTROL,0,0,0,,train,0,,,,4;5;6
4857539,CONTROL,0,0,0,,train,0,,,,4;5;6
4858572,CONTROL,0,0,0,,train,0,,,,4;5;6
4859846,CONTROL,0,0,0,,train,0,,,,4;5;6
4861442,CONTROL,0,0,0,,train,0,,,,4;5;6
4863688,CONTROL,0,0,0,,train,0,,,,4;5;6
4902780,CONTROL,0,0,0,,train,0,,,,4;5;6
4904182,CONTROL,0,0,0,,train,0,,,,4;5;6
4904293,CONTROL,0,0,0,,train,0,,,,4;5;6
4907372,CONTROL,0,0,0,,train,0,,,,4;5;6
4919503,CONTROL,0,0,0,,train,0,,,,4;5;6
4922510,CONTROL,0,0,0,,train,0,,,,4;5;6
4927396,CONTROL,0,0,0,,train,0,,,,4;5;6
4927771,CONTROL,0,0,0,,train,0,,,,4;5;6
4928225,CONTROL,0,0,0,,train,0,,,,4;5;6
4928746,CONTROL,0,0,0,,train,0,,,,4;5;6
4932303,CONTROL,0,0,0,,train,0,,,,4;5;6
4935061,CONTROL,0,0,0,,train,0,,,,4;5;6
4935245,CONTROL,0,0,0,,train,0,,,,4;5;6
4936672,CONTROL,0,0,0,,train,0,,,,4;5;6
4937056,CONTROL,0,0,0,,train,0,,,,4;5;6
4939431,CONTROL,0,0,0,,train,0,,,,4;5;6
4939895,CONTROL,0,0,0,,train,0,,,,4;5;6
4940319,CONTROL,0,0,0,,train,0,,,,4;5;6
4945897,CONTROL,0,0,0,,train,0,,,,4;5;6
4948402,CONTROL,0,0,0,,train,0,,,,4;5;6
4991251,CONTROL,0,0,0,,train,0,,,,4;5;6
4992155,CONTROL,0,0,0,,train,0,,,,4;5;6
5000976,CONTROL,0,0,0,,train,0,,,,4;5;6
5001976,CONTROL,0,0,0,,train,0,,,,4;5;6
5003319,CONTROL,0,0,0,,train,0,,,,4;5;6
5007050,CONTROL,0,0,0,,train,0,,,,4;5;6
5008707,CONTROL,0,0,0,,train,0,,,,4;5;6
5009702,CONTROL,0,0,0,,train,0,,,,4;5;6
5009805,CONTROL,0,0,0,,train,0,,,,4;5;6
5015389,CONTROL,0,0,0,,train,0,,,,4;5;6
5016503,CONTROL,0,0,0,,train,0,,,,4;5;6
5018118,CONTROL,0,0,0,,train,0,,,,4;5;6
5018478,CONTROL,0,0,0,,train,0,,,,4;5;6
5020024,CONTROL,0,0,0,,train,0,,,,4;5;6
5023275,CONTROL,0,0,0,,train,0,,,,4;5;6
5024549,CONTROL,0,0,0,,train,0,,,,4;5;6
5025698,CONTROL,0,0,0,,train,0,,,,4;5;6
5026162,CONTROL,0,0,0,,train,0,,,,4;5;6
5027314,CONTROL,0,0,0,,train,0,,,,4;5;6
5036194,CONTROL,0,0,0,,train,0,,,,4;5;6
5037878,CONTROL,0,0,0,,train,0,,,,4;5;6
5038695,CONTROL,0,0,0,,train,0,,,,4;5;6
5039141,CONTROL,0,0,0,,train,0,,,,4;5;6
5043004,CONTROL,0,0,0,,train,0,,,,4;5;6
5079500,CONTROL,0,0,0,,train,0,,,,4;5;6
5083390,CONTROL,0,0,0,,train,0,,,,4;5;6
5091104,CONTROL,0,0,0,,train,0,,,,4;5;6
5091918,CONTROL,0,0,0,,train,0,,,,4;5;6
5092957,CONTROL,0,0,0,,train,0,,,,4;5;6
5095521,CONTROL,0,0,0,,train,0,,,,4;5;6
5097584,CONTROL,0,0,0,,train,0,,,,4;5;6
5097608,CONTROL,0,0,0,,train,0,,,,4;5;6
5097889,CONTROL,0,0,0,,train,0,,,,4;5;6
5098148,CONTROL,0,0,0,,train,0,,,,4;5;6
5098194,CONTROL,0,0,0,,train,0,,,,4;5;6
5098363,CONTROL,0,0,0,,train,0,,,,4;5;6
5098778,CONTROL,0,0,0,,train,0,,,,4;5;6
5105216,CONTROL,0,0,0,,train,0,,,,4;5;6
5106547,CONTROL,0,0,0,,train,0,,,,4;5;6
5109851,CONTROL,0,0,0,,train,0,,,,4;5;6
5109996,CONTROL,0,0,0,,train,0,,,,4;5;6
5112228,CONTROL,0,0,0,,train,0,,,,4;5;6
5113825,CONTROL,0,0,0,,train,0,,,,4;5;6
5122498,CONTROL,0,0,0,,train,0,,,,4;5;6
5124509,CONTROL,0,0,0,,train,0,,,,4;5;6
5126278,CONTROL,0,0,0,,train,0,,,,4;5;6
5167070,CONTROL,0,0,0,,train,0,,,,4;5;6
5168890,CONTROL,0,0,0,,train,0,,,,4;5;6
5171909,CONTROL,0,0,0,,train,0,,,,4;5;6
5180533,CONTROL,0,0,0,,train,0,,,,4;5;6
5185859,CONTROL,0,0,0,,train,0,,,,4;5;6
5185991,CONTROL,0,0,0,,train,0,,,,4;5;6
5192039,CONTROL,0,0,0,,train,0,,,,4;5;6
5192474,CONTROL,0,0,0,,train,0,,,,4;5;6
5192724,CONTROL,0,0,0,,train,0,,,,4;5;6
5193281,CONTROL,0,0,0,,train,0,,,,4;5;6
5198592,CONTROL,0,0,0,,train,0,,,,4;5;6
5199997,CONTROL,0,0,0,,train,0,,,,4;5;6
5200187,CONTROL,0,0,0,,train,0,,,,4;5;6
5202851,CONTROL,0,0,0,,train,0,,,,4;5;6
5210990,CONTROL,0,0,0,,train,0,,,,4;5;6
5214286,CONTROL,0,0,0,,train,0,,,,4;5;6
5215966,CONTROL,0,0,0,,train,0,,,,4;5;6
5218739,CONTROL,0,0,0,,train,0,,,,4;5;6
5252575,CONTROL,0,0,0,,train,0,,,,4;5;6
5253854,CONTROL,0,0,0,,train,0,,,,4;5;6
5255580,CONTROL,0,0,0,,train,0,,,,4;5;6
5256158,CONTROL,0,0,0,,train,0,,,,4;5;6
5260403,CONTROL,0,0,0,,train,0,,,,4;5;6
5265442,CONTROL,0,0,0,,train,0,,,,4;5;6
5265517,CONTROL,0,0,0,,train,0,,,,4;5;6
5271167,CONTROL,0,0,0,,train,0,,,,4;5;6
5272494,CONTROL,0,0,0,,train,0,,,,4;5;6
5283296,CONTROL,0,0,0,,train,0,,,,4;5;6
5283573,CONTROL,0,0,0,,train,0,,,,4;5;6
5284701,CONTROL,0,0,0,,train,0,,,,4;5;6
5285707,CONTROL,0,0,0,,train,0,,,,4;5;6
5286142,CONTROL,0,0,0,,train,0,,,,4;5;6
5295473,CONTROL,0,0,0,,train,0,,,,4;5;6
5298426,CONTROL,0,0,0,,train,0,,,,4;5;6
5300818,CONTROL,0,0,0,,train,0,,,,4;5;6
5302182,CONTROL,0,0,0,,train,0,,,,4;5;6
5306368,CONTROL,0,0,0,,train,0,,,,4;5;6
5306913,CONTROL,0,0,0,,train,0,,,,4;5;6
5343174,CONTROL,0,0,0,,train,0,,,,4;5;6
5344075,CONTROL,0,0,0,,train,0,,,,4;5;6
5345405,CONTROL,0,0,0,,train,0,,,,4;5;6
5351672,CONTROL,0,0,0,,train,0,,,,4;5;6
5355775,CONTROL,0,0,0,,train,0,,,,4;5;6
5356379,CONTROL,0,0,0,,train,0,,,,4;5;6
5356640,CONTROL,0,0,0,,train,0,,,,4;5;6
5357446,CONTROL,0,0,0,,train,0,,,,4;5;6
5358110,CONTROL,0,0,0,,train,0,,,,4;5;6
5364331,CONTROL,0,0,0,,train,0,,,,4;5;6
5369193,CONTROL,0,0,0,,train,0,,,,4;5;6
5370055,CONTROL,0,0,0,,train,0,,,,4;5;6
5370420,CONTROL,0,0,0,,train,0,,,,4;5;6
5370900,CONTROL,0,0,0,,train,0,,,,4;5;6
5370950,CONTROL,0,0,0,,train,0,,,,4;5;6
5371342,CONTROL,0,0,0,,train,0,,,,4;5;6
5372518,CONTROL,0,0,0,,train,0,,,,4;5;6
5375807,CONTROL,0,0,0,,train,0,,,,4;5;6
5376102,CONTROL,0,0,0,,train,0,,,,4;5;6
5381353,CONTROL,0,0,0,,train,0,,,,4;5;6
5381500,CONTROL,0,0,0,,train,0,,,,4;5;6
5383979,CONTROL,0,0,0,,train,0,,,,4;5;6
5388854,CONTROL,0,0,0,,train,0,,,,4;5;6
5389434,CONTROL,0,0,0,,train,0,,,,4;5;6
5389448,CONTROL,0,0,0,,train,0,,,,4;5;6
5389805,CONTROL,0,0,0,,train,0,,,,4;5;6
5394537,CONTROL,0,0,0,,train,0,,,,4;5;6
5395400,CONTROL,0,0,0,,train,0,,,,4;5;6
5395681,CONTROL,0,0,0,,train,0,,,,4;5;6
5397702,CONTROL,0,0,0,,train,0,,,,4;5;6
5428360,CONTROL,0,0,0,,train,0,,,,4;5;6
5428649,CONTROL,0,0,0,,train,0,,,,4;5;6
5439087,CONTROL,0,0,0,,train,0,,,,4;5;6
5439272,CONTROL,0,0,0,,train,0,,,,4;5;6
5442808,CONTROL,0,0,0,,train,0,,,,4;5;6
5444168,CONTROL,0,0,0,,train,0,,,,4;5;6
5445111,CONTROL,0,0,0,,train,0,,,,4;5;6
5445367,CONTROL,0,0,0,,train,0,,,,4;5;6
5445370,CONTROL,0,0,0,,train,0,,,,4;5;6
5450449,CONTROL,0,0,0,,train,0,,,,4;5;6
5456054,CONTROL,0,0,0,,train,0,,,,4;5;6
5456650,CONTROL,0,0,0,,train,0,,,,4;5;6
5459846,CONTROL,0,0,0,,train,0,,,,4;5;6
5467845,CONTROL,0,0,0,,train,0,,,,4;5;6
5477898,CONTROL,0,0,0,,train,0,,,,4;5;6
5481835,CONTROL,0,0,0,,train,0,,,,4;5;6
5515314,CONTROL,0,0,0,,train,0,,,,4;5;6
5515475,CONTROL,0,0,0,,train,0,,,,4;5;6
5515603,CONTROL,0,0,0,,train,0,,,,4;5;6
5515978,CONTROL,0,0,0,,train,0,,,,4;5;6
5520744,CONTROL,0,0,0,,train,0,,,,4;5;6
5521187,CONTROL,0,0,0,,train,0,,,,4;5;6
5529032,CONTROL,0,0,0,,train,0,,,,4;5;6
5529629,CONTROL,0,0,0,,train,0,,,,4;5;6
5530201,CONTROL,0,0,0,,train,0,,,,4;5;6
5531150,CONTROL,0,0,0,,train,0,,,,4;5;6
5534059,CONTROL,0,0,0,,train,0,,,,4;5;6
5534473,CONTROL,0,0,0,,train,0,,,,4;5;6
5535079,CONTROL,0,0,0,,train,0,,,,4;5;6
5535479,CONTROL,0,0,0,,train,0,,,,4;5;6
5536332,CONTROL,0,0,0,,train,0,,,,4;5;6
5542059,CONTROL,0,0,0,,train,0,,,,4;5;6
5562613,CONTROL,0,0,0,,train,0,,,,4;5;6
5564111,CONTROL,0,0,0,,train,0,,,,4;5;6
5565911,CONTROL,0,0,0,,train,0,,,,4;5;6
5566503,CONTROL,0,0,0,,train,0,,,,4;5;6
5600992,CONTROL,0,0,0,,train,0,,,,4;5;6
5601340,CONTROL,0,0,0,,train,0,,,,4;5;6
5602069,CONTROL,0,0,0,,train,0,,,,4;5;6
5602869,CONTROL,0,0,0,,train,0,,,,4;5;6
5603039,CONTROL,0,0,0,,train,0,,,,4;5;6
5603462,CONTROL,0,0,0,,train,0,,,,4;5;6
5603484,CONTROL,0,0,0,,train,0,,,,4;5;6
5609936,CONTROL,0,0,0,,train,0,,,,4;5;6
5617730,CONTROL,0,0,0,,train,0,,,,4;5;6
5621971,CONTROL,0,0,0,,train,0,,,,4;5;6
5622709,CONTROL,0,0,0,,train,0,,,,4;5;6
5629125,CONTROL,0,0,0,,train,0,,,,4;5;6
5632439,CONTROL,0,0,0,,train,0,,,,4;5;6
5646001,CONTROL,0,0,0,,train,0,,,,4;5;6
5646951,CONTROL,0,0,0,,train,0,,,,4;5;6
5648350,CONTROL,0,0,0,,train,0,,,,4;5;6
5683534,CONTROL,0,0,0,,train,0,,,,4;5;6
5684825,CONTROL,0,0,0,,train,0,,,,4;5;6
5687528,CONTROL,0,0,0,,train,0,,,,4;5;6
5695835,CONTROL,0,0,0,,train,0,,,,4;5;6
5697161,CONTROL,0,0,0,,train,0,,,,4;5;6
5697390,CONTROL,0,0,0,,train,0,,,,4;5;6
5706592,CONTROL,0,0,0,,train,0,,,,4;5;6
5707982,CONTROL,0,0,0,,train,0,,,,4;5;6
5709014,CONTROL,0,0,0,,train,0,,,,4;5;6
5710423,CONTROL,0,0,0,,train,0,,,,4;5;6
5716131,CONTROL,0,0,0,,train,0,,,,4;5;6
5721762,CONTROL,0,0,0,,train,0,,,,4;5;6
5723085,CONTROL,0,0,0,,train,0,,,,4;5;6
5724495,CONTROL,0,0,0,,train,0,,,,4;5;6
5736668,CONTROL,0,0,0,,train,0,,,,4;5;6
5739098,CONTROL,0,0,0,,train,0,,,,4;5;6
5771775,CONTROL,0,0,0,,train,0,,,,4;5;6
5774262,CONTROL,0,0,0,,train,0,,,,4;5;6
5779621,CONTROL,0,0,0,,train,0,,,,4;5;6
5779724,CONTROL,0,0,0,,train,0,,,,4;5;6
5780429,CONTROL,0,0,0,,train,0,,,,4;5;6
5781380,CONTROL,0,0,0,,train,0,,,,4;5;6
5781851,CONTROL,0,0,0,,train,0,,,,4;5;6
5784384,CONTROL,0,0,0,,train,0,,,,4;5;6
5785177,CONTROL,0,0,0,,train,0,,,,4;5;6
5787762,CONTROL,0,0,0,,train,0,,,,4;5;6
5788275,CONTROL,0,0,0,,train,0,,,,4;5;6
5788354,CONTROL,0,0,0,,train,0,,,,4;5;6
5792236,CONTROL,0,0,0,,train,0,,,,4;5;6
5794117,CONTROL,0,0,0,,train,0,,,,4;5;6
5795968,CONTROL,0,0,0,,train,0,,,,4;5;6
5796088,CONTROL,0,0,0,,train,0,,,,4;5;6
5807260,CONTROL,0,0,0,,train,0,,,,4;5;6
5811054,CONTROL,0,0,0,,train,0,,,,4;5;6
5816739,CONTROL,0,0,0,,train,0,,,,4;5;6
5817861,CONTROL,0,0,0,,train,0,,,,4;5;6
5818049,CONTROL,0,0,0,,train,0,,,,4;5;6
5824148,CONTROL,0,0,0,,train,0,,,,4;5;6
5856315,CONTROL,0,0,0,,train,0,,,,4;5;6
5856351,CONTROL,0,0,0,,train,0,,,,4;5;6
5856692,CONTROL,0,0,0,,train,0,,,,4;5;6
5858341,CONTROL,0,0,0,,train,0,,,,4;5;6
5858394,CONTROL,0,0,0,,train,0,,,,4;5;6
5858756,CONTROL,0,0,0,,train,0,,,,4;5;6
5858993,CONTROL,0,0,0,,train,0,,,,4;5;6
5871386,CONTROL,0,0,0,,train,0,,,,4;5;6
5872550,CONTROL,0,0,0,,train,0,,,,4;5;6
5875769,CONTROL,0,0,0,,train,0,,,,4;5;6
5880996,CONTROL,0,0,0,,train,0,,,,4;5;6
5882164,CONTROL,0,0,0,,train,0,,,,4;5;6
5891971,CONTROL,0,0,0,,train,0,,,,4;5;6
5892130,CONTROL,0,0,0,,train,0,,,,4;5;6
5895756,CONTROL,0,0,0,,train,0,,,,4;5;6
5900322,CONTROL,0,0,0,,train,0,,,,4;5;6
5905323,CONTROL,0,0,0,,train,0,,,,4;5;6
5939938,CONTROL,0,0,0,,train,0,,,,4;5;6
5950320,CONTROL,0,0,0,,train,0,,,,4;5;6
5952802,CONTROL,0,0,0,,train,0,,,,4;5;6
5953282,CONTROL,0,0,0,,train,0,,,,4;5;6
5953502,CONTROL,0,0,0,,train,0,,,,4;5;6
5956816,CONTROL,0,0,0,,train,0,,,,4;5;6
5957279,CONTROL,0,0,0,,train,0,,,,4;5;6
5960215,CONTROL,0,0,0,,train,0,,,,4;5;6
5962118,CONTROL,0,0,0,,train,0,,,,4;5;6
5963997,CONTROL,0,0,0,,train,0,,,,4;5;6
5964115,CONTROL,0,0,0,,train,0,,,,4;5;6
5964908,CONTROL,0,0,0,,train,0,,,,4;5;6
5978095,CONTROL,0,0,0,,train,0,,,,4;5;6
5980337,CONTROL,0,0,0,,train,0,,,,4;5;6
5983877,CONTROL,0,0,0,,train,0,,,,4;5;6
5988330,CONTROL,0,0,0,,train,0,,,,4;5;6
6020532,CONTROL,0,0,0,,train,0,,,,4;5;6
6020718,CONTROL,0,0,0,,train,0,,,,4;5;6
6022348,CONTROL,0,0,0,,train,0,,,,4;5;6
6022474,CONTROL,0,0,0,,train,0,,,,4;5;6
6029542,CONTROL,0,0,0,,train,0,,,,4;5;6
6034071,CONTROL,0,0,0,,train,0,,,,4;5;6
6037858,CONTROL,0,0,0,,train,0,,,,4;5;6
6041352,CONTROL,0,0,0,,train,0,,,,4;5;6
6043099,CONTROL,0,0,0,,train,0,,,,4;5;6
6044709,CONTROL,0,0,0,,train,0,,,,4;5;6
6046159,CONTROL,0,0,0,,train,0,,,,4;5;6
6048910,CONTROL,0,0,0,,train,0,,,,4;5;6
6058331,CONTROL,0,0,0,,train,0,,,,4;5;6
6065223,CONTROL,0,0,0,,train,0,,,,4;5;6
6099637,CONTROL,0,0,0,,train,0,,,,4;5;6
6101173,CONTROL,0,0,0,,train,0,,,,4;5;6
6103039,CONTROL,0,0,0,,train,0,,,,4;5;6
6107196,CONTROL,0,0,0,,train,0,,,,4;5;6
6110015,CONTROL,0,0,0,,train,0,,,,4;5;6
6115666,CONTROL,0,0,0,,train,0,,,,4;5;6
6116846,CONTROL,0,0,0,,train,0,,,,4;5;6
6118689,CONTROL,0,0,0,,train,0,,,,4;5;6
6118865,CONTROL,0,0,0,,train,0,,,,4;5;6
6120015,CONTROL,0,0,0,,train,0,,,,4;5;6
6122831,CONTROL,0,0,0,,train,0,,,,4;5;6
6124257,CONTROL,0,0,0,,train,0,,,,4;5;6
6137794,CONTROL,0,0,0,,train,0,,,,4;5;6
6139383,CONTROL,0,0,0,,train,0,,,,4;5;6
6141130,CONTROL,0,0,0,,train,0,,,,4;5;6
6144181,CONTROL,0,0,0,,train,0,,,,4;5;6
6146438,CONTROL,0,0,0,,train,0,,,,4;5;6
6146761,CONTROL,0,0,0,,train,0,,,,4;5;6
6181622,CONTROL,0,0,0,,train,0,,,,4;5;6
6182417,CONTROL,0,0,0,,train,0,,,,4;5;6
6185860,CONTROL,0,0,0,,train,0,,,,4;5;6
6186581,CONTROL,0,0,0,,train,0,,,,4;5;6
6190981,CONTROL,0,0,0,,train,0,,,,4;5;6
6196443,CONTROL,0,0,0,,train,0,,,,4;5;6
6196655,CONTROL,0,0,0,,train,0,,,,4;5;6
6197937,CONTROL,0,0,0,,train,0,,,,4;5;6
6198951,CONTROL,0,0,0,,train,0,,,,4;5;6
6199066,CONTROL,0,0,0,,train,0,,,,4;5;6
6201006,CONTROL,0,0,0,,train,0,,,,4;5;6
6201143,CONTROL,0,0,0,,train,0,,,,4;5;6
6204210,CONTROL,0,0,0,,train,0,,,,4;5;6
6208823,CONTROL,0,0,0,,train,0,,,,4;5;6
6209721,CONTROL,0,0,0,,train,0,,,,4;5;6
6214037,CONTROL,0,0,0,,train,0,,,,4;5;6
6220309,CONTROL,0,0,0,,train,0,,,,4;5;6
6223511,CONTROL,0,0,0,,train,0,,,,4;5;6
6223877,CONTROL,0,0,0,,train,0,,,,4;5;6
6225552,CONTROL,0,0,0,,train,0,,,,4;5;6
6228783,CONTROL,0,0,0,,train,0,,,,4;5;6
6230996,CONTROL,0,0,0,,train,0,,,,4;5;6
6264626,CONTROL,0,0,0,,train,0,,,,4;5;6
6266106,CONTROL,0,0,0,,train,0,,,,4;5;6
6266505,CONTROL,0,0,0,,train,0,,,,4;5;6
6268211,CONTROL,0,0,0,,train,0,,,,4;5;6
6279144,CONTROL,0,0,0,,train,0,,,,4;5;6
6280300,CONTROL,0,0,0,,train,0,,,,4;5;6
6287071,CONTROL,0,0,0,,train,0,,,,4;5;6
6287474,CONTROL,0,0,0,,train,0,,,,4;5;6
6292833,CONTROL,0,0,0,,train,0,,,,4;5;6
6294620,CONTROL,0,0,0,,train,0,,,,4;5;6
6301046,CONTROL,0,0,0,,train,0,,,,4;5;6
6311552,CONTROL,0,0,0,,train,0,,,,4;5;6
6342770,CONTROL,0,0,0,,train,0,,,,4;5;6
6342904,CONTROL,0,0,0,,train,0,,,,4;5;6
6343402,CONTROL,0,0,0,,train,0,,,,4;5;6
6343492,CONTROL,0,0,0,,train,0,,,,4;5;6
6344431,CONTROL,0,0,0,,train,0,,,,4;5;6
6344785,CONTROL,0,0,0,,train,0,,,,4;5;6
6345913,CONTROL,0,0,0,,train,0,,,,4;5;6
6347059,CONTROL,0,0,0,,train,0,,,,4;5;6
6362163,CONTROL,0,0,0,,train,0,,,,4;5;6
6366770,CONTROL,0,0,0,,train,0,,,,4;5;6
6368841,CONTROL,0,0,0,,train,0,,,,4;5;6
6369071,CONTROL,0,0,0,,train,0,,,,4;5;6
6370155,CONTROL,0,0,0,,train,0,,,,4;5;6
6371589,CONTROL,0,0,0,,train,0,,,,4;5;6
6372030,CONTROL,0,0,0,,train,0,,,,4;5;6
6373036,CONTROL,0,0,0,,train,0,,,,4;5;6
6385086,CONTROL,0,0,0,,train,0,,,,4;5;6
6385953,CONTROL,0,0,0,,train,0,,,,4;5;6
6389682,CONTROL,0,0,0,,train,0,,,,4;5;6
6424011,CONTROL,0,0,0,,train,0,,,,4;5;6
6424340,CONTROL,0,0,0,,train,0,,,,4;5;6
6424709,CONTROL,0,0,0,,train,0,,,,4;5;6
6428884,CONTROL,0,0,0,,train,0,,,,4;5;6
6436040,CONTROL,0,0,0,,train,0,,,,4;5;6
6437304,CONTROL,0,0,0,,train,0,,,,4;5;6
6441589,CONTROL,0,0,0,,train,0,,,,4;5;6
6441664,CONTROL,0,0,0,,train,0,,,,4;5;6
6444450,CONTROL,0,0,0,,train,0,,,,4;5;6
6444579,CONTROL,0,0,0,,train,0,,,,4;5;6
6445052,CONTROL,0,0,0,,train,0,,,,4;5;6
6448607,CONTROL,0,0,0,,train,0,,,,4;5;6
6451717,CONTROL,0,0,0,,train,0,,,,4;5;6
6452015,CONTROL,0,0,0,,train,0,,,,4;5;6
6452163,CONTROL,0,0,0,,train,0,,,,4;5;6
6508629,CONTROL,0,0,0,,train,0,,,,4;5;6
6509590,CONTROL,0,0,0,,train,0,,,,4;5;6
6515169,CONTROL,0,0,0,,train,0,,,,4;5;6
6516101,CONTROL,0,0,0,,train,0,,,,4;5;6
6516883,CONTROL,0,0,0,,train,0,,,,4;5;6
6521976,CONTROL,0,0,0,,train,0,,,,4;5;6
6527366,CONTROL,0,0,0,,train,0,,,,4;5;6
6528113,CONTROL,0,0,0,,train,0,,,,4;5;6
6528303,CONTROL,0,0,0,,train,0,,,,4;5;6
6528567,CONTROL,0,0,0,,train,0,,,,4;5;6
6529621,CONTROL,0,0,0,,train,0,,,,4;5;6
6531816,CONTROL,0,0,0,,train,0,,,,4;5;6
6543891,CONTROL,0,0,0,,train,0,,,,4;5;6
6550003,CONTROL,0,0,0,,train,0,,,,4;5;6
6585263,CONTROL,0,0,0,,train,0,,,,4;5;6
6586651,CONTROL,0,0,0,,train,0,,,,4;5;6
6586925,CONTROL,0,0,0,,train,0,,,,4;5;6
6592998,CONTROL,0,0,0,,train,0,,,,4;5;6
6595263,CONTROL,0,0,0,,train,0,,,,4;5;6
6603811,CONTROL,0,0,0,,train,0,,,,4;5;6
6605178,CONTROL,0,0,0,,train,0,,,,4;5;6
6605272,CONTROL,0,0,0,,train,0,,,,4;5;6
6606183,CONTROL,0,0,0,,train,0,,,,4;5;6
6606186,CONTROL,0,0,0,,train,0,,,,4;5;6
6606616,CONTROL,0,0,0,,train,0,,,,4;5;6
6610659,CONTROL,0,0,0,,train,0,,,,4;5;6
6611515,CONTROL,0,0,0,,train,0,,,,4;5;6
6614482,CONTROL,0,0,0,,train,0,,,,4;5;6
6615918,CONTROL,0,0,0,,train,0,,,,4;5;6
6616052,CONTROL,0,0,0,,train,0,,,,4;5;6
6619631,CONTROL,0,0,0,,train,0,,,,4;5;6
6629449,CONTROL,0,0,0,,train,0,,,,4;5;6
6635378,CONTROL,0,0,0,,train,0,,,,4;5;6
6669922,CONTROL,0,0,0,,train,0,,,,4;5;6
6672338,CONTROL,0,0,0,,train,0,,,,4;5;6
6679047,CONTROL,0,0,0,,train,0,,,,4;5;6
6688710,CONTROL,0,0,0,,train,0,,,,4;5;6
6689133,CONTROL,0,0,0,,train,0,,,,4;5;6
6689260,CONTROL,0,0,0,,train,0,,,,4;5;6
6691648,CONTROL,0,0,0,,train,0,,,,4;5;6
6693678,CONTROL,0,0,0,,train,0,,,,4;5;6
6695465,CONTROL,0,0,0,,train,0,,,,4;5;6
6698285,CONTROL,0,0,0,,train,0,,,,4;5;6
6698581,CONTROL,0,0,0,,train,0,,,,4;5;6
6699984,CONTROL,0,0,0,,train,0,,,,4;5;6
6701617,CONTROL,0,0,0,,train,0,,,,4;5;6
6705000,CONTROL,0,0,0,,train,0,,,,4;5;6
6705716,CONTROL,0,0,0,,train,0,,,,4;5;6
6706875,CONTROL,0,0,0,,train,0,,,,4;5;6
6707390,CONTROL,0,0,0,,train,0,,,,4;5;6
6753353,CONTROL,0,0,0,,train,0,,,,4;5;6
6759187,CONTROL,0,0,0,,train,0,,,,4;5;6
6768260,CONTROL,0,0,0,,train,0,,,,4;5;6
6773830,CONTROL,0,0,0,,train,0,,,,4;5;6
6775649,CONTROL,0,0,0,,train,0,,,,4;5;6
6777355,CONTROL,0,0,0,,train,0,,,,4;5;6
6782360,CONTROL,0,0,0,,train,0,,,,4;5;6
6785401,CONTROL,0,0,0,,train,0,,,,4;5;6
6791808,CONTROL,0,0,0,,train,0,,,,4;5;6
6836244,CONTROL,0,0,0,,train,0,,,,4;5;6
6836822,CONTROL,0,0,0,,train,0,,,,4;5;6
6837998,CONTROL,0,0,0,,train,0,,,,4;5;6
6841845,CONTROL,0,0,0,,train,0,,,,4;5;6
6847627,CONTROL,0,0,0,,train,0,,,,4;5;6
6848180,CONTROL,0,0,0,,train,0,,,,4;5;6
6848496,CONTROL,0,0,0,,train,0,,,,4;5;6
6851483,CONTROL,0,0,0,,train,0,,,,4;5;6
6851776,CONTROL,0,0,0,,train,0,,,,4;5;6
6852891,CONTROL,0,0,0,,train,0,,,,4;5;6
6852966,CONTROL,0,0,0,,train,0,,,,4;5;6
6859664,CONTROL,0,0,0,,train,0,,,,4;5;6
6859666,CONTROL,0,0,0,,train,0,,,,4;5;6
6862368,CONTROL,0,0,0,,train,0,,,,4;5;6
6863041,CONTROL,0,0,0,,train,0,,,,4;5;6
6865754,CONTROL,0,0,0,,train,0,,,,4;5;6
6868763,CONTROL,0,0,0,,train,0,,,,4;5;6
6869424,CONTROL,0,0,0,,train,0,,,,4;5;6
6877045,CONTROL,0,0,0,,train,0,,,,4;5;6
6878647,CONTROL,0,0,0,,train,0,,,,4;5;6
6880069,CONTROL,0,0,0,,train,0,,,,4;5;6
6880295,CONTROL,0,0,0,,train,0,,,,4;5;6
6880302,CONTROL,0,0,0,,train,0,,,,4;5;6
6921738,CONTROL,0,0,0,,train,0,,,,4;5;6
6922510,CONTROL,0,0,0,,train,0,,,,4;5;6
6925381,CONTROL,0,0,0,,train,0,,,,4;5;6
6935765,CONTROL,0,0,0,,train,0,,,,4;5;6
6935925,CONTROL,0,0,0,,train,0,,,,4;5;6
6936471,CONTROL,0,0,0,,train,0,,,,4;5;6
6936860,CONTROL,0,0,0,,train,0,,,,4;5;6
6938299,CONTROL,0,0,0,,train,0,,,,4;5;6
6938393,CONTROL,0,0,0,,train,0,,,,4;5;6
6938958,CONTROL,0,0,0,,train,0,,,,4;5;6
6939336,CONTROL,0,0,0,,train,0,,,,4;5;6
6946702,CONTROL,0,0,0,,train,0,,,,4;5;6
6949873,CONTROL,0,0,0,,train,0,,,,4;5;6
6951578,CONTROL,0,0,0,,train,0,,,,4;5;6
6953085,CONTROL,0,0,0,,train,0,,,,4;5;6
6953188,CONTROL,0,0,0,,train,0,,,,4;5;6
6954897,CONTROL,0,0,0,,train,0,,,,4;5;6
6957287,CONTROL,0,0,0,,train,0,,,,4;5;6
6962138,CONTROL,0,0,0,,train,0,,,,4;5;6
6964223,CONTROL,0,0,0,,train,0,,,,4;5;6
6966380,CONTROL,0,0,0,,train,0,,,,4;5;6
6975885,CONTROL,0,0,0,,train,0,,,,4;5;6
6976975,CONTROL,0,0,0,,train,0,,,,4;5;6
7008355,CONTROL,0,0,0,,train,0,,,,4;5;6
7008602,CONTROL,0,0,0,,train,0,,,,4;5;6
7009817,CONTROL,0,0,0,,train,0,,,,4;5;6
7010441,CONTROL,0,0,0,,train,0,,,,4;5;6
7020278,CONTROL,0,0,0,,train,0,,,,4;5;6
7022661,CONTROL,0,0,0,,train,0,,,,4;5;6
7024249,CONTROL,0,0,0,,train,0,,,,4;5;6
7031027,CONTROL,0,0,0,,train,0,,,,4;5;6
7037042,CONTROL,0,0,0,,train,0,,,,4;5;6
7037993,CONTROL,0,0,0,,train,0,,,,4;5;6
7038784,CONTROL,0,0,0,,train,0,,,,4;5;6
7038920,CONTROL,0,0,0,,train,0,,,,4;5;6
7039125,CONTROL,0,0,0,,train,0,,,,4;5;6
7039200,CONTROL,0,0,0,,train,0,,,,4;5;6
7053238,CONTROL,0,0,0,,train,0,,,,4;5;6
7090649,CONTROL,0,0,0,,train,0,,,,4;5;6
7092111,CONTROL,0,0,0,,train,0,,,,4;5;6
7092694,CONTROL,0,0,0,,train,0,,,,4;5;6
7098371,CONTROL,0,0,0,,train,0,,,,4;5;6
7101990,CONTROL,0,0,0,,train,0,,,,4;5;6
7102661,CONTROL,0,0,0,,train,0,,,,4;5;6
7103351,CONTROL,0,0,0,,train,0,,,,4;5;6
7108222,CONTROL,0,0,0,,train,0,,,,4;5;6
7109107,CONTROL,0,0,0,,train,0,,,,4;5;6
7109955,CONTROL,0,0,0,,train,0,,,,4;5;6
7120789,CONTROL,0,0,0,,train,0,,,,4;5;6
7124707,CONTROL,0,0,0,,train,0,,,,4;5;6
7125794,CONTROL,0,0,0,,train,0,,,,4;5;6
7130307,CONTROL,0,0,0,,train,0,,,,4;5;6
7130471,CONTROL,0,0,0,,train,0,,,,4;5;6
7132155,CONTROL,0,0,0,,train,0,,,,4;5;6
7134424,CONTROL,0,0,0,,train,0,,,,4;5;6
7135651,CONTROL,0,0,0,,train,0,,,,4;5;6
7175204,CONTROL,0,0,0,,train,0,,,,4;5;6
7184143,CONTROL,0,0,0,,train,0,,,,4;5;6
7185973,CONTROL,0,0,0,,train,0,,,,4;5;6
7186059,CONTROL,0,0,0,,train,0,,,,4;5;6
7192866,CONTROL,0,0,0,,train,0,,,,4;5;6
7200833,CONTROL,0,0,0,,train,0,,,,4;5;6
7200910,CONTROL,0,0,0,,train,0,,,,4;5;6
7201771,CONTROL,0,0,0,,train,0,,,,4;5;6
7202003,CONTROL,0,0,0,,train,0,,,,4;5;6
7202784,CONTROL,0,0,0,,train,0,,,,4;5;6
7203267,CONTROL,0,0,0,,train,0,,,,4;5;6
7207394,CONTROL,0,0,0,,train,0,,,,4;5;6
7207953,CONTROL,0,0,0,,train,0,,,,4;5;6
7211156,CONTROL,0,0,0,,train,0,,,,4;5;6
7212263,CONTROL,0,0,0,,train,0,,,,4;5;6
7213282,CONTROL,0,0,0,,train,0,,,,4;5;6
7221541,CONTROL,0,0,0,,train,0,,,,4;5;6
7257241,CONTROL,0,0,0,,train,0,,,,4;5;6
7267121,CONTROL,0,0,0,,train,0,,,,4;5;6
7267385,CONTROL,0,0,0,,train,0,,,,4;5;6
7267593,CONTROL,0,0,0,,train,0,,,,4;5;6
7268863,CONTROL,0,0,0,,train,0,,,,4;5;6
7270548,CONTROL,0,0,0,,train,0,,,,4;5;6
7271552,CONTROL,0,0,0,,train,0,,,,4;5;6
7273202,CONTROL,0,0,0,,train,0,,,,4;5;6
7281230,CONTROL,0,0,0,,train,0,,,,4;5;6
7282933,CONTROL,0,0,0,,train,0,,,,4;5;6
7282941,CONTROL,0,0,0,,train,0,,,,4;5;6
7283897,CONTROL,0,0,0,,train,0,,,,4;5;6
7289416,CONTROL,0,0,0,,train,0,,,,4;5;6
7293547,CONTROL,0,0,0,,train,0,,,,4;5;6
7335875,CONTROL,0,0,0,,train,0,,,,4;5;6
7335990,CONTROL,0,0,0,,train,0,,,,4;5;6
7336414,CONTROL,0,0,0,,train,0,,,,4;5;6
7347076,CONTROL,0,0,0,,train,0,,,,4;5;6
7353062,CONTROL,0,0,0,,train,0,,,,4;5;6
7353256,CONTROL,0,0,0,,train,0,,,,4;5;6
7354508,CONTROL,0,0,0,,train,0,,,,4;5;6
7363339,CONTROL,0,0,0,,train,0,,,,4;5;6
7364520,CONTROL,0,0,0,,train,0,,,,4;5;6
7365257,CONTROL,0,0,0,,train,0,,,,4;5;6
7366775,CONTROL,0,0,0,,train,0,,,,4;5;6
7367267,CONTROL,0,0,0,,train,0,,,,4;5;6
7377288,CONTROL,0,0,0,,train,0,,,,4;5;6
7385225,CONTROL,0,0,0,,train,0,,,,4;5;6
7417056,CONTROL,0,0,0,,train,0,,,,4;5;6
7417498,CONTROL,0,0,0,,train,0,,,,4;5;6
7422626,CONTROL,0,0,0,,train,0,,,,4;5;6
7426796,CONTROL,0,0,0,,train,0,,,,4;5;6
7427148,CONTROL,0,0,0,,train,0,,,,4;5;6
7431012,CONTROL,0,0,0,,train,0,,,,4;5;6
7433548,CONTROL,0,0,0,,train,0,,,,4;5;6
7436299,CONTROL,0,0,0,,train,0,,,,4;5;6
7447195,CONTROL,0,0,0,,train,0,,,,4;5;6
7448445,CONTROL,0,0,0,,train,0,,,,4;5;6
7451587,CONTROL,0,0,0,,train,0,,,,4;5;6
7459783,CONTROL,0,0,0,,train,0,,,,4;5;6
7460370,CONTROL,0,0,0,,train,0,,,,4;5;6
7465043,CONTROL,0,0,0,,train,0,,,,4;5;6
7465924,CONTROL,0,0,0,,train,0,,,,4;5;6
7504614,CONTROL,0,0,0,,train,0,,,,4;5;6
7505435,CONTROL,0,0,0,,train,0,,,,4;5;6
7511253,CONTROL,0,0,0,,train,0,,,,4;5;6
7512128,CONTROL,0,0,0,,train,0,,,,4;5;6
7514442,CONTROL,0,0,0,,train,0,,,,4;5;6
7515928,CONTROL,0,0,0,,train,0,,,,4;5;6
7518436,CONTROL,0,0,0,,train,0,,,,4;5;6
7528832,CONTROL,0,0,0,,train,0,,,,4;5;6
7530088,CONTROL,0,0,0,,train,0,,,,4;5;6
7532531,CONTROL,0,0,0,,train,0,,,,4;5;6
7534585,CONTROL,0,0,0,,train,0,,,,4;5;6
7538130,CONTROL,0,0,0,,train,0,,,,4;5;6
7538921,CONTROL,0,0,0,,train,0,,,,4;5;6
7539013,CONTROL,0,0,0,,train,0,,,,4;5;6
7548049,CONTROL,0,0,0,,train,0,,,,4;5;6
7586129,CONTROL,0,0,0,,train,0,,,,4;5;6
7586560,CONTROL,0,0,0,,train,0,,,,4;5;6
7588209,CONTROL,0,0,0,,train,0,,,,4;5;6
7591757,CONTROL,0,0,0,,train,0,,,,4;5;6
7592010,CONTROL,0,0,0,,train,0,,,,4;5;6
7593789,CONTROL,0,0,0,,train,0,,,,4;5;6
7603230,CONTROL,0,0,0,,train,0,,,,4;5;6
7603703,CONTROL,0,0,0,,train,0,,,,4;5;6
7611401,CONTROL,0,0,0,,train,0,,,,4;5;6
7612720,CONTROL,0,0,0,,train,0,,,,4;5;6
7616834,CONTROL,0,0,0,,train,0,,,,4;5;6
7619542,CONTROL,0,0,0,,train,0,,,,4;5;6
7620991,CONTROL,0,0,0,,train,0,,,,4;5;6
7626946,CONTROL,0,0,0,,train,0,,,,4;5;6
7627098,CONTROL,0,0,0,,train,0,,,,4;5;6
7628256,CONTROL,0,0,0,,train,0,,,,4;5;6
7659944,CONTROL,0,0,0,,train,0,,,,4;5;6
7660390,CONTROL,0,0,0,,train,0,,,,4;5;6
7660548,CONTROL,0,0,0,,train,0,,,,4;5;6
7661117,CONTROL,0,0,0,,train,0,,,,4;5;6
7662865,CONTROL,0,0,0,,train,0,,,,4;5;6
7671568,CONTROL,0,0,0,,train,0,,,,4;5;6
7672881,CONTROL,0,0,0,,train,0,,,,4;5;6
7673891,CONTROL,0,0,0,,train,0,,,,4;5;6
7680651,CONTROL,0,0,0,,train,0,,,,4;5;6
7684473,CONTROL,0,0,0,,train,0,,,,4;5;6
7686342,CONTROL,0,0,0,,train,0,,,,4;5;6
7687040,CONTROL,0,0,0,,train,0,,,,4;5;6
7687703,CONTROL,0,0,0,,train,0,,,,4;5;6
7693642,CONTROL,0,0,0,,train,0,,,,4;5;6
7694211,CONTROL,0,0,0,,train,0,,,,4;5;6
7694707,CONTROL,0,0,0,,train,0,,,,4;5;6
7695344,CONTROL,0,0,0,,train,0,,,,4;5;6
7696934,CONTROL,0,0,0,,train,0,,,,4;5;6
7696982,CONTROL,0,0,0,,train,0,,,,4;5;6
7698304,CONTROL,0,0,0,,train,0,,,,4;5;6
7698824,CONTROL,0,0,0,,train,0,,,,4;5;6
7709111,CONTROL,0,0,0,,train,0,,,,4;5;6
7729248,CONTROL,0,0,0,,train,0,,,,4;5;6
7730885,CONTROL,0,0,0,,train,0,,,,4;5;6
7731429,CONTROL,0,0,0,,train,0,,,,4;5;6
7733817,CONTROL,0,0,0,,train,0,,,,4;5;6
7735266,CONTROL,0,0,0,,train,0,,,,4;5;6
7738708,CONTROL,0,0,0,,train,0,,,,4;5;6
7738973,CONTROL,0,0,0,,train,0,,,,4;5;6
7739672,CONTROL,0,0,0,,train,0,,,,4;5;6
7746790,CONTROL,0,0,0,,train,0,,,,4;5;6
7748892,CONTROL,0,0,0,,train,0,,,,4;5;6
7749366,CONTROL,0,0,0,,train,0,,,,4;5;6
7750500,CONTROL,0,0,0,,train,0,,,,4;5;6
7750686,CONTROL,0,0,0,,train,0,,,,4;5;6
7750757,CONTROL,0,0,0,,train,0,,,,4;5;6
7751705,CONTROL,0,0,0,,train,0,,,,4;5;6
7758107,CONTROL,0,0,0,,train,0,,,,4;5;6
7760895,CONTROL,0,0,0,,train,0,,,,4;5;6
7762669,CONTROL,0,0,0,,train,0,,,,4;5;6
7764631,CONTROL,0,0,0,,train,0,,,,4;5;6
7770055,CONTROL,0,0,0,,train,0,,,,4;5;6
7777802,CONTROL,0,0,0,,train,0,,,,4;5;6
7779277,CONTROL,0,0,0,,train,0,,,,4;5;6
7797740,CONTROL,0,0,0,,train,0,,,,4;5;6
7798117,CONTROL,0,0,0,,train,0,,,,4;5;6
7799951,CONTROL,0,0,0,,train,0,,,,4;5;6
7801569,CONTROL,0,0,0,,train,0,,,,4;5;6
7802106,CONTROL,0,0,0,,train,0,,,,4;5;6
7809108,CONTROL,0,0,0,,train,0,,,,4;5;6
7809825,CONTROL,0,0,0,,train,0,,,,4;5;6
7811847,CONTROL,0,0,0,,train,0,,,,4;5;6
7817811,CONTROL,0,0,0,,train,0,,,,4;5;6
7819696,CONTROL,0,0,0,,train,0,,,,4;5;6
7832376,CONTROL,0,0,0,,train,0,,,,4;5;6
7832484,CONTROL,0,0,0,,train,0,,,,4;5;6
7833157,CONTROL,0,0,0,,train,0,,,,4;5;6
7834941,CONTROL,0,0,0,,train,0,,,,4;5;6
7835372,CONTROL,0,0,0,,train,0,,,,4;5;6
7836534,CONTROL,0,0,0,,train,0,,,,4;5;6
7842819,CONTROL,0,0,0,,train,0,,,,4;5;6
7872773,CONTROL,0,0,0,,train,0,,,,4;5;6
7878402,CONTROL,0,0,0,,train,0,,,,4;5;6
7880246,CONTROL,0,0,0,,train,0,,,,4;5;6
7880435,CONTROL,0,0,0,,train,0,,,,4;5;6
7882153,CONTROL,0,0,0,,train,0,,,,4;5;6
7884744,CONTROL,0,0,0,,train,0,,,,4;5;6
7886677,CONTROL,0,0,0,,train,0,,,,4;5;6
7891055,CONTROL,0,0,0,,train,0,,,,4;5;6
7891526,CONTROL,0,0,0,,train,0,,,,4;5;6
7901592,CONTROL,0,0,0,,train,0,,,,4;5;6
7902000,CONTROL,0,0,0,,train,0,,,,4;5;6
7902676,CONTROL,0,0,0,,train,0,,,,4;5;6
7903373,CONTROL,0,0,0,,train,0,,,,4;5;6
7905597,CONTROL,0,0,0,,train,0,,,,4;5;6
7908114,CONTROL,0,0,0,,train,0,,,,4;5;6
7914699,CONTROL,0,0,0,,train,0,,,,4;5;6
7915240,CONTROL,0,0,0,,train,0,,,,4;5;6
7916332,CONTROL,0,0,0,,train,0,,,,4;5;6
7916392,CONTROL,0,0,0,,train,0,,,,4;5;6
7936610,CONTROL,0,0,0,,train,0,,,,4;5;6
7937156,CONTROL,0,0,0,,train,0,,,,4;5;6
7937631,CONTROL,0,0,0,,train,0,,,,4;5;6
7944463,CONTROL,0,0,0,,train,0,,,,4;5;6
7944721,CONTROL,0,0,0,,train,0,,,,4;5;6
7948713,CONTROL,0,0,0,,train,0,,,,4;5;6
7949846,CONTROL,0,0,0,,train,0,,,,4;5;6
7953762,CONTROL,0,0,0,,train,0,,,,4;5;6
7955825,CONTROL,0,0,0,,train,0,,,,4;5;6
7956397,CONTROL,0,0,0,,train,0,,,,4;5;6
7956741,CONTROL,0,0,0,,train,0,,,,4;5;6
7958146,CONTROL,0,0,0,,train,0,,,,4;5;6
7958647,CONTROL,0,0,0,,train,0,,,,4;5;6
7960436,CONTROL,0,0,0,,train,0,,,,4;5;6
7967253,CONTROL,0,0,0,,train,0,,,,4;5;6
7967805,CONTROL,0,0,0,,train,0,,,,4;5;6
7969813,CONTROL,0,0,0,,train,0,,,,4;5;6
7971238,CONTROL,0,0,0,,train,0,,,,4;5;6
7974471,CONTROL,0,0,0,,train,0,,,,4;5;6
7974537,CONTROL,0,0,0,,train,0,,,,4;5;6
7977268,CONTROL,0,0,0,,train,0,,,,4;5;6
7983304,CONTROL,0,0,0,,train,0,,,,4;5;6
7984859,CONTROL,0,0,0,,train,0,,,,4;5;6
7988039,CONTROL,0,0,0,,train,0,,,,4;5;6
8005874,CONTROL,0,0,0,,train,0,,,,4;5;6
8008451,CONTROL,0,0,0,,train,0,,,,4;5;6
8008800,CONTROL,0,0,0,,train,0,,,,4;5;6
8009507,CONTROL,0,0,0,,train,0,,,,4;5;6
8009582,CONTROL,0,0,0,,train,0,,,,4;5;6
8016256,CONTROL,0,0,0,,train,0,,,,4;5;6
8022039,CONTROL,0,0,0,,train,0,,,,4;5;6
8025005,CONTROL,0,0,0,,train,0,,,,4;5;6
8025383,CONTROL,0,0,0,,train,0,,,,4;5;6
8027320,CONTROL,0,0,0,,train,0,,,,4;5;6
8039501,CONTROL,0,0,0,,train,0,,,,4;5;6
8039697,CONTROL,0,0,0,,train,0,,,,4;5;6
8042131,CONTROL,0,0,0,,train,0,,,,4;5;6
8045716,CONTROL,0,0,0,,train,0,,,,4;5;6
8046894,CONTROL,0,0,0,,train,0,,,,4;5;6
8074177,CONTROL,0,0,0,,train,0,,,,4;5;6
8074183,CONTROL,0,0,0,,train,0,,,,4;5;6
8074386,CONTROL,0,0,0,,train,0,,,,4;5;6
8085998,CONTROL,0,0,0,,train,0,,,,4;5;6
8086097,CONTROL,0,0,0,,train,0,,,,4;5;6
8086885,CONTROL,0,0,0,,train,0,,,,4;5;6
8087251,CONTROL,0,0,0,,train,0,,,,4;5;6
8087459,CONTROL,0,0,0,,train,0,,,,4;5;6
8088189,CONTROL,0,0,0,,train,0,,,,4;5;6
8091977,CONTROL,0,0,0,,train,0,,,,4;5;6
8096197,CONTROL,0,0,0,,train,0,,,,4;5;6
8099023,CONTROL,0,0,0,,train,0,,,,4;5;6
8109066,CONTROL,0,0,0,,train,0,,,,4;5;6
8110026,CONTROL,0,0,0,,train,0,,,,4;5;6
8110538,CONTROL,0,0,0,,train,0,,,,4;5;6
8111716,CONTROL,0,0,0,,train,0,,,,4;5;6
8115260,CONTROL,0,0,0,,train,0,,,,4;5;6
8123541,CONTROL,0,0,0,,train,0,,,,4;5;6
8123934,CONTROL,0,0,0,,train,0,,,,4;5;6
8143717,CONTROL,0,0,0,,train,0,,,,4;5;6
8146040,CONTROL,0,0,0,,train,0,,,,4;5;6
8146462,CONTROL,0,0,0,,train,0,,,,4;5;6
8148786,CONTROL,0,0,0,,train,0,,,,4;5;6
8149106,CONTROL,0,0,0,,train,0,,,,4;5;6
8149336,CONTROL,0,0,0,,train,0,,,,4;5;6
8151174,CONTROL,0,0,0,,train,0,,,,4;5;6
8153154,CONTROL,0,0,0,,train,0,,,,4;5;6
8153951,CONTROL,0,0,0,,train,0,,,,4;5;6
8154017,CONTROL,0,0,0,,train,0,,,,4;5;6
8159075,CONTROL,0,0,0,,train,0,,,,4;5;6
8160627,CONTROL,0,0,0,,train,0,,,,4;5;6
8160963,CONTROL,0,0,0,,train,0,,,,4;5;6
8163873,CONTROL,0,0,0,,train,0,,,,4;5;6
8164865,CONTROL,0,0,0,,train,0,,,,4;5;6
8167653,CONTROL,0,0,0,,train,0,,,,4;5;6
8168054,CONTROL,0,0,0,,train,0,,,,4;5;6
8172497,CONTROL,0,0,0,,train,0,,,,4;5;6
8172690,CONTROL,0,0,0,,train,0,,,,4;5;6
8174874,CONTROL,0,0,0,,train,0,,,,4;5;6
8176077,CONTROL,0,0,0,,train,0,,,,4;5;6
8178472,CONTROL,0,0,0,,train,0,,,,4;5;6
8178906,CONTROL,0,0,0,,train,0,,,,4;5;6
8179404,CONTROL,0,0,0,,train,0,,,,4;5;6
8180427,CONTROL,0,0,0,,train,0,,,,4;5;6
8182224,CONTROL,0,0,0,,train,0,,,,4;5;6
8182830,CONTROL,0,0,0,,train,0,,,,4;5;6
8189438,CONTROL,0,0,0,,train,0,,,,4;5;6
8197866,CONTROL,0,0,0,,train,0,,,,4;5;6
8219065,CONTROL,0,0,0,,train,0,,,,4;5;6
8223645,CONTROL,0,0,0,,train,0,,,,4;5;6
8223880,CONTROL,0,0,0,,train,0,,,,4;5;6
8225819,CONTROL,0,0,0,,train,0,,,,4;5;6
8225962,CONTROL,0,0,0,,train,0,,,,4;5;6
8230345,CONTROL,0,0,0,,train,0,,,,4;5;6
8231053,CONTROL,0,0,0,,train,0,,,,4;5;6
8231493,CONTROL,0,0,0,,train,0,,,,4;5;6
8232306,CONTROL,0,0,0,,train,0,,,,4;5;6
8233094,CONTROL,0,0,0,,train,0,,,,4;5;6
8233475,CONTROL,0,0,0,,train,0,,,,4;5;6
8235745,CONTROL,0,0,0,,train,0,,,,4;5;6
8246118,CONTROL,0,0,0,,train,0,,,,4;5;6
8246561,CONTROL,0,0,0,,train,0,,,,4;5;6
8246764,CONTROL,0,0,0,,train,0,,,,4;5;6
8250109,CONTROL,0,0,0,,train,0,,,,4;5;6
8256243,CONTROL,0,0,0,,train,0,,,,4;5;6
8262338,CONTROL,0,0,0,,train,0,,,,4;5;6
8263248,CONTROL,0,0,0,,train,0,,,,4;5;6
8263375,CONTROL,0,0,0,,train,0,,,,4;5;6
8265169,CONTROL,0,0,0,,train,0,,,,4;5;6
8279808,CONTROL,0,0,0,,train,0,,,,4;5;6
8283719,CONTROL,0,0,0,,train,0,,,,4;5;6
8283842,CONTROL,0,0,0,,train,0,,,,4;5;6
8284347,CONTROL,0,0,0,,train,0,,,,4;5;6
8284682,CONTROL,0,0,0,,train,0,,,,4;5;6
8291992,CONTROL,0,0,0,,train,0,,,,4;5;6
8291999,CONTROL,0,0,0,,train,0,,,,4;5;6
8293700,CONTROL,0,0,0,,train,0,,,,4;5;6
8294490,CONTROL,0,0,0,,train,0,,,,4;5;6
8296712,CONTROL,0,0,0,,train,0,,,,4;5;6
8297012,CONTROL,0,0,0,,train,0,,,,4;5;6
8298626,CONTROL,0,0,0,,train,0,,,,4;5;6
8300964,CONTROL,0,0,0,,train,0,,,,4;5;6
8308887,CONTROL,0,0,0,,train,0,,,,4;5;6
8328340,CONTROL,0,0,0,,train,0,,,,4;5;6
8328972,CONTROL,0,0,0,,train,0,,,,4;5;6
8330064,CONTROL,0,0,0,,train,0,,,,4;5;6
8330169,CONTROL,0,0,0,,train,0,,,,4;5;6
8331188,CONTROL,0,0,0,,train,0,,,,4;5;6
8333078,CONTROL,0,0,0,,train,0,,,,4;5;6
8344319,CONTROL,0,0,0,,train,0,,,,4;5;6
8346238,CONTROL,0,0,0,,train,0,,,,4;5;6
8346342,CONTROL,0,0,0,,train,0,,,,4;5;6
8349700,CONTROL,0,0,0,,train,0,,,,4;5;6
8350347,CONTROL,0,0,0,,train,0,,,,4;5;6
8351885,CONTROL,0,0,0,,train,0,,,,4;5;6
8354896,CONTROL,0,0,0,,train,0,,,,4;5;6
8360344,CONTROL,0,0,0,,train,0,,,,4;5;6
8363396,CONTROL,0,0,0,,train,0,,,,4;5;6
8363992,CONTROL,0,0,0,,train,0,,,,4;5;6
8364390,CONTROL,0,0,0,,train,0,,,,4;5;6
8366262,CONTROL,0,0,0,,train,0,,,,4;5;6
8385813,CONTROL,0,0,0,,train,0,,,,4;5;6
8389819,CONTROL,0,0,0,,train,0,,,,4;5;6
8393504,CONTROL,0,0,0,,train,0,,,,4;5;6
8394778,CONTROL,0,0,0,,train,0,,,,4;5;6
8395387,CONTROL,0,0,0,,train,0,,,,4;5;6
8396012,CONTROL,0,0,0,,train,0,,,,4;5;6
8396581,CONTROL,0,0,0,,train,0,,,,4;5;6
8398626,CONTROL,0,0,0,,train,0,,,,4;5;6
8408953,CONTROL,0,0,0,,train,0,,,,4;5;6
8411499,CONTROL,0,0,0,,train,0,,,,4;5;6
8414977,CONTROL,0,0,0,,train,0,,,,4;5;6
8416021,CONTROL,0,0,0,,train,0,,,,4;5;6
8417568,CONTROL,0,0,0,,train,0,,,,4;5;6
8418135,CONTROL,0,0,0,,train,0,,,,4;5;6
8426755,CONTROL,0,0,0,,train,0,,,,4;5;6
8431759,CONTROL,0,0,0,,train,0,,,,4;5;6
8432198,CONTROL,0,0,0,,train,0,,,,4;5;6
8432843,CONTROL,0,0,0,,train,0,,,,4;5;6
8439633,CONTROL,0,0,0,,train,0,,,,4;5;6
8444720,CONTROL,0,0,0,,train,0,,,,4;5;6
8452377,CONTROL,0,0,0,,train,0,,,,4;5;6
8454132,CONTROL,0,0,0,,train,0,,,,4;5;6
8456818,CONTROL,0,0,0,,train,0,,,,4;5;6
8458776,CONTROL,0,0,0,,train,0,,,,4;5;6
8458991,CONTROL,0,0,0,,train,0,,,,4;5;6
8476000,CONTROL,0,0,0,,train,0,,,,4;5;6
8480446,CONTROL,0,0,0,,train,0,,,,4;5;6
8488048,CONTROL,0,0,0,,train,0,,,,4;5;6
8490807,CONTROL,0,0,0,,train,0,,,,4;5;6
8490955,CONTROL,0,0,0,,train,0,,,,4;5;6
8491014,CONTROL,0,0,0,,train,0,,,,4;5;6
8492865,CONTROL,0,0,0,,train,0,,,,4;5;6
8496484,CONTROL,0,0,0,,train,0,,,,4;5;6
8508096,CONTROL,0,0,0,,train,0,,,,4;5;6
8508629,CONTROL,0,0,0,,train,0,,,,4;5;6
8516761,CONTROL,0,0,0,,train,0,,,,4;5;6
8518198,CONTROL,0,0,0,,train,0,,,,4;5;6
8524793,CONTROL,0,0,0,,train,0,,,,4;5;6
8525572,CONTROL,0,0,0,,train,0,,,,4;5;6
8540267,CONTROL,0,0,0,,train,0,,,,4;5;6
8540307,CONTROL,0,0,0,,train,0,,,,4;5;6
8540530,CONTROL,0,0,0,,train,0,,,,4;5;6
8543023,CONTROL,0,0,0,,train,0,,,,4;5;6
8543271,CONTROL,0,0,0,,train,0,,,,4;5;6
8543492,CONTROL,0,0,0,,train,0,,,,4;5;6
8544868,CONTROL,0,0,0,,train,0,,,,4;5;6
8547059,CONTROL,0,0,0,,train,0,,,,4;5;6
8552633,CONTROL,0,0,0,,train,0,,,,4;5;6
8552827,CONTROL,0,0,0,,train,0,,,,4;5;6
8552910,CONTROL,0,0,0,,train,0,,,,4;5;6
8553195,CONTROL,0,0,0,,train,0,,,,4;5;6
8554622,CONTROL,0,0,0,,train,0,,,,4;5;6
8556594,CONTROL,0,0,0,,train,0,,,,4;5;6
8560166,CONTROL,0,0,0,,train,0,,,,4;5;6
8564261,CONTROL,0,0,0,,train,0,,,,4;5;6
8566031,CONTROL,0,0,0,,train,0,,,,4;5;6
8569904,CONTROL,0,0,0,,train,0,,,,4;5;6
8571007,CONTROL,0,0,0,,train,0,,,,4;5;6
8574116,CONTROL,0,0,0,,train,0,,,,4;5;6
8574744,CONTROL,0,0,0,,train,0,,,,4;5;6
8574835,CONTROL,0,0,0,,train,0,,,,4;5;6
8579095,CONTROL,0,0,0,,train,0,,,,4;5;6
8581140,CONTROL,0,0,0,,train,0,,,,4;5;6
8583882,CONTROL,0,0,0,,train,0,,,,4;5;6
8586548,CONTROL,0,0,0,,train,0,,,,4;5;6
8589295,CONTROL,0,0,0,,train,0,,,,4;5;6
8590985,CONTROL,0,0,0,,train,0,,,,4;5;6
8591307,CONTROL,0,0,0,,train,0,,,,4;5;6
8603873,CONTROL,0,0,0,,train,0,,,,4;5;6
8605309,CONTROL,0,0,0,,train,0,,,,4;5;6
8608312,CONTROL,0,0,0,,train,0,,,,4;5;6
8609477,CONTROL,0,0,0,,train,0,,,,4;5;6
8609512,CONTROL,0,0,0,,train,0,,,,4;5;6
8612073,CONTROL,0,0,0,,train,0,,,,4;5;6
8617324,CONTROL,0,0,0,,train,0,,,,4;5;6
8618142,CONTROL,0,0,0,,train,0,,,,4;5;6
8623527,CONTROL,0,0,0,,train,0,,,,4;5;6
8624034,CONTROL,0,0,0,,train,0,,,,4;5;6
8630330,CONTROL,0,0,0,,train,0,,,,4;5;6
8630930,CONTROL,0,0,0,,train,0,,,,4;5;6
8638105,CONTROL,0,0,0,,train,0,,,,4;5;6
8639245,CONTROL,0,0,0,,train,0,,,,4;5;6
8675428,CONTROL,0,0,0,,train,0,,,,4;5;6
8676029,CONTROL,0,0,0,,train,0,,,,4;5;6
8676094,CONTROL,0,0,0,,train,0,,,,4;5;6
8677179,CONTROL,0,0,0,,train,0,,,,4;5;6
8682015,CONTROL,0,0,0,,train,0,,,,4;5;6
8683589,CONTROL,0,0,0,,train,0,,,,4;5;6
8696237,CONTROL,0,0,0,,train,0,,,,4;5;6
8702253,CONTROL,0,0,0,,train,0,,,,4;5;6
8702647,CONTROL,0,0,0,,train,0,,,,4;5;6
8702853,CONTROL,0,0,0,,train,0,,,,4;5;6
8710240,CONTROL,0,0,0,,train,0,,,,4;5;6
8716187,CONTROL,0,0,0,,train,0,,,,4;5;6
8719164,CONTROL,0,0,0,,train,0,,,,4;5;6
8736923,CONTROL,0,0,0,,train,0,,,,4;5;6
8737700,CONTROL,0,0,0,,train,0,,,,4;5;6
8738140,CONTROL,0,0,0,,train,0,,,,4;5;6
8743111,CONTROL,0,0,0,,train,0,,,,4;5;6
8743274,CONTROL,0,0,0,,train,0,,,,4;5;6
8747756,CONTROL,0,0,0,,train,0,,,,4;5;6
8747763,CONTROL,0,0,0,,train,0,,,,4;5;6
8754390,CONTROL,0,0,0,,train,0,,,,4;5;6
8772390,CONTROL,0,0,0,,train,0,,,,4;5;6
8773565,CONTROL,0,0,0,,train,0,,,,4;5;6
8779438,CONTROL,0,0,0,,train,0,,,,4;5;6
8780122,CONTROL,0,0,0,,train,0,,,,4;5;6
8784219,CONTROL,0,0,0,,train,0,,,,4;5;6
8802973,CONTROL,0,0,0,,train,0,,,,4;5;6
8806397,CONTROL,0,0,0,,train,0,,,,4;5;6
8806846,CONTROL,0,0,0,,train,0,,,,4;5;6
8812772,CONTROL,0,0,0,,train,0,,,,4;5;6
8814123,CONTROL,0,0,0,,train,0,,,,4;5;6
8816309,CONTROL,0,0,0,,train,0,,,,4;5;6
8817046,CONTROL,0,0,0,,train,0,,,,4;5;6
8817926,CONTROL,0,0,0,,train,0,,,,4;5;6
8825477,CONTROL,0,0,0,,train,0,,,,4;5;6
8827531,CONTROL,0,0,0,,train,0,,,,4;5;6
8837812,CONTROL,0,0,0,,train,0,,,,4;5;6
8845522,CONTROL,0,0,0,,train,0,,,,4;5;6
8863673,CONTROL,0,0,0,,train,0,,,,4;5;6
8868074,CONTROL,0,0,0,,train,0,,,,4;5;6
8872493,CONTROL,0,0,0,,train,0,,,,4;5;6
8872764,CONTROL,0,0,0,,train,0,,,,4;5;6
8873632,CONTROL,0,0,0,,train,0,,,,4;5;6
8878564,CONTROL,0,0,0,,train,0,,,,4;5;6
8885058,CONTROL,0,0,0,,train,0,,,,4;5;6
8888434,CONTROL,0,0,0,,train,0,,,,4;5;6
8888543,CONTROL,0,0,0,,train,0,,,,4;5;6
8890204,CONTROL,0,0,0,,train,0,,,,4;5;6
8890396,CONTROL,0,0,0,,train,0,,,,4;5;6
8894479,CONTROL,0,0,0,,train,0,,,,4;5;6
8895232,CONTROL,0,0,0,,train,0,,,,4;5;6
8907943,CONTROL,0,0,0,,train,0,,,,4;5;6
8933790,CONTROL,0,0,0,,train,0,,,,4;5;6
8934111,CONTROL,0,0,0,,train,0,,,,4;5;6
8934859,CONTROL,0,0,0,,train,0,,,,4;5;6
8935697,CONTROL,0,0,0,,train,0,,,,4;5;6
8936312,CONTROL,0,0,0,,train,0,,,,4;5;6
8936388,CONTROL,0,0,0,,train,0,,,,4;5;6
8936624,CONTROL,0,0,0,,train,0,,,,4;5;6
8937583,CONTROL,0,0,0,,train,0,,,,4;5;6
8938882,CONTROL,0,0,0,,train,0,,,,4;5;6
8948704,CONTROL,0,0,0,,train,0,,,,4;5;6
8960242,CONTROL,0,0,0,,train,0,,,,4;5;6
8961682,CONTROL,0,0,0,,train,0,,,,4;5;6
8962426,CONTROL,0,0,0,,train,0,,,,4;5;6
8962702,CONTROL,0,0,0,,train,0,,,,4;5;6
8971646,CONTROL,0,0,0,,train,0,,,,4;5;6
8981889,CONTROL,0,0,0,,train,0,,,,4;5;6
9009486,CONTROL,0,0,0,,train,0,,,,4;5;6
9009769,CONTROL,0,0,0,,train,0,,,,4;5;6
9024906,CONTROL,0,0,0,,train,0,,,,4;5;6
9026550,CONTROL,0,0,0,,train,0,,,,4;5;6
9027333,CONTROL,0,0,0,,train,0,,,,4;5;6
9029518,CONTROL,0,0,0,,train,0,,,,4;5;6
9048239,CONTROL,0,0,0,,train,0,,,,4;5;6
9052612,CONTROL,0,0,0,,train,0,,,,4;5;6
9073549,CONTROL,0,0,0,,train,0,,,,4;5;6
9074694,CONTROL,0,0,0,,train,0,,,,4;5;6
9076412,CONTROL,0,0,0,,train,0,,,,4;5;6
9077533,CONTROL,0,0,0,,train,0,,,,4;5;6
9083686,CONTROL,0,0,0,,train,0,,,,4;5;6
9084322,CONTROL,0,0,0,,train,0,,,,4;5;6
9086716,CONTROL,0,0,0,,train,0,,,,4;5;6
9087016,CONTROL,0,0,0,,train,0,,,,4;5;6
9092380,CONTROL,0,0,0,,train,0,,,,4;5;6
9092900,CONTROL,0,0,0,,train,0,,,,4;5;6
9093646,CONTROL,0,0,0,,train,0,,,,4;5;6
9095019,CONTROL,0,0,0,,train,0,,,,4;5;6
9098216,CONTROL,0,0,0,,train,0,,,,4;5;6
9100004,CONTROL,0,0,0,,train,0,,,,4;5;6
9101664,CONTROL,0,0,0,,train,0,,,,4;5;6
9119211,CONTROL,0,0,0,,train,0,,,,4;5;6
9140061,CONTROL,0,0,0,,train,0,,,,4;5;6
9141751,CONTROL,0,0,0,,train,0,,,,4;5;6
9143868,CONTROL,0,0,0,,train,0,,,,4;5;6
9145980,CONTROL,0,0,0,,train,0,,,,4;5;6
9154392,CONTROL,0,0,0,,train,0,,,,4;5;6
9157476,CONTROL,0,0,0,,train,0,,,,4;5;6
9158153,CONTROL,0,0,0,,train,0,,,,4;5;6
9158766,CONTROL,0,0,0,,train,0,,,,4;5;6
9172196,CONTROL,0,0,0,,train,0,,,,4;5;6
9172504,CONTROL,0,0,0,,train,0,,,,4;5;6
9177480,CONTROL,0,0,0,,train,0,,,,4;5;6
9179509,CONTROL,0,0,0,,train,0,,,,4;5;6
9202570,CONTROL,0,0,0,,train,0,,,,4;5;6
9204525,CONTROL,0,0,0,,train,0,,,,4;5;6
9206253,CONTROL,0,0,0,,train,0,,,,4;5;6
9206632,CONTROL,0,0,0,,train,0,,,,4;5;6
9228778,CONTROL,0,0,0,,train,0,,,,4;5;6
9236811,CONTROL,0,0,0,,train,0,,,,4;5;6
9239684,CONTROL,0,0,0,,train,0,,,,4;5;6
9243921,CONTROL,0,0,0,,train,0,,,,4;5;6
9246349,CONTROL,0,0,0,,train,0,,,,4;5;6
9268087,CONTROL,0,0,0,,train,0,,,,4;5;6
9270038,CONTROL,0,0,0,,train,0,,,,4;5;6
9283645,CONTROL,0,0,0,,train,0,,,,4;5;6
9286524,CONTROL,0,0,0,,train,0,,,,4;5;6
9287903,CONTROL,0,0,0,,train,0,,,,4;5;6
9290941,CONTROL,0,0,0,,train,0,,,,4;5;6
9305985,CONTROL,0,0,0,,train,0,,,,4;5;6
9329445,CONTROL,0,0,0,,train,0,,,,4;5;6
9333588,CONTROL,0,0,0,,train,0,,,,4;5;6
9357649,CONTROL,0,0,0,,train,0,,,,4;5;6
9366541,CONTROL,0,0,0,,train,0,,,,4;5;6
9389973,CONTROL,0,0,0,,train,0,,,,4;5;6
9391025,CONTROL,0,0,0,,train,0,,,,4;5;6
9392583,CONTROL,0,0,0,,train,0,,,,4;5;6
9395251,CONTROL,0,0,0,,train,0,,,,4;5;6
9395671,CONTROL,0,0,0,,train,0,,,,4;5;6
9395798,CONTROL,0,0,0,,train,0,,,,4;5;6
9397064,CONTROL,0,0,0,,train,0,,,,4;5;6
9406532,CONTROL,0,0,0,,train,0,,,,4;5;6
9408454,CONTROL,0,0,0,,train,0,,,,4;5;6
9408909,CONTROL,0,0,0,,train,0,,,,4;5;6
9410489,CONTROL,0,0,0,,train,0,,,,4;5;6
9411813,CONTROL,0,0,0,,train,0,,,,4;5;6
9414088,CONTROL,0,0,0,,train,0,,,,4;5;6
9415281,CONTROL,0,0,0,,train,0,,,,4;5;6
9419603,CONTROL,0,0,0,,train,0,,,,4;5;6
9425912,CONTROL,0,0,0,,train,0,,,,4;5;6
9427232,CONTROL,0,0,0,,train,0,,,,4;5;6
9428272,CONTROL,0,0,0,,train,0,,,,4;5;6
9429137,CONTROL,0,0,0,,train,0,,,,4;5;6
9446628,CONTROL,0,0,0,,train,0,,,,4;5;6
9451421,CONTROL,0,0,0,,train,0,,,,4;5;6
9451669,CONTROL,0,0,0,,train,0,,,,4;5;6
9455566,CONTROL,0,0,0,,train,0,,,,4;5;6
9465894,CONTROL,0,0,0,,train,0,,,,4;5;6
9466804,CONTROL,0,0,0,,train,0,,,,4;5;6
9468935,CONTROL,0,0,0,,train,0,,,,4;5;6
9470036,CONTROL,0,0,0,,train,0,,,,4;5;6
9471041,CONTROL,0,0,0,,train,0,,,,4;5;6
9471195,CONTROL,0,0,0,,train,0,,,,4;5;6
9471996,CONTROL,0,0,0,,train,0,,,,4;5;6
9472449,CONTROL,0,0,0,,train,0,,,,4;5;6
9472911,CONTROL,0,0,0,,train,0,,,,4;5;6
9472976,CONTROL,0,0,0,,train,0,,,,4;5;6
9474143,CONTROL,0,0,0,,train,0,,,,4;5;6
9475466,CONTROL,0,0,0,,train,0,,,,4;5;6
9481948,CONTROL,0,0,0,,train,0,,,,4;5;6
9509398,CONTROL,0,0,0,,train,0,,,,4;5;6
9512316,CONTROL,0,0,0,,train,0,,,,4;5;6
9512958,CONTROL,0,0,0,,train,0,,,,4;5;6
9513380,CONTROL,0,0,0,,train,0,,,,4;5;6
9513889,CONTROL,0,0,0,,train,0,,,,4;5;6
9515043,CONTROL,0,0,0,,train,0,,,,4;5;6
9519396,CONTROL,0,0,0,,train,0,,,,4;5;6
9521243,CONTROL,0,0,0,,train,0,,,,4;5;6
9521471,CONTROL,0,0,0,,train,0,,,,4;5;6
9521496,CONTROL,0,0,0,,train,0,,,,4;5;6
9526881,CONTROL,0,0,0,,train,0,,,,4;5;6
9532469,CONTROL,0,0,0,,train,0,,,,4;5;6
9533861,CONTROL,0,0,0,,train,0,,,,4;5;6
9535657,CONTROL,0,0,0,,train,0,,,,4;5;6
9549247,CONTROL,0,0,0,,train,0,,,,4;5;6
9570058,CONTROL,0,0,0,,train,0,,,,4;5;6
9570077,CONTROL,0,0,0,,train,0,,,,4;5;6
9573303,CONTROL,0,0,0,,train,0,,,,4;5;6
9573517,CONTROL,0,0,0,,train,0,,,,4;5;6
9579564,CONTROL,0,0,0,,train,0,,,,4;5;6
9582437,CONTROL,0,0,0,,train,0,,,,4;5;6
9582483,CONTROL,0,0,0,,train,0,,,,4;5;6
9582495,CONTROL,0,0,0,,train,0,,,,4;5;6
9582655,CONTROL,0,0,0,,train,0,,,,4;5;6
9591326,CONTROL,0,0,0,,train,0,,,,4;5;6
9591522,CONTROL,0,0,0,,train,0,,,,4;5;6
9594035,CONTROL,0,0,0,,train,0,,,,4;5;6
9594335,CONTROL,0,0,0,,train,0,,,,4;5;6
9596134,CONTROL,0,0,0,,train,0,,,,4;5;6
9596937,CONTROL,0,0,0,,train,0,,,,4;5;6
9597856,CONTROL,0,0,0,,train,0,,,,4;5;6
9602053,CONTROL,0,0,0,,train,0,,,,4;5;6
9612632,CONTROL,0,0,0,,train,0,,,,4;5;6
9613053,CONTROL,0,0,0,,train,0,,,,4;5;6
9613453,CONTROL,0,0,0,,train,0,,,,4;5;6
9635780,CONTROL,0,0,0,,train,0,,,,4;5;6
9635876,CONTROL,0,0,0,,train,0,,,,4;5;6
9637218,CONTROL,0,0,0,,train,0,,,,4;5;6
9639868,CONTROL,0,0,0,,train,0,,,,4;5;6
9642196,CONTROL,0,0,0,,train,0,,,,4;5;6
9642459,CONTROL,0,0,0,,train,0,,,,4;5;6
9645361,CONTROL,0,0,0,,train,0,,,,4;5;6
9645405,CONTROL,0,0,0,,train,0,,,,4;5;6
9652494,CONTROL,0,0,0,,train,0,,,,4;5;6
9653814,CONTROL,0,0,0,,train,0,,,,4;5;6
9654751,CONTROL,0,0,0,,train,0,,,,4;5;6
9654815,CONTROL,0,0,0,,train,0,,,,4;5;6
9655467,CONTROL,0,0,0,,train,0,,,,4;5;6
9655973,CONTROL,0,0,0,,train,0,,,,4;5;6
9656179,CONTROL,0,0,0,,train,0,,,,4;5;6
9659178,CONTROL,0,0,0,,train,0,,,,4;5;6
9662561,CONTROL,0,0,0,,train,0,,,,4;5;6
9663257,CONTROL,0,0,0,,train,0,,,,4;5;6
9664547,CONTROL,0,0,0,,train,0,,,,4;5;6
9666798,CONTROL,0,0,0,,train,0,,,,4;5;6
9692713,CONTROL,0,0,0,,train,0,,,,4;5;6
9697214,CONTROL,0,0,0,,train,0,,,,4;5;6
9700314,CONTROL,0,0,0,,train,0,,,,4;5;6
9700877,CONTROL,0,0,0,,train,0,,,,4;5;6
9702069,CONTROL,0,0,0,,train,0,,,,4;5;6
9702417,CONTROL,0,0,0,,train,0,,,,4;5;6
9703421,CONTROL,0,0,0,,train,0,,,,4;5;6
9704914,CONTROL,0,0,0,,train,0,,,,4;5;6
9710659,CONTROL,0,0,0,,train,0,,,,4;5;6
9715896,CONTROL,0,0,0,,train,0,,,,4;5;6
9716092,CONTROL,0,0,0,,train,0,,,,4;5;6
9716169,CONTROL,0,0,0,,train,0,,,,4;5;6
9716463,CONTROL,0,0,0,,train,0,,,,4;5;6
9716740,CONTROL,0,0,0,,train,0,,,,4;5;6
9716802,CONTROL,0,0,0,,train,0,,,,4;5;6
9718152,CONTROL,0,0,0,,train,0,,,,4;5;6
9718711,CONTROL,0,0,0,,train,0,,,,4;5;6
9723926,CONTROL,0,0,0,,train,0,,,,4;5;6
9725793,CONTROL,0,0,0,,train,0,,,,4;5;6
9727922,CONTROL,0,0,0,,train,0,,,,4;5;6
9728629,CONTROL,0,0,0,,train,0,,,,4;5;6
9758413,CONTROL,0,0,0,,train,0,,,,4;5;6
9765477,CONTROL,0,0,0,,train,0,,,,4;5;6
9770895,CONTROL,0,0,0,,train,0,,,,4;5;6
9772081,CONTROL,0,0,0,,train,0,,,,4;5;6
9772713,CONTROL,0,0,0,,train,0,,,,4;5;6
9775961,CONTROL,0,0,0,,train,0,,,,4;5;6
9776145,CONTROL,0,0,0,,train,0,,,,4;5;6
9776190,CONTROL,0,0,0,,train,0,,,,4;5;6
9777027,CONTROL,0,0,0,,train,0,,,,4;5;6
9778909,CONTROL,0,0,0,,train,0,,,,4;5;6
9779238,CONTROL,0,0,0,,train,0,,,,4;5;6
9779366,CONTROL,0,0,0,,train,0,,,,4;5;6
9779406,CONTROL,0,0,0,,train,0,,,,4;5;6
9779768,CONTROL,0,0,0,,train,0,,,,4;5;6
9784243,CONTROL,0,0,0,,train,0,,,,4;5;6
9785965,CONTROL,0,0,0,,train,0,,,,4;5;6
9787993,CONTROL,0,0,0,,train,0,,,,4;5;6
9789916,CONTROL,0,0,0,,train,0,,,,4;5;6
9818247,CONTROL,0,0,0,,train,0,,,,4;5;6
9820653,CONTROL,0,0,0,,train,0,,,,4;5;6
9820983,CONTROL,0,0,0,,train,0,,,,4;5;6
9821877,CONTROL,0,0,0,,train,0,,,,4;5;6
9833179,CONTROL,0,0,0,,train,0,,,,4;5;6
9834307,CONTROL,0,0,0,,train,0,,,,4;5;6
9834833,CONTROL,0,0,0,,train,0,,,,4;5;6
9836299,CONTROL,0,0,0,,train,0,,,,4;5;6
9836544,CONTROL,0,0,0,,train,0,,,,4;5;6
9836566,CONTROL,0,0,0,,train,0,,,,4;5;6
9837529,CONTROL,0,0,0,,train,0,,,,4;5;6
9837573,CONTROL,0,0,0,,train,0,,,,4;5;6
9839273,CONTROL,0,0,0,,train,0,,,,4;5;6
9844861,CONTROL,0,0,0,,train,0,,,,4;5;6
9880435,CONTROL,0,0,0,,train,0,,,,4;5;6
9885730,CONTROL,0,0,0,,train,0,,,,4;5;6
9895787,CONTROL,0,0,0,,train,0,,,,4;5;6
9896659,CONTROL,0,0,0,,train,0,,,,4;5;6
9897904,CONTROL,0,0,0,,train,0,,,,4;5;6
9897955,CONTROL,0,0,0,,train,0,,,,4;5;6
9898317,CONTROL,0,0,0,,train,0,,,,4;5;6
9898846,CONTROL,0,0,0,,train,0,,,,4;5;6
9899848,CONTROL,0,0,0,,train,0,,,,4;5;6
9899909,CONTROL,0,0,0,,train,0,,,,4;5;6
9902698,CONTROL,0,0,0,,train,0,,,,4;5;6
9904600,CONTROL,0,0,0,,train,0,,,,4;5;6
9904890,CONTROL,0,0,0,,train,0,,,,4;5;6
9906149,CONTROL,0,0,0,,train,0,,,,4;5;6
9906531,CONTROL,0,0,0,,train,0,,,,4;5;6
9907112,CONTROL,0,0,0,,train,0,,,,4;5;6
9908343,CONTROL,0,0,0,,train,0,,,,4;5;6
9908470,CONTROL,0,0,0,,train,0,,,,4;5;6
9911715,CONTROL,0,0,0,,train,0,,,,4;5;6
9913609,CONTROL,0,0,0,,train,0,,,,4;5;6
9935478,CONTROL,0,0,0,,train,0,,,,4;5;6
9936524,CONTROL,0,0,0,,train,0,,,,4;5;6
9944736,CONTROL,0,0,0,,train,0,,,,4;5;6
9957288,CONTROL,0,0,0,,train,0,,,,4;5;6
9958307,CONTROL,0,0,0,,train,0,,,,4;5;6
9965032,CONTROL,0,0,0,,train,0,,,,4;5;6
9967183,CONTROL,0,0,0,,train,0,,,,4;5;6
9969084,CONTROL,0,0,0,,train,0,,,,4;5;6
9991990,CONTROL,0,0,0,,train,0,,,,4;5;6
10000270,CONTROL,0,0,0,,train,0,,,,4;5;6
10005119,CONTROL,0,0,0,,train,0,,,,4;5;6
10005147,CONTROL,0,0,0,,train,0,,,,4;5;6
10008234,CONTROL,0,0,0,,train,0,,,,4;5;6
10014906,CONTROL,0,0,0,,train,0,,,,4;5;6
10015569,CONTROL,0,0,0,,train,0,,,,4;5;6
10016060,CONTROL,0,0,0,,train,0,,,,4;5;6
10019358,CONTROL,0,0,0,,train,0,,,,4;5;6
10019810,CONTROL,0,0,0,,train,0,,,,4;5;6
10023882,CONTROL,0,0,0,,train,0,,,,4;5;6
10024144,CONTROL,0,0,0,,train,0,,,,4;5;6
10029864,CONTROL,0,0,0,,train,0,,,,4;5;6
10030066,CONTROL,0,0,0,,train,0,,,,4;5;6
10030372,CONTROL,0,0,0,,train,0,,,,4;5;6
10033485,CONTROL,0,0,0,,train,0,,,,4;5;6
10035088,CONTROL,0,0,0,,train,0,,,,4;5;6
10056109,CONTROL,0,0,0,,train,0,,,,4;5;6
10057198,CONTROL,0,0,0,,train,0,,,,4;5;6
10057428,CONTROL,0,0,0,,train,0,,,,4;5;6
10063343,CONTROL,0,0,0,,train,0,,,,4;5;6
10064768,CONTROL,0,0,0,,train,0,,,,4;5;6
10066962,CONTROL,0,0,0,,train,0,,,,4;5;6
10067449,CONTROL,0,0,0,,train,0,,,,4;5;6
10069188,CONTROL,0,0,0,,train,0,,,,4;5;6
10071249,CONTROL,0,0,0,,train,0,,,,4;5;6
10074787,CONTROL,0,0,0,,train,0,,,,4;5;6
10079258,CONTROL,0,0,0,,train,0,,,,4;5;6
10079678,CONTROL,0,0,0,,train,0,,,,4;5;6
10082576,CONTROL,0,0,0,,train,0,,,,4;5;6
10082605,CONTROL,0,0,0,,train,0,,,,4;5;6
10088750,CONTROL,0,0,0,,train,0,,,,4;5;6
10089262,CONTROL,0,0,0,,train,0,,,,4;5;6
10091582,CONTROL,0,0,0,,train,0,,,,4;5;6
10096686,CONTROL,0,0,0,,train,0,,,,4;5;6
10098625,CONTROL,0,0,0,,train,0,,,,4;5;6
10118419,CONTROL,0,0,0,,train,0,,,,4;5;6
10119290,CONTROL,0,0,0,,train,0,,,,4;5;6
10121330,CONTROL,0,0,0,,train,0,,,,4;5;6
10122487,CONTROL,0,0,0,,train,0,,,,4;5;6
10123573,CONTROL,0,0,0,,train,0,,,,4;5;6
10128789,CONTROL,0,0,0,,train,0,,,,4;5;6
10129093,CONTROL,0,0,0,,train,0,,,,4;5;6
10130884,CONTROL,0,0,0,,train,0,,,,4;5;6
10134904,CONTROL,0,0,0,,train,0,,,,4;5;6
10138938,CONTROL,0,0,0,,train,0,,,,4;5;6
10139630,CONTROL,0,0,0,,train,0,,,,4;5;6
10139945,CONTROL,0,0,0,,train,0,,,,4;5;6
10140984,CONTROL,0,0,0,,train,0,,,,4;5;6
10147729,CONTROL,0,0,0,,train,0,,,,4;5;6
10149694,CONTROL,0,0,0,,train,0,,,,4;5;6
10153506,CONTROL,0,0,0,,train,0,,,,4;5;6
10157409,CONTROL,0,0,0,,train,0,,,,4;5;6
10158970,CONTROL,0,0,0,,train,0,,,,4;5;6
10160480,CONTROL,0,0,0,,train,0,,,,4;5;6
10161074,CONTROL,0,0,0,,train,0,,,,4;5;6
10163133,CONTROL,0,0,0,,train,0,,,,4;5;6
10164503,CONTROL,0,0,0,,train,0,,,,4;5;6
10198147,CONTROL,0,0,0,,train,0,,,,4;5;6
10198505,CONTROL,0,0,0,,train,0,,,,4;5;6
10198698,CONTROL,0,0,0,,train,0,,,,4;5;6
10199239,CONTROL,0,0,0,,train,0,,,,4;5;6
10201068,CONTROL,0,0,0,,train,0,,,,4;5;6
10203532,CONTROL,0,0,0,,train,0,,,,4;5;6
10207505,CONTROL,0,0,0,,train,0,,,,4;5;6
10214421,CONTROL,0,0,0,,train,0,,,,4;5;6
10215558,CONTROL,0,0,0,,train,0,,,,4;5;6
10220579,CONTROL,0,0,0,,train,0,,,,4;5;6
10220782,CONTROL,0,0,0,,train,0,,,,4;5;6
10222098,CONTROL,0,0,0,,train,0,,,,4;5;6
10222660,CONTROL,0,0,0,,train,0,,,,4;5;6
10222958,CONTROL,0,0,0,,train,0,,,,4;5;6
10224623,CONTROL,0,0,0,,train,0,,,,4;5;6
10224728,CONTROL,0,0,0,,train,0,,,,4;5;6
10229227,CONTROL,0,0,0,,train,0,,,,4;5;6
10230871,CONTROL,0,0,0,,train,0,,,,4;5;6
10253558,CONTROL,0,0,0,,train,0,,,,4;5;6
10255084,CONTROL,0,0,0,,train,0,,,,4;5;6
10255817,CONTROL,0,0,0,,train,0,,,,4;5;6
10258056,CONTROL,0,0,0,,train,0,,,,4;5;6
10258136,CONTROL,0,0,0,,train,0,,,,4;5;6
10259096,CONTROL,0,0,0,,train,0,,,,4;5;6
10262894,CONTROL,0,0,0,,train,0,,,,4;5;6
10263148,CONTROL,0,0,0,,train,0,,,,4;5;6
10264150,CONTROL,0,0,0,,train,0,,,,4;5;6
10266495,CONTROL,0,0,0,,train,0,,,,4;5;6
10272504,CONTROL,0,0,0,,train,0,,,,4;5;6
10273355,CONTROL,0,0,0,,train,0,,,,4;5;6
10280958,CONTROL,0,0,0,,train,0,,,,4;5;6
10282005,CONTROL,0,0,0,,train,0,,,,4;5;6
10284740,CONTROL,0,0,0,,train,0,,,,4;5;6
10284812,CONTROL,0,0,0,,train,0,,,,4;5;6
10285285,CONTROL,0,0,0,,train,0,,,,4;5;6
10285758,CONTROL,0,0,0,,train,0,,,,4;5;6
10286286,CONTROL,0,0,0,,train,0,,,,4;5;6
10287183,CONTROL,0,0,0,,train,0,,,,4;5;6
10287671,CONTROL,0,0,0,,train,0,,,,4;5;6
10289504,CONTROL,0,0,0,,train,0,,,,4;5;6
10290938,CONTROL,0,0,0,,train,0,,,,4;5;6
10293962,CONTROL,0,0,0,,train,0,,,,4;5;6
10295267,CONTROL,0,0,0,,train,0,,,,4;5;6
10317549,CONTROL,0,0,0,,train,0,,,,4;5;6
10321406,CONTROL,0,0,0,,train,0,,,,4;5;6
10322721,CONTROL,0,0,0,,train,0,,,,4;5;6
10322795,CONTROL,0,0,0,,train,0,,,,4;5;6
10323549,CONTROL,0,0,0,,train,0,,,,4;5;6
10323899,CONTROL,0,0,0,,train,0,,,,4;5;6
10328643,CONTROL,0,0,0,,train,0,,,,4;5;6
10328831,CONTROL,0,0,0,,train,0,,,,4;5;6
10329298,CONTROL,0,0,0,,train,0,,,,4;5;6
10330156,CONTROL,0,0,0,,train,0,,,,4;5;6
10330707,CONTROL,0,0,0,,train,0,,,,4;5;6
10330934,CONTROL,0,0,0,,train,0,,,,4;5;6
10331764,CONTROL,0,0,0,,train,0,,,,4;5;6
10334473,CONTROL,0,0,0,,train,0,,,,4;5;6
10337840,CONTROL,0,0,0,,train,0,,,,4;5;6
10341419,CONTROL,0,0,0,,train,0,,,,4;5;6
10354360,CONTROL,0,0,0,,train,0,,,,4;5;6
10355814,CONTROL,0,0,0,,train,0,,,,4;5;6
10359909,CONTROL,0,0,0,,train,0,,,,4;5;6
10382584,CONTROL,0,0,0,,train,0,,,,4;5;6
10396941,CONTROL,0,0,0,,train,0,,,,4;5;6
10396950,CONTROL,0,0,0,,train,0,,,,4;5;6
10397559,CONTROL,0,0,0,,train,0,,,,4;5;6
10397986,CONTROL,0,0,0,,train,0,,,,4;5;6
10403016,CONTROL,0,0,0,,train,0,,,,4;5;6
10406541,CONTROL,0,0,0,,train,0,,,,4;5;6
10418396,CONTROL,0,0,0,,train,0,,,,4;5;6
10418518,CONTROL,0,0,0,,train,0,,,,4;5;6
10420782,CONTROL,0,0,0,,train,0,,,,4;5;6
10447914,CONTROL,0,0,0,,train,0,,,,4;5;6
10448160,CONTROL,0,0,0,,train,0,,,,4;5;6
10448994,CONTROL,0,0,0,,train,0,,,,4;5;6
10451382,CONTROL,0,0,0,,train,0,,,,4;5;6
10452246,CONTROL,0,0,0,,train,0,,,,4;5;6
10459741,CONTROL,0,0,0,,train,0,,,,4;5;6
10463420,CONTROL,0,0,0,,train,0,,,,4;5;6
10464619,CONTROL,0,0,0,,train,0,,,,4;5;6
10464657,CONTROL,0,0,0,,train,0,,,,4;5;6
10465047,CONTROL,0,0,0,,train,0,,,,4;5;6
10468695,CONTROL,0,0,0,,train,0,,,,4;5;6
10468957,CONTROL,0,0,0,,train,0,,,,4;5;6
10468988,CONTROL,0,0,0,,train,0,,,,4;5;6
10470589,CONTROL,0,0,0,,train,0,,,,4;5;6
10471226,CONTROL,0,0,0,,train,0,,,,4;5;6
10473048,CONTROL,0,0,0,,train,0,,,,4;5;6
10481509,CONTROL,0,0,0,,train,0,,,,4;5;6
10482598,CONTROL,0,0,0,,train,0,,,,4;5;6
10490899,CONTROL,0,0,0,,train,0,,,,4;5;6
10513282,CONTROL,0,0,0,,train,0,,,,4;5;6
10513479,CONTROL,0,0,0,,train,0,,,,4;5;6
10514084,CONTROL,0,0,0,,train,0,,,,4;5;6
10514769,CONTROL,0,0,0,,train,0,,,,4;5;6
10525946,CONTROL,0,0,0,,train,0,,,,4;5;6
10527189,CONTROL,0,0,0,,train,0,,,,4;5;6
10529552,CONTROL,0,0,0,,train,0,,,,4;5;6
10529733,CONTROL,0,0,0,,train,0,,,,4;5;6
10529777,CONTROL,0,0,0,,train,0,,,,4;5;6
10536481,CONTROL,0,0,0,,train,0,,,,4;5;6
10536593,CONTROL,0,0,0,,train,0,,,,4;5;6
10539235,CONTROL,0,0,0,,train,0,,,,4;5;6
10545189,CONTROL,0,0,0,,train,0,,,,4;5;6
10546601,CONTROL,0,0,0,,train,0,,,,4;5;6
10552808,CONTROL,0,0,0,,train,0,,,,4;5;6
10556082,CONTROL,0,0,0,,train,0,,,,4;5;6
10556201,CONTROL,0,0,0,,train,0,,,,4;5;6
10581018,CONTROL,0,0,0,,train,0,,,,4;5;6
10583513,CONTROL,0,0,0,,train,0,,,,4;5;6
10585666,CONTROL,0,0,0,,train,0,,,,4;5;6
10590896,CONTROL,0,0,0,,train,0,,,,4;5;6
10591215,CONTROL,0,0,0,,train,0,,,,4;5;6
10591329,CONTROL,0,0,0,,train,0,,,,4;5;6
10591840,CONTROL,0,0,0,,train,0,,,,4;5;6
10594120,CONTROL,0,0,0,,train,0,,,,4;5;6
10601075,CONTROL,0,0,0,,train,0,,,,4;5;6
10603429,CONTROL,0,0,0,,train,0,,,,4;5;6
10603958,CONTROL,0,0,0,,train,0,,,,4;5;6
10615171,CONTROL,0,0,0,,train,0,,,,4;5;6
10622511,CONTROL,0,0,0,,train,0,,,,4;5;6
10647432,CONTROL,0,0,0,,train,0,,,,4;5;6
10647860,CONTROL,0,0,0,,train,0,,,,4;5;6
10656018,CONTROL,0,0,0,,train,0,,,,4;5;6
10669254,CONTROL,0,0,0,,train,0,,,,4;5;6
10679090,CONTROL,0,0,0,,train,0,,,,4;5;6
10679396,CONTROL,0,0,0,,train,0,,,,4;5;6
10679880,CONTROL,0,0,0,,train,0,,,,4;5;6
10681018,CONTROL,0,0,0,,train,0,,,,4;5;6
10685145,CONTROL,0,0,0,,train,0,,,,4;5;6
10685339,CONTROL,0,0,0,,train,0,,,,4;5;6
10685450,CONTROL,0,0,0,,train,0,,,,4;5;6
10686082,CONTROL,0,0,0,,train,0,,,,4;5;6
10687444,CONTROL,0,0,0,,train,0,,,,4;5;6
10687513,CONTROL,0,0,0,,train,0,,,,4;5;6
10718015,CONTROL,0,0,0,,train,0,,,,4;5;6
10723143,CONTROL,0,0,0,,train,0,,,,4;5;6
10723388,CONTROL,0,0,0,,train,0,,,,4;5;6
10728181,CONTROL,0,0,0,,train,0,,,,4;5;6
10734703,CONTROL,0,0,0,,train,0,,,,4;5;6
10742808,CONTROL,0,0,0,,train,0,,,,4;5;6
10743615,CONTROL,0,0,0,,train,0,,,,4;5;6
10745334,CONTROL,0,0,0,,train,0,,,,4;5;6
10745513,CONTROL,0,0,0,,train,0,,,,4;5;6
10745863,CONTROL,0,0,0,,train,0,,,,4;5;6
10747396,CONTROL,0,0,0,,train,0,,,,4;5;6
10747847,CONTROL,0,0,0,,train,0,,,,4;5;6
10748664,CONTROL,0,0,0,,train,0,,,,4;5;6
10784996,CONTROL,0,0,0,,train,0,,,,4;5;6
10790659,CONTROL,0,0,0,,train,0,,,,4;5;6
10796844,CONTROL,0,0,0,,train,0,,,,4;5;6
10797168,CONTROL,0,0,0,,train,0,,,,4;5;6
10798038,CONTROL,0,0,0,,train,0,,,,4;5;6
10801794,CONTROL,0,0,0,,train,0,,,,4;5;6
10813496,CONTROL,0,0,0,,train,0,,,,4;5;6
10813862,CONTROL,0,0,0,,train,0,,,,4;5;6
10815065,CONTROL,0,0,0,,train,0,,,,4;5;6
10817647,CONTROL,0,0,0,,train,0,,,,4;5;6
10845110,CONTROL,0,0,0,,train,0,,,,4;5;6
10849730,CONTROL,0,0,0,,train,0,,,,4;5;6
10855323,CONTROL,0,0,0,,train,0,,,,4;5;6
10855401,CONTROL,0,0,0,,train,0,,,,4;5;6
10858675,CONTROL,0,0,0,,train,0,,,,4;5;6
10861017,CONTROL,0,0,0,,train,0,,,,4;5;6
10861036,CONTROL,0,0,0,,train,0,,,,4;5;6
10862192,CONTROL,0,0,0,,train,0,,,,4;5;6
10862580,CONTROL,0,0,0,,train,0,,,,4;5;6
10863219,CONTROL,0,0,0,,train,0,,,,4;5;6
10864650,CONTROL,0,0,0,,train,0,,,,4;5;6
10866696,CONTROL,0,0,0,,train,0,,,,4;5;6
10866844,CONTROL,0,0,0,,train,0,,,,4;5;6
10866969,CONTROL,0,0,0,,train,0,,,,4;5;6
10873657,CONTROL,0,0,0,,train,0,,,,4;5;6
10880264,CONTROL,0,0,0,,train,0,,,,4;5;6
10907399,CONTROL,0,0,0,,train,0,,,,4;5;6
10908075,CONTROL,0,0,0,,train,0,,,,4;5;6
10908190,CONTROL,0,0,0,,train,0,,,,4;5;6
10908318,CONTROL,0,0,0,,train,0,,,,4;5;6
10913916,CONTROL,0,0,0,,train,0,,,,4;5;6
10914413,CONTROL,0,0,0,,train,0,,,,4;5;6
10914481,CONTROL,0,0,0,,train,0,,,,4;5;6
10921693,CONTROL,0,0,0,,train,0,,,,4;5;6
10924078,CONTROL,0,0,0,,train,0,,,,4;5;6
10931717,CONTROL,0,0,0,,train,0,,,,4;5;6
10933534,CONTROL,0,0,0,,train,0,,,,4;5;6
10934716,CONTROL,0,0,0,,train,0,,,,4;5;6
10935639,CONTROL,0,0,0,,train,0,,,,4;5;6
10936612,CONTROL,0,0,0,,train,0,,,,4;5;6
10960236,CONTROL,0,0,0,,train,0,,,,4;5;6
10963166,CONTROL,0,0,0,,train,0,,,,4;5;6
10965810,CONTROL,0,0,0,,train,0,,,,4;5;6
10969472,CONTROL,0,0,0,,train,0,,,,4;5;6
10972165,CONTROL,0,0,0,,train,0,,,,4;5;6
10972214,CONTROL,0,0,0,,train,0,,,,4;5;6
10972268,CONTROL,0,0,0,,train,0,,,,4;5;6
10974176,CONTROL,0,0,0,,train,0,,,,4;5;6
10975459,CONTROL,0,0,0,,train,0,,,,4;5;6
10976613,CONTROL,0,0,0,,train,0,,,,4;5;6
10977427,CONTROL,0,0,0,,train,0,,,,4;5;6
10977740,CONTROL,0,0,0,,train,0,,,,4;5;6
10983057,CONTROL,0,0,0,,train,0,,,,4;5;6
10988654,CONTROL,0,0,0,,train,0,,,,4;5;6
10988667,CONTROL,0,0,0,,train,0,,,,4;5;6
10989673,CONTROL,0,0,0,,train,0,,,,4;5;6
10991512,CONTROL,0,0,0,,train,0,,,,4;5;6
10991562,CONTROL,0,0,0,,train,0,,,,4;5;6
11017143,CONTROL,0,0,0,,train,0,,,,4;5;6
11017831,CONTROL,0,0,0,,train,0,,,,4;5;6
11018874,CONTROL,0,0,0,,train,0,,,,4;5;6
11019909,CONTROL,0,0,0,,train,0,,,,4;5;6
11025807,CONTROL,0,0,0,,train,0,,,,4;5;6
11026055,CONTROL,0,0,0,,train,0,,,,4;5;6
11027509,CONTROL,0,0,0,,train,0,,,,4;5;6
11027832,CONTROL,0,0,0,,train,0,,,,4;5;6
11028874,CONTROL,0,0,0,,train,0,,,,4;5;6
11029599,CONTROL,0,0,0,,train,0,,,,4;5;6
11031269,CONTROL,0,0,0,,train,0,,,,4;5;6
11033687,CONTROL,0,0,0,,train,0,,,,4;5;6
11033766,CONTROL,0,0,0,,train,0,,,,4;5;6
11037935,CONTROL,0,0,0,,train,0,,,,4;5;6
11042658,CONTROL,0,0,0,,train,0,,,,4;5;6
11067941,CONTROL,0,0,0,,train,0,,,,4;5;6
11068817,CONTROL,0,0,0,,train,0,,,,4;5;6
11069586,CONTROL,0,0,0,,train,0,,,,4;5;6
11072522,CONTROL,0,0,0,,train,0,,,,4;5;6
11076199,CONTROL,0,0,0,,train,0,,,,4;5;6
11080562,CONTROL,0,0,0,,train,0,,,,4;5;6
11081404,CONTROL,0,0,0,,train,0,,,,4;5;6
11084877,CONTROL,0,0,0,,train,0,,,,4;5;6
11086755,CONTROL,0,0,0,,train,0,,,,4;5;6
11087815,CONTROL,0,0,0,,train,0,,,,4;5;6
11097489,CONTROL,0,0,0,,train,0,,,,4;5;6
11122493,CONTROL,0,0,0,,train,0,,,,4;5;6
11126721,CONTROL,0,0,0,,train,0,,,,4;5;6
11129145,CONTROL,0,0,0,,train,0,,,,4;5;6
11134013,CONTROL,0,0,0,,train,0,,,,4;5;6
11134670,CONTROL,0,0,0,,train,0,,,,4;5;6
11135168,CONTROL,0,0,0,,train,0,,,,4;5;6
11136713,CONTROL,0,0,0,,train,0,,,,4;5;6
11138484,CONTROL,0,0,0,,train,0,,,,4;5;6
11138903,CONTROL,0,0,0,,train,0,,,,4;5;6
11139679,CONTROL,0,0,0,,train,0,,,,4;5;6
11144679,CONTROL,0,0,0,,train,0,,,,4;5;6
11175865,CONTROL,0,0,0,,train,0,,,,4;5;6
11176123,CONTROL,0,0,0,,train,0,,,,4;5;6
11176259,CONTROL,0,0,0,,train,0,,,,4;5;6
11179938,CONTROL,0,0,0,,train,0,,,,4;5;6
11181373,CONTROL,0,0,0,,train,0,,,,4;5;6
11181537,CONTROL,0,0,0,,train,0,,,,4;5;6
11186455,CONTROL,0,0,0,,train,0,,,,4;5;6
11186615,CONTROL,0,0,0,,train,0,,,,4;5;6
11188801,CONTROL,0,0,0,,train,0,,,,4;5;6
11189202,CONTROL,0,0,0,,train,0,,,,4;5;6
11190388,CONTROL,0,0,0,,train,0,,,,4;5;6
11191523,CONTROL,0,0,0,,train,0,,,,4;5;6
11194055,CONTROL,0,0,0,,train,0,,,,4;5;6
11199573,CONTROL,0,0,0,,train,0,,,,4;5;6
11205192,CONTROL,0,0,0,,train,0,,,,4;5;6
11230667,CONTROL,0,0,0,,train,0,,,,4;5;6
11231042,CONTROL,0,0,0,,train,0,,,,4;5;6
11231086,CONTROL,0,0,0,,train,0,,,,4;5;6
11231836,CONTROL,0,0,0,,train,0,,,,4;5;6
11234024,CONTROL,0,0,0,,train,0,,,,4;5;6
11235671,CONTROL,0,0,0,,train,0,,,,4;5;6
11236630,CONTROL,0,0,0,,train,0,,,,4;5;6
11237625,CONTROL,0,0,0,,train,0,,,,4;5;6
11241837,CONTROL,0,0,0,,train,0,,,,4;5;6
11242995,CONTROL,0,0,0,,train,0,,,,4;5;6
11243765,CONTROL,0,0,0,,train,0,,,,4;5;6
11244918,CONTROL,0,0,0,,train,0,,,,4;5;6
11250887,CONTROL,0,0,0,,train,0,,,,4;5;6
11252342,CONTROL,0,0,0,,train,0,,,,4;5;6
11288490,CONTROL,0,0,0,,train,0,,,,4;5;6
11289893,CONTROL,0,0,0,,train,0,,,,4;5;6
11294154,CONTROL,0,0,0,,train,0,,,,4;5;6
11294271,CONTROL,0,0,0,,train,0,,,,4;5;6
11295104,CONTROL,0,0,0,,train,0,,,,4;5;6
11295840,CONTROL,0,0,0,,train,0,,,,4;5;6
11295978,CONTROL,0,0,0,,train,0,,,,4;5;6
11296675,CONTROL,0,0,0,,train,0,,,,4;5;6
11297039,CONTROL,0,0,0,,train,0,,,,4;5;6
11298350,CONTROL,0,0,0,,train,0,,,,4;5;6
11298430,CONTROL,0,0,0,,train,0,,,,4;5;6
11302654,CONTROL,0,0,0,,train,0,,,,4;5;6
11303115,CONTROL,0,0,0,,train,0,,,,4;5;6
11303381,CONTROL,0,0,0,,train,0,,,,4;5;6
11304014,CONTROL,0,0,0,,train,0,,,,4;5;6
11305240,CONTROL,0,0,0,,train,0,,,,4;5;6
11306696,CONTROL,0,0,0,,train,0,,,,4;5;6
11341708,CONTROL,0,0,0,,train,0,,,,4;5;6
11341742,CONTROL,0,0,0,,train,0,,,,4;5;6
11350497,CONTROL,0,0,0,,train,0,,,,4;5;6
11352278,CONTROL,0,0,0,,train,0,,,,4;5;6
11352361,CONTROL,0,0,0,,train,0,,,,4;5;6
11356734,CONTROL,0,0,0,,train,0,,,,4;5;6
11356952,CONTROL,0,0,0,,train,0,,,,4;5;6
11358150,CONTROL,0,0,0,,train,0,,,,4;5;6
11360739,CONTROL,0,0,0,,train,0,,,,4;5;6
11390143,CONTROL,0,0,0,,train,0,,,,4;5;6
11390932,CONTROL,0,0,0,,train,0,,,,4;5;6
11391259,CONTROL,0,0,0,,train,0,,,,4;5;6
11401296,CONTROL,0,0,0,,train,0,,,,4;5;6
11403555,CONTROL,0,0,0,,train,0,,,,4;5;6
11404836,CONTROL,0,0,0,,train,0,,,,4;5;6
11405042,CONTROL,0,0,0,,train,0,,,,4;5;6
11408694,CONTROL,0,0,0,,train,0,,,,4;5;6
11410185,CONTROL,0,0,0,,train,0,,,,4;5;6
11410886,CONTROL,0,0,0,,train,0,,,,4;5;6
11413416,CONTROL,0,0,0,,train,0,,,,4;5;6
11441630,CONTROL,0,0,0,,train,0,,,,4;5;6
11442552,CONTROL,0,0,0,,train,0,,,,4;5;6
11442659,CONTROL,0,0,0,,train,0,,,,4;5;6
11444168,CONTROL,0,0,0,,train,0,,,,4;5;6
11445255,CONTROL,0,0,0,,train,0,,,,4;5;6
11447037,CONTROL,0,0,0,,train,0,,,,4;5;6
11449924,CONTROL,0,0,0,,train,0,,,,4;5;6
11453788,CONTROL,0,0,0,,train,0,,,,4;5;6
11455657,CONTROL,0,0,0,,train,0,,,,4;5;6
11456884,CONTROL,0,0,0,,train,0,,,,4;5;6
11457293,CONTROL,0,0,0,,train,0,,,,4;5;6
11460606,CONTROL,0,0,0,,train,0,,,,4;5;6
11463059,CONTROL,0,0,0,,train,0,,,,4;5;6
11463721,CONTROL,0,0,0,,train,0,,,,4;5;6
11464929,CONTROL,0,0,0,,train,0,,,,4;5;6
11465415,CONTROL,0,0,0,,train,0,,,,4;5;6
11469346,CONTROL,0,0,0,,train,0,,,,4;5;6
11495493,CONTROL,0,0,0,,train,0,,,,4;5;6
11496257,CONTROL,0,0,0,,train,0,,,,4;5;6
11499428,CONTROL,0,0,0,,train,0,,,,4;5;6
11499622,CONTROL,0,0,0,,train,0,,,,4;5;6
11501958,CONTROL,0,0,0,,train,0,,,,4;5;6
11502569,CONTROL,0,0,0,,train,0,,,,4;5;6
11507250,CONTROL,0,0,0,,train,0,,,,4;5;6
11508041,CONTROL,0,0,0,,train,0,,,,4;5;6
11508733,CONTROL,0,0,0,,train,0,,,,4;5;6
11512042,CONTROL,0,0,0,,train,0,,,,4;5;6
11514642,CONTROL,0,0,0,,train,0,,,,4;5;6
11514654,CONTROL,0,0,0,,train,0,,,,4;5;6
11514919,CONTROL,0,0,0,,train,0,,,,4;5;6
11520502,CONTROL,0,0,0,,train,0,,,,4;5;6
11520636,CONTROL,0,0,0,,train,0,,,,4;5;6
11546397,CONTROL,0,0,0,,train,0,,,,4;5;6
11554731,CONTROL,0,0,0,,train,0,,,,4;5;6
11554897,CONTROL,0,0,0,,train,0,,,,4;5;6
11558366,CONTROL,0,0,0,,train,0,,,,4;5;6
11560003,CONTROL,0,0,0,,train,0,,,,4;5;6
11565562,CONTROL,0,0,0,,train,0,,,,4;5;6
11567312,CONTROL,0,0,0,,train,0,,,,4;5;6
11569850,CONTROL,0,0,0,,train,0,,,,4;5;6
11573151,CONTROL,0,0,0,,train,0,,,,4;5;6
11598554,CONTROL,0,0,0,,train,0,,,,4;5;6
11602574,CONTROL,0,0,0,,train,0,,,,4;5;6
11605589,CONTROL,0,0,0,,train,0,,,,4;5;6
11605850,CONTROL,0,0,0,,train,0,,,,4;5;6
11607102,CONTROL,0,0,0,,train,0,,,,4;5;6
11611727,CONTROL,0,0,0,,train,0,,,,4;5;6
11615485,CONTROL,0,0,0,,train,0,,,,4;5;6
11617043,CONTROL,0,0,0,,train,0,,,,4;5;6
11617424,CONTROL,0,0,0,,train,0,,,,4;5;6
11617903,CONTROL,0,0,0,,train,0,,,,4;5;6
11618662,CONTROL,0,0,0,,train,0,,,,4;5;6
11619285,CONTROL,0,0,0,,train,0,,,,4;5;6
11649701,CONTROL,0,0,0,,train,0,,,,4;5;6
11652521,CONTROL,0,0,0,,train,0,,,,4;5;6
11656619,CONTROL,0,0,0,,train,0,,,,4;5;6
11656998,CONTROL,0,0,0,,train,0,,,,4;5;6
11657138,CONTROL,0,0,0,,train,0,,,,4;5;6
11657888,CONTROL,0,0,0,,train,0,,,,4;5;6
11658349,CONTROL,0,0,0,,train,0,,,,4;5;6
11658789,CONTROL,0,0,0,,train,0,,,,4;5;6
11666519,CONTROL,0,0,0,,train,0,,,,4;5;6
11668919,CONTROL,0,0,0,,train,0,,,,4;5;6
11669274,CONTROL,0,0,0,,train,0,,,,4;5;6
11671406,CONTROL,0,0,0,,train,0,,,,4;5;6
11703671,CONTROL,0,0,0,,train,0,,,,4;5;6
11704402,CONTROL,0,0,0,,train,0,,,,4;5;6
11708440,CONTROL,0,0,0,,train,0,,,,4;5;6
11708622,CONTROL,0,0,0,,train,0,,,,4;5;6
11714399,CONTROL,0,0,0,,train,0,,,,4;5;6
11714473,CONTROL,0,0,0,,train,0,,,,4;5;6
11717102,CONTROL,0,0,0,,train,0,,,,4;5;6
11721301,CONTROL,0,0,0,,train,0,,,,4;5;6
11723503,CONTROL,0,0,0,,train,0,,,,4;5;6
11725389,CONTROL,0,0,0,,train,0,,,,4;5;6
11725476,CONTROL,0,0,0,,train,0,,,,4;5;6
11759718,CONTROL,0,0,0,,train,0,,,,4;5;6
11760276,CONTROL,0,0,0,,train,0,,,,4;5;6
11760417,CONTROL,0,0,0,,train,0,,,,4;5;6
11761212,CONTROL,0,0,0,,train,0,,,,4;5;6
11761312,CONTROL,0,0,0,,train,0,,,,4;5;6
11766595,CONTROL,0,0,0,,train,0,,,,4;5;6
11774319,CONTROL,0,0,0,,train,0,,,,4;5;6
11774619,CONTROL,0,0,0,,train,0,,,,4;5;6
11776014,CONTROL,0,0,0,,train,0,,,,4;5;6
11803186,CONTROL,0,0,0,,train,0,,,,4;5;6
11821248,CONTROL,0,0,0,,train,0,,,,4;5;6
11823696,CONTROL,0,0,0,,train,0,,,,4;5;6
11854973,CONTROL,0,0,0,,train,0,,,,4;5;6
11869699,CONTROL,0,0,0,,train,0,,,,4;5;6
11873696,CONTROL,0,0,0,,train,0,,,,4;5;6
11906151,CONTROL,0,0,0,,train,0,,,,4;5;6
11910960,CONTROL,0,0,0,,train,0,,,,4;5;6
11911574,CONTROL,0,0,0,,train,0,,,,4;5;6
11912315,CONTROL,0,0,0,,train,0,,,,4;5;6
11917557,CONTROL,0,0,0,,train,0,,,,4;5;6
11919907,CONTROL,0,0,0,,train,0,,,,4;5;6
11921780,CONTROL,0,0,0,,train,0,,,,4;5;6
11921871,CONTROL,0,0,0,,train,0,,,,4;5;6
11922625,CONTROL,0,0,0,,train,0,,,,4;5;6
11924100,CONTROL,0,0,0,,train,0,,,,4;5;6
11953741,CONTROL,0,0,0,,train,0,,,,4;5;6
11956940,CONTROL,0,0,0,,train,0,,,,4;5;6
11957632,CONTROL,0,0,0,,train,0,,,,4;5;6
11962180,CONTROL,0,0,0,,train,0,,,,4;5;6
11963581,CONTROL,0,0,0,,train,0,,,,4;5;6
11970276,CONTROL,0,0,0,,train,0,,,,4;5;6
11970664,CONTROL,0,0,0,,train,0,,,,4;5;6
11973017,CONTROL,0,0,0,,train,0,,,,4;5;6
12005182,CONTROL,0,0,0,,train,0,,,,4;5;6
12005201,CONTROL,0,0,0,,train,0,,,,4;5;6
12011749,CONTROL,0,0,0,,train,0,,,,4;5;6
12012172,CONTROL,0,0,0,,train,0,,,,4;5;6
12012729,CONTROL,0,0,0,,train,0,,,,4;5;6
12012758,CONTROL,0,0,0,,train,0,,,,4;5;6
12013781,CONTROL,0,0,0,,train,0,,,,4;5;6
12017946,CONTROL,0,0,0,,train,0,,,,4;5;6
12020913,CONTROL,0,0,0,,train,0,,,,4;5;6
12022099,CONTROL,0,0,0,,train,0,,,,4;5;6
12022150,CONTROL,0,0,0,,train,0,,,,4;5;6
12022345,CONTROL,0,0,0,,train,0,,,,4;5;6
12055517,CONTROL,0,0,0,,train,0,,,,4;5;6
12058427,CONTROL,0,0,0,,train,0,,,,4;5;6
12061297,CONTROL,0,0,0,,train,0,,,,4;5;6
12061506,CONTROL,0,0,0,,train,0,,,,4;5;6
12062762,CONTROL,0,0,0,,train,0,,,,4;5;6
12066652,CONTROL,0,0,0,,train,0,,,,4;5;6
12067526,CONTROL,0,0,0,,train,0,,,,4;5;6
12067767,CONTROL,0,0,0,,train,0,,,,4;5;6
12072000,CONTROL,0,0,0,,train,0,,,,4;5;6
12072965,CONTROL,0,0,0,,train,0,,,,4;5;6
12073359,CONTROL,0,0,0,,train,0,,,,4;5;6
12102690,CONTROL,0,0,0,,train,0,,,,4;5;6
12102936,CONTROL,0,0,0,,train,0,,,,4;5;6
12107750,CONTROL,0,0,0,,train,0,,,,4;5;6
12108885,CONTROL,0,0,0,,train,0,,,,4;5;6
12109654,CONTROL,0,0,0,,train,0,,,,4;5;6
12110218,CONTROL,0,0,0,,train,0,,,,4;5;6
12116756,CONTROL,0,0,0,,train,0,,,,4;5;6
12118322,CONTROL,0,0,0,,train,0,,,,4;5;6
12119257,CONTROL,0,0,0,,train,0,,,,4;5;6
12120684,CONTROL,0,0,0,,train,0,,,,4;5;6
12120808,CONTROL,0,0,0,,train,0,,,,4;5;6
12121178,CONTROL,0,0,0,,train,0,,,,4;5;6
12121350,CONTROL,0,0,0,,train,0,,,,4;5;6
12153342,CONTROL,0,0,0,,train,0,,,,4;5;6
12154108,CONTROL,0,0,0,,train,0,,,,4;5;6
12154215,CONTROL,0,0,0,,train,0,,,,4;5;6
12154832,CONTROL,0,0,0,,train,0,,,,4;5;6
12154845,CONTROL,0,0,0,,train,0,,,,4;5;6
12155444,CONTROL,0,0,0,,train,0,,,,4;5;6
12158441,CONTROL,0,0,0,,train,0,,,,4;5;6
12159172,CONTROL,0,0,0,,train,0,,,,4;5;6
12164256,CONTROL,0,0,0,,train,0,,,,4;5;6
12165244,CONTROL,0,0,0,,train,0,,,,4;5;6
12166563,CONTROL,0,0,0,,train,0,,,,4;5;6
12167396,CONTROL,0,0,0,,train,0,,,,4;5;6
12168585,CONTROL,0,0,0,,train,0,,,,4;5;6
12168690,CONTROL,0,0,0,,train,0,,,,4;5;6
12169436,CONTROL,0,0,0,,train,0,,,,4;5;6
12170414,CONTROL,0,0,0,,train,0,,,,4;5;6
12204642,CONTROL,0,0,0,,train,0,,,,4;5;6
12208173,CONTROL,0,0,0,,train,0,,,,4;5;6
12208710,CONTROL,0,0,0,,train,0,,,,4;5;6
12215513,CONTROL,0,0,0,,train,0,,,,4;5;6
12218281,CONTROL,0,0,0,,train,0,,,,4;5;6
12252307,CONTROL,0,0,0,,train,0,,,,4;5;6
12253845,CONTROL,0,0,0,,train,0,,,,4;5;6
12258756,CONTROL,0,0,0,,train,0,,,,4;5;6
12266600,CONTROL,0,0,0,,train,0,,,,4;5;6
12268741,CONTROL,0,0,0,,train,0,,,,4;5;6
12268996,CONTROL,0,0,0,,train,0,,,,4;5;6
12300647,CONTROL,0,0,0,,train,0,,,,4;5;6
12301108,CONTROL,0,0,0,,train,0,,,,4;5;6
12304021,CONTROL,0,0,0,,train,0,,,,4;5;6
12304043,CONTROL,0,0,0,,train,0,,,,4;5;6
12305751,CONTROL,0,0,0,,train,0,,,,4;5;6
12305916,CONTROL,0,0,0,,train,0,,,,4;5;6
12306774,CONTROL,0,0,0,,train,0,,,,4;5;6
12306967,CONTROL,0,0,0,,train,0,,,,4;5;6
12352285,CONTROL,0,0,0,,train,0,,,,4;5;6
12355752,CONTROL,0,0,0,,train,0,,,,4;5;6
12400506,CONTROL,0,0,0,,train,0,,,,4;5;6
12402690,CONTROL,0,0,0,,train,0,,,,4;5;6
12402748,CONTROL,0,0,0,,train,0,,,,4;5;6
12403944,CONTROL,0,0,0,,train,0,,,,4;5;6
12404154,CONTROL,0,0,0,,train,0,,,,4;5;6
12404756,CONTROL,0,0,0,,train,0,,,,4;5;6
12418315,CONTROL,0,0,0,,train,0,,,,4;5;6
12455504,CONTROL,0,0,0,,train,0,,,,4;5;6
12458184,CONTROL,0,0,0,,train,0,,,,4;5;6
12469556,CONTROL,0,0,0,,train,0,,,,4;5;6
12470285,CONTROL,0,0,0,,train,0,,,,4;5;6
12471212,CONTROL,0,0,0,,train,0,,,,4;5;6
12505697,CONTROL,0,0,0,,train,0,,,,4;5;6
12506744,CONTROL,0,0,0,,train,0,,,,4;5;6
12506897,CONTROL,0,0,0,,train,0,,,,4;5;6
12507147,CONTROL,0,0,0,,train,0,,,,4;5;6
12600143,CONTROL,0,0,0,,train,0,,,,4;5;6
12600863,CONTROL,0,0,0,,train,0,,,,4;5;6
12601318,CONTROL,0,0,0,,train,0,,,,4;5;6
12644232,CONTROL,0,0,0,,train,0,,,,4;5;6
12692135,CONTROL,0,0,0,,train,0,,,,4;5;6
12734617,CONTROL,0,0,0,,train,0,,,,4;5;6
6118370,CONFIRMED,1,1,1,Kepler-1506 b,validation,1,14.0328775,138.0603,6.684,4;5;6
8261920,CONFIRMED,1,2,1,Kepler-1802 b;Kepler-1802 c,validation,1,7.72513619,176.80202,2.042,4;5;6
10525049,CONFIRMED,1,1,1,Kepler-1948 b,validation,1,15.5714121,136.58529,2.294,4;5;6
11348997,CONFIRMED,1,1,1,Kepler-1089 b,validation,1,5.132486123,132.15985,1.4575,4;5;6
12418724,CONFIRMED,1,1,1,Kepler-873 b,validation,1,20.55331441,139.5613,5.3136,4;5;6
892977,CONTROL,0,0,0,,validation,0,,,,4;5;6
1429589,CONTROL,0,0,0,,validation,0,,,,4;5;6
2304140,CONTROL,0,0,0,,validation,0,,,,4;5;6
2305596,CONTROL,0,0,0,,validation,0,,,,4;5;6
2305811,CONTROL,0,0,0,,validation,0,,,,4;5;6
2311306,CONTROL,0,0,0,,validation,0,,,,4;5;6
2424905,CONTROL,0,0,0,,validation,0,,,,4;5;6
2578184,CONTROL,0,0,0,,validation,0,,,,4;5;6
2708692,CONTROL,0,0,0,,validation,0,,,,4;5;6
2859462,CONTROL,0,0,0,,validation,0,,,,4;5;6
2860592,CONTROL,0,0,0,,validation,0,,,,4;5;6
2973532,CONTROL,0,0,0,,validation,0,,,,4;5;6
2982816,CONTROL,0,0,0,,validation,0,,,,4;5;6
2983182,CONTROL,0,0,0,,validation,0,,,,4;5;6
2991730,CONTROL,0,0,0,,validation,0,,,,4;5;6
3101194,CONTROL,0,0,0,,validation,0,,,,4;5;6
3215881,CONTROL,0,0,0,,validation,0,,,,4;5;6
3221052,CONTROL,0,0,0,,validation,0,,,,4;5;6
3221638,CONTROL,0,0,0,,validation,0,,,,4;5;6
3239487,CONTROL,0,0,0,,validation,0,,,,4;5;6
3246016,CONTROL,0,0,0,,validation,0,,,,4;5;6
3323298,CONTROL,0,0,0,,validation,0,,,,4;5;6
3325337,CONTROL,0,0,0,,validation,0,,,,4;5;6
3341389,CONTROL,0,0,0,,validation,0,,,,4;5;6
3346918,CONTROL,0,0,0,,validation,0,,,,4;5;6
3347046,CONTROL,0,0,0,,validation,0,,,,4;5;6
3355185,CONTROL,0,0,0,,validation,0,,,,4;5;6
3424384,CONTROL,0,0,0,,validation,0,,,,4;5;6
3437742,CONTROL,0,0,0,,validation,0,,,,4;5;6
3528993,CONTROL,0,0,0,,validation,0,,,,4;5;6
3530823,CONTROL,0,0,0,,validation,0,,,,4;5;6
3542575,CONTROL,0,0,0,,validation,0,,,,4;5;6
3543433,CONTROL,0,0,0,,validation,0,,,,4;5;6
3544494,CONTROL,0,0,0,,validation,0,,,,4;5;6
3548326,CONTROL,0,0,0,,validation,0,,,,4;5;6
3628896,CONTROL,0,0,0,,validation,0,,,,4;5;6
3631885,CONTROL,0,0,0,,validation,0,,,,4;5;6
3654214,CONTROL,0,0,0,,validation,0,,,,4;5;6
3660724,CONTROL,0,0,0,,validation,0,,,,4;5;6
3756792,CONTROL,0,0,0,,validation,0,,,,4;5;6
3765635,CONTROL,0,0,0,,validation,0,,,,4;5;6
3955502,CONTROL,0,0,0,,validation,0,,,,4;5;6
3966594,CONTROL,0,0,0,,validation,0,,,,4;5;6
3972467,CONTROL,0,0,0,,validation,0,,,,4;5;6
4036544,CONTROL,0,0,0,,validation,0,,,,4;5;6
4041244,CONTROL,0,0,0,,validation,0,,,,4;5;6
4041627,CONTROL,0,0,0,,validation,0,,,,4;5;6
4048783,CONTROL,0,0,0,,validation,0,,,,4;5;6
4056151,CONTROL,0,0,0,,validation,0,,,,4;5;6
4075718,CONTROL,0,0,0,,validation,0,,,,4;5;6
4156250,CONTROL,0,0,0,,validation,0,,,,4;5;6
4168640,CONTROL,0,0,0,,validation,0,,,,4;5;6
4169171,CONTROL,0,0,0,,validation,0,,,,4;5;6
4253338,CONTROL,0,0,0,,validation,0,,,,4;5;6
4270572,CONTROL,0,0,0,,validation,0,,,,4;5;6
4345134,CONTROL,0,0,0,,validation,0,,,,4;5;6
4373212,CONTROL,0,0,0,,validation,0,,,,4;5;6
4449760,CONTROL,0,0,0,,validation,0,,,,4;5;6
4457712,CONTROL,0,0,0,,validation,0,,,,4;5;6
4465522,CONTROL,0,0,0,,validation,0,,,,4;5;6
4470730,CONTROL,0,0,0,,validation,0,,,,4;5;6
4470779,CONTROL,0,0,0,,validation,0,,,,4;5;6
4555166,CONTROL,0,0,0,,validation,0,,,,4;5;6
4571838,CONTROL,0,0,0,,validation,0,,,,4;5;6
4572102,CONTROL,0,0,0,,validation,0,,,,4;5;6
4581344,CONTROL,0,0,0,,validation,0,,,,4;5;6
4643916,CONTROL,0,0,0,,validation,0,,,,4;5;6
4649252,CONTROL,0,0,0,,validation,0,,,,4;5;6
4673249,CONTROL,0,0,0,,validation,0,,,,4;5;6
4737198,CONTROL,0,0,0,,validation,0,,,,4;5;6
4737368,CONTROL,0,0,0,,validation,0,,,,4;5;6
4764422,CONTROL,0,0,0,,validation,0,,,,4;5;6
4769462,CONTROL,0,0,0,,validation,0,,,,4;5;6
4818204,CONTROL,0,0,0,,validation,0,,,,4;5;6
4843795,CONTROL,0,0,0,,validation,0,,,,4;5;6
4844951,CONTROL,0,0,0,,validation,0,,,,4;5;6
4852496,CONTROL,0,0,0,,validation,0,,,,4;5;6
4903473,CONTROL,0,0,0,,validation,0,,,,4;5;6
4904484,CONTROL,0,0,0,,validation,0,,,,4;5;6
4927834,CONTROL,0,0,0,,validation,0,,,,4;5;6
4932944,CONTROL,0,0,0,,validation,0,,,,4;5;6
4950772,CONTROL,0,0,0,,validation,0,,,,4;5;6
5018711,CONTROL,0,0,0,,validation,0,,,,4;5;6
5021665,CONTROL,0,0,0,,validation,0,,,,4;5;6
5033166,CONTROL,0,0,0,,validation,0,,,,4;5;6
5035870,CONTROL,0,0,0,,validation,0,,,,4;5;6
5039203,CONTROL,0,0,0,,validation,0,,,,4;5;6
5091246,CONTROL,0,0,0,,validation,0,,,,4;5;6
5092424,CONTROL,0,0,0,,validation,0,,,,4;5;6
5184862,CONTROL,0,0,0,,validation,0,,,,4;5;6
5200629,CONTROL,0,0,0,,validation,0,,,,4;5;6
5265774,CONTROL,0,0,0,,validation,0,,,,4;5;6
5266708,CONTROL,0,0,0,,validation,0,,,,4;5;6
5288716,CONTROL,0,0,0,,validation,0,,,,4;5;6
5300157,CONTROL,0,0,0,,validation,0,,,,4;5;6
5341131,CONTROL,0,0,0,,validation,0,,,,4;5;6
5357949,CONTROL,0,0,0,,validation,0,,,,4;5;6
5370902,CONTROL,0,0,0,,validation,0,,,,4;5;6
5374364,CONTROL,0,0,0,,validation,0,,,,4;5;6
5383821,CONTROL,0,0,0,,validation,0,,,,4;5;6
5388873,CONTROL,0,0,0,,validation,0,,,,4;5;6
5436336,CONTROL,0,0,0,,validation,0,,,,4;5;6
5437756,CONTROL,0,0,0,,validation,0,,,,4;5;6
5444281,CONTROL,0,0,0,,validation,0,,,,4;5;6
5450764,CONTROL,0,0,0,,validation,0,,,,4;5;6
5456832,CONTROL,0,0,0,,validation,0,,,,4;5;6
5459017,CONTROL,0,0,0,,validation,0,,,,4;5;6
5481419,CONTROL,0,0,0,,validation,0,,,,4;5;6
5544406,CONTROL,0,0,0,,validation,0,,,,4;5;6
5546055,CONTROL,0,0,0,,validation,0,,,,4;5;6
5557778,CONTROL,0,0,0,,validation,0,,,,4;5;6
5565054,CONTROL,0,0,0,,validation,0,,,,4;5;6
5608960,CONTROL,0,0,0,,validation,0,,,,4;5;6
5650215,CONTROL,0,0,0,,validation,0,,,,4;5;6
5695154,CONTROL,0,0,0,,validation,0,,,,4;5;6
5699086,CONTROL,0,0,0,,validation,0,,,,4;5;6
5733478,CONTROL,0,0,0,,validation,0,,,,4;5;6
5786013,CONTROL,0,0,0,,validation,0,,,,4;5;6
5857290,CONTROL,0,0,0,,validation,0,,,,4;5;6
5882158,CONTROL,0,0,0,,validation,0,,,,4;5;6
5892228,CONTROL,0,0,0,,validation,0,,,,4;5;6
5956588,CONTROL,0,0,0,,validation,0,,,,4;5;6
5959908,CONTROL,0,0,0,,validation,0,,,,4;5;6
5979770,CONTROL,0,0,0,,validation,0,,,,4;5;6
6021728,CONTROL,0,0,0,,validation,0,,,,4;5;6
6025339,CONTROL,0,0,0,,validation,0,,,,4;5;6
6034456,CONTROL,0,0,0,,validation,0,,,,4;5;6
6041684,CONTROL,0,0,0,,validation,0,,,,4;5;6
6042776,CONTROL,0,0,0,,validation,0,,,,4;5;6
6058486,CONTROL,0,0,0,,validation,0,,,,4;5;6
6060553,CONTROL,0,0,0,,validation,0,,,,4;5;6
6105180,CONTROL,0,0,0,,validation,0,,,,4;5;6
6109985,CONTROL,0,0,0,,validation,0,,,,4;5;6
6114849,CONTROL,0,0,0,,validation,0,,,,4;5;6
6116068,CONTROL,0,0,0,,validation,0,,,,4;5;6
6137988,CONTROL,0,0,0,,validation,0,,,,4;5;6
6138299,CONTROL,0,0,0,,validation,0,,,,4;5;6
6148252,CONTROL,0,0,0,,validation,0,,,,4;5;6
6205690,CONTROL,0,0,0,,validation,0,,,,4;5;6
6212708,CONTROL,0,0,0,,validation,0,,,,4;5;6
6231894,CONTROL,0,0,0,,validation,0,,,,4;5;6
6276806,CONTROL,0,0,0,,validation,0,,,,4;5;6
6288174,CONTROL,0,0,0,,validation,0,,,,4;5;6
6302282,CONTROL,0,0,0,,validation,0,,,,4;5;6
6306827,CONTROL,0,0,0,,validation,0,,,,4;5;6
6312268,CONTROL,0,0,0,,validation,0,,,,4;5;6
6344749,CONTROL,0,0,0,,validation,0,,,,4;5;6
6352685,CONTROL,0,0,0,,validation,0,,,,4;5;6
6382244,CONTROL,0,0,0,,validation,0,,,,4;5;6
6432467,CONTROL,0,0,0,,validation,0,,,,4;5;6
6438333,CONTROL,0,0,0,,validation,0,,,,4;5;6
6442916,CONTROL,0,0,0,,validation,0,,,,4;5;6
6504251,CONTROL,0,0,0,,validation,0,,,,4;5;6
6520395,CONTROL,0,0,0,,validation,0,,,,4;5;6
6584424,CONTROL,0,0,0,,validation,0,,,,4;5;6
6590959,CONTROL,0,0,0,,validation,0,,,,4;5;6
6593672,CONTROL,0,0,0,,validation,0,,,,4;5;6
6611653,CONTROL,0,0,0,,validation,0,,,,4;5;6
6612264,CONTROL,0,0,0,,validation,0,,,,4;5;6
6619607,CONTROL,0,0,0,,validation,0,,,,4;5;6
6620223,CONTROL,0,0,0,,validation,0,,,,4;5;6
6629216,CONTROL,0,0,0,,validation,0,,,,4;5;6
6633707,CONTROL,0,0,0,,validation,0,,,,4;5;6
6676643,CONTROL,0,0,0,,validation,0,,,,4;5;6
6691234,CONTROL,0,0,0,,validation,0,,,,4;5;6
6698403,CONTROL,0,0,0,,validation,0,,,,4;5;6
6699441,CONTROL,0,0,0,,validation,0,,,,4;5;6
6700975,CONTROL,0,0,0,,validation,0,,,,4;5;6
6751411,CONTROL,0,0,0,,validation,0,,,,4;5;6
6756058,CONTROL,0,0,0,,validation,0,,,,4;5;6
6763092,CONTROL,0,0,0,,validation,0,,,,4;5;6
6782996,CONTROL,0,0,0,,validation,0,,,,4;5;6
6793179,CONTROL,0,0,0,,validation,0,,,,4;5;6
6794119,CONTROL,0,0,0,,validation,0,,,,4;5;6
6861416,CONTROL,0,0,0,,validation,0,,,,4;5;6
6866192,CONTROL,0,0,0,,validation,0,,,,4;5;6
6878967,CONTROL,0,0,0,,validation,0,,,,4;5;6
6931843,CONTROL,0,0,0,,validation,0,,,,4;5;6
6951397,CONTROL,0,0,0,,validation,0,,,,4;5;6
6953758,CONTROL,0,0,0,,validation,0,,,,4;5;6
6954914,CONTROL,0,0,0,,validation,0,,,,4;5;6
7017676,CONTROL,0,0,0,,validation,0,,,,4;5;6
7061043,CONTROL,0,0,0,,validation,0,,,,4;5;6
7093428,CONTROL,0,0,0,,validation,0,,,,4;5;6
7102091,CONTROL,0,0,0,,validation,0,,,,4;5;6
7128904,CONTROL,0,0,0,,validation,0,,,,4;5;6
7177153,CONTROL,0,0,0,,validation,0,,,,4;5;6
7186542,CONTROL,0,0,0,,validation,0,,,,4;5;6
7187146,CONTROL,0,0,0,,validation,0,,,,4;5;6
7202678,CONTROL,0,0,0,,validation,0,,,,4;5;6
7217389,CONTROL,0,0,0,,validation,0,,,,4;5;6
7267705,CONTROL,0,0,0,,validation,0,,,,4;5;6
7286494,CONTROL,0,0,0,,validation,0,,,,4;5;6
7353208,CONTROL,0,0,0,,validation,0,,,,4;5;6
7384900,CONTROL,0,0,0,,validation,0,,,,4;5;6
7422281,CONTROL,0,0,0,,validation,0,,,,4;5;6
7446955,CONTROL,0,0,0,,validation,0,,,,4;5;6
7517852,CONTROL,0,0,0,,validation,0,,,,4;5;6
7521850,CONTROL,0,0,0,,validation,0,,,,4;5;6
7532353,CONTROL,0,0,0,,validation,0,,,,4;5;6
7586384,CONTROL,0,0,0,,validation,0,,,,4;5;6
7595124,CONTROL,0,0,0,,validation,0,,,,4;5;6
7602502,CONTROL,0,0,0,,validation,0,,,,4;5;6
7619946,CONTROL,0,0,0,,validation,0,,,,4;5;6
7620468,CONTROL,0,0,0,,validation,0,,,,4;5;6
7660181,CONTROL,0,0,0,,validation,0,,,,4;5;6
7661080,CONTROL,0,0,0,,validation,0,,,,4;5;6
7676383,CONTROL,0,0,0,,validation,0,,,,4;5;6
7687793,CONTROL,0,0,0,,validation,0,,,,4;5;6
7728814,CONTROL,0,0,0,,validation,0,,,,4;5;6
7734893,CONTROL,0,0,0,,validation,0,,,,4;5;6
7740120,CONTROL,0,0,0,,validation,0,,,,4;5;6
7799843,CONTROL,0,0,0,,validation,0,,,,4;5;6
7805978,CONTROL,0,0,0,,validation,0,,,,4;5;6
7837196,CONTROL,0,0,0,,validation,0,,,,4;5;6
7838423,CONTROL,0,0,0,,validation,0,,,,4;5;6
7840840,CONTROL,0,0,0,,validation,0,,,,4;5;6
7842007,CONTROL,0,0,0,,validation,0,,,,4;5;6
7871346,CONTROL,0,0,0,,validation,0,,,,4;5;6
7872719,CONTROL,0,0,0,,validation,0,,,,4;5;6
7905114,CONTROL,0,0,0,,validation,0,,,,4;5;6
7914531,CONTROL,0,0,0,,validation,0,,,,4;5;6
7958968,CONTROL,0,0,0,,validation,0,,,,4;5;6
8007426,CONTROL,0,0,0,,validation,0,,,,4;5;6
8009192,CONTROL,0,0,0,,validation,0,,,,4;5;6
8039726,CONTROL,0,0,0,,validation,0,,,,4;5;6
8040308,CONTROL,0,0,0,,validation,0,,,,4;5;6
8042729,CONTROL,0,0,0,,validation,0,,,,4;5;6
8073939,CONTROL,0,0,0,,validation,0,,,,4;5;6
8113588,CONTROL,0,0,0,,validation,0,,,,4;5;6
8129588,CONTROL,0,0,0,,validation,0,,,,4;5;6
8149133,CONTROL,0,0,0,,validation,0,,,,4;5;6
8160916,CONTROL,0,0,0,,validation,0,,,,4;5;6
8168651,CONTROL,0,0,0,,validation,0,,,,4;5;6
8218805,CONTROL,0,0,0,,validation,0,,,,4;5;6
8230760,CONTROL,0,0,0,,validation,0,,,,4;5;6
8256818,CONTROL,0,0,0,,validation,0,,,,4;5;6
8262360,CONTROL,0,0,0,,validation,0,,,,4;5;6
8262619,CONTROL,0,0,0,,validation,0,,,,4;5;6
8283041,CONTROL,0,0,0,,validation,0,,,,4;5;6
8293982,CONTROL,0,0,0,,validation,0,,,,4;5;6
8376400,CONTROL,0,0,0,,validation,0,,,,4;5;6
8377135,CONTROL,0,0,0,,validation,0,,,,4;5;6
8395371,CONTROL,0,0,0,,validation,0,,,,4;5;6
8415771,CONTROL,0,0,0,,validation,0,,,,4;5;6
8418062,CONTROL,0,0,0,,validation,0,,,,4;5;6
8446885,CONTROL,0,0,0,,validation,0,,,,4;5;6
8458220,CONTROL,0,0,0,,validation,0,,,,4;5;6
8544968,CONTROL,0,0,0,,validation,0,,,,4;5;6
8551740,CONTROL,0,0,0,,validation,0,,,,4;5;6
8558530,CONTROL,0,0,0,,validation,0,,,,4;5;6
8561340,CONTROL,0,0,0,,validation,0,,,,4;5;6
8573543,CONTROL,0,0,0,,validation,0,,,,4;5;6
8609558,CONTROL,0,0,0,,validation,0,,,,4;5;6
8610288,CONTROL,0,0,0,,validation,0,,,,4;5;6
8618800,CONTROL,0,0,0,,validation,0,,,,4;5;6
8619745,CONTROL,0,0,0,,validation,0,,,,4;5;6
8629272,CONTROL,0,0,0,,validation,0,,,,4;5;6
8631549,CONTROL,0,0,0,,validation,0,,,,4;5;6
8638263,CONTROL,0,0,0,,validation,0,,,,4;5;6
8648321,CONTROL,0,0,0,,validation,0,,,,4;5;6
8681537,CONTROL,0,0,0,,validation,0,,,,4;5;6
8682552,CONTROL,0,0,0,,validation,0,,,,4;5;6
8690415,CONTROL,0,0,0,,validation,0,,,,4;5;6
8743131,CONTROL,0,0,0,,validation,0,,,,4;5;6
8749608,CONTROL,0,0,0,,validation,0,,,,4;5;6
8805343,CONTROL,0,0,0,,validation,0,,,,4;5;6
8813847,CONTROL,0,0,0,,validation,0,,,,4;5;6
8821904,CONTROL,0,0,0,,validation,0,,,,4;5;6
8867382,CONTROL,0,0,0,,validation,0,,,,4;5;6
8880819,CONTROL,0,0,0,,validation,0,,,,4;5;6
8895143,CONTROL,0,0,0,,validation,0,,,,4;5;6
8914062,CONTROL,0,0,0,,validation,0,,,,4;5;6
8933152,CONTROL,0,0,0,,validation,0,,,,4;5;6
8951814,CONTROL,0,0,0,,validation,0,,,,4;5;6
9003692,CONTROL,0,0,0,,validation,0,,,,4;5;6
9006054,CONTROL,0,0,0,,validation,0,,,,4;5;6
9006796,CONTROL,0,0,0,,validation,0,,,,4;5;6
9016322,CONTROL,0,0,0,,validation,0,,,,4;5;6
9016417,CONTROL,0,0,0,,validation,0,,,,4;5;6
9017489,CONTROL,0,0,0,,validation,0,,,,4;5;6
9020488,CONTROL,0,0,0,,validation,0,,,,4;5;6
9025444,CONTROL,0,0,0,,validation,0,,,,4;5;6
9101627,CONTROL,0,0,0,,validation,0,,,,4;5;6
9108743,CONTROL,0,0,0,,validation,0,,,,4;5;6
9156709,CONTROL,0,0,0,,validation,0,,,,4;5;6
9204871,CONTROL,0,0,0,,validation,0,,,,4;5;6
9222073,CONTROL,0,0,0,,validation,0,,,,4;5;6
9222911,CONTROL,0,0,0,,validation,0,,,,4;5;6
9243981,CONTROL,0,0,0,,validation,0,,,,4;5;6
9329114,CONTROL,0,0,0,,validation,0,,,,4;5;6
9330853,CONTROL,0,0,0,,validation,0,,,,4;5;6
9350876,CONTROL,0,0,0,,validation,0,,,,4;5;6
9367431,CONTROL,0,0,0,,validation,0,,,,4;5;6
9397805,CONTROL,0,0,0,,validation,0,,,,4;5;6
9398452,CONTROL,0,0,0,,validation,0,,,,4;5;6
9398495,CONTROL,0,0,0,,validation,0,,,,4;5;6
9411130,CONTROL,0,0,0,,validation,0,,,,4;5;6
9430039,CONTROL,0,0,0,,validation,0,,,,4;5;6
9447323,CONTROL,0,0,0,,validation,0,,,,4;5;6
9451741,CONTROL,0,0,0,,validation,0,,,,4;5;6
9458652,CONTROL,0,0,0,,validation,0,,,,4;5;6
9469368,CONTROL,0,0,0,,validation,0,,,,4;5;6
9471473,CONTROL,0,0,0,,validation,0,,,,4;5;6
9508405,CONTROL,0,0,0,,validation,0,,,,4;5;6
9508922,CONTROL,0,0,0,,validation,0,,,,4;5;6
9539413,CONTROL,0,0,0,,validation,0,,,,4;5;6
9550612,CONTROL,0,0,0,,validation,0,,,,4;5;6
9577862,CONTROL,0,0,0,,validation,0,,,,4;5;6
9583249,CONTROL,0,0,0,,validation,0,,,,4;5;6
9594565,CONTROL,0,0,0,,validation,0,,,,4;5;6
9595844,CONTROL,0,0,0,,validation,0,,,,4;5;6
9636127,CONTROL,0,0,0,,validation,0,,,,4;5;6
9636446,CONTROL,0,0,0,,validation,0,,,,4;5;6
9640547,CONTROL,0,0,0,,validation,0,,,,4;5;6
9643499,CONTROL,0,0,0,,validation,0,,,,4;5;6
9655573,CONTROL,0,0,0,,validation,0,,,,4;5;6
9656922,CONTROL,0,0,0,,validation,0,,,,4;5;6
9662041,CONTROL,0,0,0,,validation,0,,,,4;5;6
9664374,CONTROL,0,0,0,,validation,0,,,,4;5;6
9697454,CONTROL,0,0,0,,validation,0,,,,4;5;6
9700730,CONTROL,0,0,0,,validation,0,,,,4;5;6
9705028,CONTROL,0,0,0,,validation,0,,,,4;5;6
9713837,CONTROL,0,0,0,,validation,0,,,,4;5;6
9714978,CONTROL,0,0,0,,validation,0,,,,4;5;6
9717013,CONTROL,0,0,0,,validation,0,,,,4;5;6
9719768,CONTROL,0,0,0,,validation,0,,,,4;5;6
9774293,CONTROL,0,0,0,,validation,0,,,,4;5;6
9785533,CONTROL,0,0,0,,validation,0,,,,4;5;6
9786609,CONTROL,0,0,0,,validation,0,,,,4;5;6
9787168,CONTROL,0,0,0,,validation,0,,,,4;5;6
9873628,CONTROL,0,0,0,,validation,0,,,,4;5;6
9874649,CONTROL,0,0,0,,validation,0,,,,4;5;6
9884319,CONTROL,0,0,0,,validation,0,,,,4;5;6
9886979,CONTROL,0,0,0,,validation,0,,,,4;5;6
9896105,CONTROL,0,0,0,,validation,0,,,,4;5;6
9897860,CONTROL,0,0,0,,validation,0,,,,4;5;6
9935245,CONTROL,0,0,0,,validation,0,,,,4;5;6
9955251,CONTROL,0,0,0,,validation,0,,,,4;5;6
9959780,CONTROL,0,0,0,,validation,0,,,,4;5;6
9963873,CONTROL,0,0,0,,validation,0,,,,4;5;6
10001013,CONTROL,0,0,0,,validation,0,,,,4;5;6
10004332,CONTROL,0,0,0,,validation,0,,,,4;5;6
10031670,CONTROL,0,0,0,,validation,0,,,,4;5;6
10032516,CONTROL,0,0,0,,validation,0,,,,4;5;6
10053344,CONTROL,0,0,0,,validation,0,,,,4;5;6
10055516,CONTROL,0,0,0,,validation,0,,,,4;5;6
10095826,CONTROL,0,0,0,,validation,0,,,,4;5;6
10128886,CONTROL,0,0,0,,validation,0,,,,4;5;6
10139620,CONTROL,0,0,0,,validation,0,,,,4;5;6
10148651,CONTROL,0,0,0,,validation,0,,,,4;5;6
10156901,CONTROL,0,0,0,,validation,0,,,,4;5;6
10197090,CONTROL,0,0,0,,validation,0,,,,4;5;6
10214883,CONTROL,0,0,0,,validation,0,,,,4;5;6
10232364,CONTROL,0,0,0,,validation,0,,,,4;5;6
10272141,CONTROL,0,0,0,,validation,0,,,,4;5;6
10273894,CONTROL,0,0,0,,validation,0,,,,4;5;6
10347260,CONTROL,0,0,0,,validation,0,,,,4;5;6
10355303,CONTROL,0,0,0,,validation,0,,,,4;5;6
10406074,CONTROL,0,0,0,,validation,0,,,,4;5;6
10406398,CONTROL,0,0,0,,validation,0,,,,4;5;6
10416108,CONTROL,0,0,0,,validation,0,,,,4;5;6
10456828,CONTROL,0,0,0,,validation,0,,,,4;5;6
10471627,CONTROL,0,0,0,,validation,0,,,,4;5;6
10482897,CONTROL,0,0,0,,validation,0,,,,4;5;6
10484558,CONTROL,0,0,0,,validation,0,,,,4;5;6
10489718,CONTROL,0,0,0,,validation,0,,,,4;5;6
10536458,CONTROL,0,0,0,,validation,0,,,,4;5;6
10585645,CONTROL,0,0,0,,validation,0,,,,4;5;6
10587070,CONTROL,0,0,0,,validation,0,,,,4;5;6
10594194,CONTROL,0,0,0,,validation,0,,,,4;5;6
10613213,CONTROL,0,0,0,,validation,0,,,,4;5;6
10613426,CONTROL,0,0,0,,validation,0,,,,4;5;6
10614852,CONTROL,0,0,0,,validation,0,,,,4;5;6
10646023,CONTROL,0,0,0,,validation,0,,,,4;5;6
10667811,CONTROL,0,0,0,,validation,0,,,,4;5;6
10680475,CONTROL,0,0,0,,validation,0,,,,4;5;6
10716556,CONTROL,0,0,0,,validation,0,,,,4;5;6
10744071,CONTROL,0,0,0,,validation,0,,,,4;5;6
10744149,CONTROL,0,0,0,,validation,0,,,,4;5;6
10778380,CONTROL,0,0,0,,validation,0,,,,4;5;6
10798010,CONTROL,0,0,0,,validation,0,,,,4;5;6
10802873,CONTROL,0,0,0,,validation,0,,,,4;5;6
10853762,CONTROL,0,0,0,,validation,0,,,,4;5;6
10861961,CONTROL,0,0,0,,validation,0,,,,4;5;6
10865759,CONTROL,0,0,0,,validation,0,,,,4;5;6
10865801,CONTROL,0,0,0,,validation,0,,,,4;5;6
10874613,CONTROL,0,0,0,,validation,0,,,,4;5;6
10960568,CONTROL,0,0,0,,validation,0,,,,4;5;6
10961401,CONTROL,0,0,0,,validation,0,,,,4;5;6
11027938,CONTROL,0,0,0,,validation,0,,,,4;5;6
11045728,CONTROL,0,0,0,,validation,0,,,,4;5;6
11068350,CONTROL,0,0,0,,validation,0,,,,4;5;6
11090395,CONTROL,0,0,0,,validation,0,,,,4;5;6
11122461,CONTROL,0,0,0,,validation,0,,,,4;5;6
11129139,CONTROL,0,0,0,,validation,0,,,,4;5;6
11151688,CONTROL,0,0,0,,validation,0,,,,4;5;6
11176052,CONTROL,0,0,0,,validation,0,,,,4;5;6
11198011,CONTROL,0,0,0,,validation,0,,,,4;5;6
11234317,CONTROL,0,0,0,,validation,0,,,,4;5;6
11241419,CONTROL,0,0,0,,validation,0,,,,4;5;6
11287855,CONTROL,0,0,0,,validation,0,,,,4;5;6
11305408,CONTROL,0,0,0,,validation,0,,,,4;5;6
11340204,CONTROL,0,0,0,,validation,0,,,,4;5;6
11341266,CONTROL,0,0,0,,validation,0,,,,4;5;6
11395117,CONTROL,0,0,0,,validation,0,,,,4;5;6
11397675,CONTROL,0,0,0,,validation,0,,,,4;5;6
11411791,CONTROL,0,0,0,,validation,0,,,,4;5;6
11467509,CONTROL,0,0,0,,validation,0,,,,4;5;6
11498109,CONTROL,0,0,0,,validation,0,,,,4;5;6
11502460,CONTROL,0,0,0,,validation,0,,,,4;5;6
11507107,CONTROL,0,0,0,,validation,0,,,,4;5;6
11509531,CONTROL,0,0,0,,validation,0,,,,4;5;6
11515669,CONTROL,0,0,0,,validation,0,,,,4;5;6
11550989,CONTROL,0,0,0,,validation,0,,,,4;5;6
11570565,CONTROL,0,0,0,,validation,0,,,,4;5;6
11611529,CONTROL,0,0,0,,validation,0,,,,4;5;6
11649411,CONTROL,0,0,0,,validation,0,,,,4;5;6
11667181,CONTROL,0,0,0,,validation,0,,,,4;5;6
11701712,CONTROL,0,0,0,,validation,0,,,,4;5;6
11719965,CONTROL,0,0,0,,validation,0,,,,4;5;6
11721978,CONTROL,0,0,0,,validation,0,,,,4;5;6
11751378,CONTROL,0,0,0,,validation,0,,,,4;5;6
11754372,CONTROL,0,0,0,,validation,0,,,,4;5;6
11755114,CONTROL,0,0,0,,validation,0,,,,4;5;6
11855777,CONTROL,0,0,0,,validation,0,,,,4;5;6
11911823,CONTROL,0,0,0,,validation,0,,,,4;5;6
12003924,CONTROL,0,0,0,,validation,0,,,,4;5;6
12008308,CONTROL,0,0,0,,validation,0,,,,4;5;6
12011206,CONTROL,0,0,0,,validation,0,,,,4;5;6
12022038,CONTROL,0,0,0,,validation,0,,,,4;5;6
12067286,CONTROL,0,0,0,,validation,0,,,,4;5;6
12073354,CONTROL,0,0,0,,validation,0,,,,4;5;6
12110252,CONTROL,0,0,0,,validation,0,,,,4;5;6
12120423,CONTROL,0,0,0,,validation,0,,,,4;5;6
12204153,CONTROL,0,0,0,,validation,0,,,,4;5;6
12253397,CONTROL,0,0,0,,validation,0,,,,4;5;6
12255339,CONTROL,0,0,0,,validation,0,,,,4;5;6
12267364,CONTROL,0,0,0,,validation,0,,,,4;5;6
12351054,CONTROL,0,0,0,,validation,0,,,,4;5;6
12365462,CONTROL,0,0,0,,validation,0,,,,4;5;6
12453413,CONTROL,0,0,0,,validation,0,,,,4;5;6
12506147,CONTROL,0,0,0,,validation,0,,,,4;5;6
12602306,CONTROL,0,0,0,,validation,0,,,,4;5;6
12643621,CONTROL,0,0,0,,validation,0,,,,4;5;6
